{
  "id": "https://schema.management.azure.com/schemas/2016-02-01-preview/Microsoft.CognitiveServices.json#",
  "$schema": "http://json-schema.org/draft-04/schema#",
  "title": "Microsoft.CognitiveServices",
  "description": "Microsoft CognitiveServices Resource Types",
  "resourceDefinitions": {
    "accounts": {
      "type": "object",
      "properties": {
        "apiVersion": {
          "type": "string",
          "enum": [
            "2016-02-01-preview"
          ]
        },
        "kind": {
          "oneOf": [
            {
              "type": "string",
              "enum": [
                "Academic",
                "Bing.Autosuggest",
                "Bing.Search",
                "Bing.Speech",
                "Bing.SpellCheck",
                "ComputerVision",
                "ContentModerator",
                "Emotion",
                "Face",
                "LUIS",
                "Recommendations",
                "SpeakerRecognition",
                "Speech",
                "SpeechTranslation",
                "TextAnalytics",
                "TextTranslation",
                "WebLM"
              ]
            },
            {
              "$ref": "https://schema.management.azure.com/schemas/common/definitions.json#/definitions/expression"
            }
          ],
          "description": "Required. Indicates the type of cognitive service account."
        },
        "location": {
          "type": "string",
          "description": "Required. Gets or sets the location of the resource. This will be one of the supported and registered Azure Geo Regions (e.g. West US, East US, Southeast Asia, etc.). The geo region of a resource cannot be changed once it is created, but if an identical geo region is specified on update the request will succeed."
        },
        "name": {
          "oneOf": [
            {
              "type": "string",
              "pattern": "^[a-zA-Z0-9][a-zA-Z0-9_.-]*$",
              "minLength": 3,
              "maxLength": 24
            },
            {
              "$ref": "https://schema.management.azure.com/schemas/common/definitions.json#/definitions/expression"
            }
          ],
          "description": "The name of the cognitive services account within the specified resource group. Cognitive Services account names must be between 3 and 24 characters in length and use numbers and lower-case letters only."
        },
        "properties": {
          "type": "object",
          "properties": {},
          "description": "required empty properties object. Must be an empty object, and must exist in the request."
        },
        "sku": {
          "oneOf": [
            {
              "$ref": "#/definitions/Sku"
            },
            {
              "$ref": "https://schema.management.azure.com/schemas/common/definitions.json#/definitions/expression"
            }
          ],
          "description": "The SKU of the cognitive services account."
        },
        "tags": {
          "oneOf": [
            {
              "type": "object",
              "additionalProperties": {
                "type": "string"
              },
              "properties": {}
            },
            {
              "$ref": "https://schema.management.azure.com/schemas/common/definitions.json#/definitions/expression"
            }
          ],
          "description": "Gets or sets a list of key value pairs that describe the resource. These tags can be used in viewing and grouping this resource (across resource groups). A maximum of 15 tags can be provided for a resource. Each tag must have a key no greater than 128 characters and value no greater than 256 characters."
        },
        "type": {
          "type": "string",
          "enum": [
            "Microsoft.CognitiveServices/accounts"
          ]
        }
      },
      "required": [
        "apiVersion",
        "kind",
        "location",
        "name",
        "properties",
        "sku",
        "type"
      ],
      "description": "Microsoft.CognitiveServices/accounts"
    }
  },
  "definitions": {
    "Sku": {
      "type": "object",
      "properties": {
        "name": {
          "oneOf": [
            {
              "type": "string",
              "enum": [
                "F0",
                "P0",
                "P1",
                "P2",
                "S0",
                "S1",
                "S2",
                "S3",
                "S4",
                "S5",
                "S6"
              ]
            },
            {
              "$ref": "https://schema.management.azure.com/schemas/common/definitions.json#/definitions/expression"
            }
          ],
          "description": "Gets or sets the sku name. Required for account creation, optional for update."
        }
      },
      "required": [
        "name"
      ],
      "description": "The SKU of the cognitive services account."
    }
  }
}