{
  "id": "https://schema.management.azure.com/schemas/2018-09-01/Microsoft.Insights.json#",
  "$schema": "http://json-schema.org/draft-04/schema#",
  "title": "microsoft.insights",
  "description": "microsoft insights Resource Types",
  "resourceDefinitions": {
    "actionGroups": {
      "type": "object",
      "properties": {
        "apiVersion": {
          "type": "string",
          "enum": [
            "2018-09-01"
          ]
        },
        "location": {
          "type": "string",
          "description": "Resource location"
        },
        "name": {
          "type": "string",
          "description": "The name of the action group."
        },
        "properties": {
          "oneOf": [
            {
              "$ref": "#/definitions/ActionGroup"
            },
            {
              "$ref": "https://schema.management.azure.com/schemas/common/definitions.json#/definitions/expression"
            }
          ],
          "description": "An Azure action group."
        },
        "tags": {
          "oneOf": [
            {
              "type": "object",
              "additionalProperties": {
                "type": "string"
              },
              "properties": {}
            },
            {
              "$ref": "https://schema.management.azure.com/schemas/common/definitions.json#/definitions/expression"
            }
          ],
          "description": "Resource tags"
        },
        "type": {
          "type": "string",
          "enum": [
            "microsoft.insights/actionGroups"
          ]
        }
      },
      "required": [
        "apiVersion",
        "location",
        "name",
        "properties",
        "type"
      ],
      "description": "microsoft.insights/actionGroups"
    }
  },
  "definitions": {
    "ActionGroup": {
      "type": "object",
      "properties": {
        "armRoleReceivers": {
          "oneOf": [
            {
              "type": "array",
              "items": {
                "$ref": "#/definitions/ArmRoleReceiver"
              }
            },
            {
              "$ref": "https://schema.management.azure.com/schemas/common/definitions.json#/definitions/expression"
            }
          ],
          "description": "The list of ARM role receivers that are part of this action group. Roles are Azure RBAC roles and only built-in roles are supported."
        },
        "automationRunbookReceivers": {
          "oneOf": [
            {
              "type": "array",
              "items": {
                "$ref": "#/definitions/AutomationRunbookReceiver"
              }
            },
            {
              "$ref": "https://schema.management.azure.com/schemas/common/definitions.json#/definitions/expression"
            }
          ],
          "description": "The list of AutomationRunbook receivers that are part of this action group."
        },
        "azureAppPushReceivers": {
          "oneOf": [
            {
              "type": "array",
              "items": {
                "$ref": "#/definitions/AzureAppPushReceiver"
              }
            },
            {
              "$ref": "https://schema.management.azure.com/schemas/common/definitions.json#/definitions/expression"
            }
          ],
          "description": "The list of AzureAppPush receivers that are part of this action group."
        },
        "azureFunctionReceivers": {
          "oneOf": [
            {
              "type": "array",
              "items": {
                "$ref": "#/definitions/AzureFunctionReceiver"
              }
            },
            {
              "$ref": "https://schema.management.azure.com/schemas/common/definitions.json#/definitions/expression"
            }
          ],
          "description": "The list of azure function receivers that are part of this action group."
        },
        "emailReceivers": {
          "oneOf": [
            {
              "type": "array",
              "items": {
                "$ref": "#/definitions/EmailReceiver"
              }
            },
            {
              "$ref": "https://schema.management.azure.com/schemas/common/definitions.json#/definitions/expression"
            }
          ],
          "description": "The list of email receivers that are part of this action group."
        },
        "enabled": {
          "oneOf": [
            {
              "type": "boolean",
              "default": true
            },
            {
              "$ref": "https://schema.management.azure.com/schemas/common/definitions.json#/definitions/expression"
            }
          ],
          "description": "Indicates whether this action group is enabled. If an action group is not enabled, then none of its receivers will receive communications."
        },
        "groupShortName": {
          "type": "string",
          "maxLength": 12,
          "description": "The short name of the action group. This will be used in SMS messages."
        },
        "itsmReceivers": {
          "oneOf": [
            {
              "type": "array",
              "items": {
                "$ref": "#/definitions/ItsmReceiver"
              }
            },
            {
              "$ref": "https://schema.management.azure.com/schemas/common/definitions.json#/definitions/expression"
            }
          ],
          "description": "The list of ITSM receivers that are part of this action group."
        },
        "logicAppReceivers": {
          "oneOf": [
            {
              "type": "array",
              "items": {
                "$ref": "#/definitions/LogicAppReceiver"
              }
            },
            {
              "$ref": "https://schema.management.azure.com/schemas/common/definitions.json#/definitions/expression"
            }
          ],
          "description": "The list of logic app receivers that are part of this action group."
        },
        "smsReceivers": {
          "oneOf": [
            {
              "type": "array",
              "items": {
                "$ref": "#/definitions/SmsReceiver"
              }
            },
            {
              "$ref": "https://schema.management.azure.com/schemas/common/definitions.json#/definitions/expression"
            }
          ],
          "description": "The list of SMS receivers that are part of this action group."
        },
        "voiceReceivers": {
          "oneOf": [
            {
              "type": "array",
              "items": {
                "$ref": "#/definitions/VoiceReceiver"
              }
            },
            {
              "$ref": "https://schema.management.azure.com/schemas/common/definitions.json#/definitions/expression"
            }
          ],
          "description": "The list of voice receivers that are part of this action group."
        },
        "webhookReceivers": {
          "oneOf": [
            {
              "type": "array",
              "items": {
                "$ref": "#/definitions/WebhookReceiver"
              }
            },
            {
              "$ref": "https://schema.management.azure.com/schemas/common/definitions.json#/definitions/expression"
            }
          ],
          "description": "The list of webhook receivers that are part of this action group."
        }
      },
      "required": [
        "enabled",
        "groupShortName"
      ],
      "description": "An Azure action group."
    },
    "ArmRoleReceiver": {
      "type": "object",
      "properties": {
        "name": {
          "type": "string",
          "description": "The name of the arm role receiver. Names must be unique across all receivers within an action group."
        },
        "roleId": {
          "type": "string",
          "description": "The arm role id."
        }
      },
      "required": [
        "name",
        "roleId"
      ],
      "description": "An arm role receiver."
    },
    "AutomationRunbookReceiver": {
      "type": "object",
      "properties": {
        "automationAccountId": {
          "type": "string",
          "description": "The Azure automation account Id which holds this runbook and authenticate to Azure resource."
        },
        "isGlobalRunbook": {
          "oneOf": [
            {
              "type": "boolean"
            },
            {
              "$ref": "https://schema.management.azure.com/schemas/common/definitions.json#/definitions/expression"
            }
          ],
          "description": "Indicates whether this instance is global runbook."
        },
        "name": {
          "type": "string",
          "description": "Indicates name of the webhook."
        },
        "runbookName": {
          "type": "string",
          "description": "The name for this runbook."
        },
        "serviceUri": {
          "type": "string",
          "description": "The URI where webhooks should be sent."
        },
        "webhookResourceId": {
          "type": "string",
          "description": "The resource id for webhook linked to this runbook."
        }
      },
      "required": [
        "automationAccountId",
        "isGlobalRunbook",
        "runbookName",
        "webhookResourceId"
      ],
      "description": "The Azure Automation Runbook notification receiver."
    },
    "AzureAppPushReceiver": {
      "type": "object",
      "properties": {
        "emailAddress": {
          "type": "string",
          "description": "The email address registered for the Azure mobile app."
        },
        "name": {
          "type": "string",
          "description": "The name of the Azure mobile app push receiver. Names must be unique across all receivers within an action group."
        }
      },
      "required": [
        "emailAddress",
        "name"
      ],
      "description": "The Azure mobile App push notification receiver."
    },
    "AzureFunctionReceiver": {
      "type": "object",
      "properties": {
        "functionAppResourceId": {
          "type": "string",
          "description": "The azure resource id of the function app."
        },
        "functionName": {
          "type": "string",
          "description": "The function name in the function app."
        },
        "httpTriggerUrl": {
          "type": "string",
          "description": "The http trigger url where http request sent to."
        },
        "name": {
          "type": "string",
          "description": "The name of the azure function receiver. Names must be unique across all receivers within an action group."
        }
      },
      "required": [
        "functionAppResourceId",
        "functionName",
        "httpTriggerUrl",
        "name"
      ],
      "description": "An azure function receiver."
    },
    "EmailReceiver": {
      "type": "object",
      "properties": {
        "emailAddress": {
          "type": "string",
          "description": "The email address of this receiver."
        },
        "name": {
          "type": "string",
          "description": "The name of the email receiver. Names must be unique across all receivers within an action group."
        }
      },
      "required": [
        "emailAddress",
        "name"
      ],
      "description": "An email receiver."
    },
    "ItsmReceiver": {
      "type": "object",
      "properties": {
        "connectionId": {
          "type": "string",
          "description": "Unique identification of ITSM connection among multiple defined in above workspace."
        },
        "name": {
          "type": "string",
          "description": "The name of the Itsm receiver. Names must be unique across all receivers within an action group."
        },
        "region": {
          "type": "string",
          "description": "Region in which workspace resides. Supported values:'centralindia','japaneast','southeastasia','australiasoutheast','uksouth','westcentralus','canadacentral','eastus','westeurope'"
        },
        "ticketConfiguration": {
          "type": "string",
          "description": "JSON blob for the configurations of the ITSM action. CreateMultipleWorkItems option will be part of this blob as well."
        },
        "workspaceId": {
          "type": "string",
          "description": "OMS LA instance identifier."
        }
      },
      "required": [
        "connectionId",
        "name",
        "region",
        "ticketConfiguration",
        "workspaceId"
      ],
      "description": "An Itsm receiver."
    },
    "LogicAppReceiver": {
      "type": "object",
      "properties": {
        "callbackUrl": {
          "type": "string",
          "description": "The callback url where http request sent to."
        },
        "name": {
          "type": "string",
          "description": "The name of the logic app receiver. Names must be unique across all receivers within an action group."
        },
        "resourceId": {
          "type": "string",
          "description": "The azure resource id of the logic app receiver."
        }
      },
      "required": [
        "callbackUrl",
        "name",
        "resourceId"
      ],
      "description": "A logic app receiver."
    },
    "SmsReceiver": {
      "type": "object",
      "properties": {
        "countryCode": {
          "type": "string",
          "description": "The country code of the SMS receiver."
        },
        "name": {
          "type": "string",
          "description": "The name of the SMS receiver. Names must be unique across all receivers within an action group."
        },
        "phoneNumber": {
          "type": "string",
          "description": "The phone number of the SMS receiver."
        }
      },
      "required": [
        "countryCode",
        "name",
        "phoneNumber"
      ],
      "description": "An SMS receiver."
    },
    "VoiceReceiver": {
      "type": "object",
      "properties": {
        "countryCode": {
          "type": "string",
          "description": "The country code of the voice receiver."
        },
        "name": {
          "type": "string",
          "description": "The name of the voice receiver. Names must be unique across all receivers within an action group."
        },
        "phoneNumber": {
          "type": "string",
          "description": "The phone number of the voice receiver."
        }
      },
      "required": [
        "countryCode",
        "name",
        "phoneNumber"
      ],
      "description": "A voice receiver."
    },
    "WebhookReceiver": {
      "type": "object",
      "properties": {
        "name": {
          "type": "string",
          "description": "The name of the webhook receiver. Names must be unique across all receivers within an action group."
        },
        "serviceUri": {
          "type": "string",
          "description": "The URI where webhooks should be sent."
        }
      },
      "required": [
        "name",
        "serviceUri"
      ],
      "description": "A webhook receiver."
    }
  }
}