{
  "id": "https://schema.management.azure.com/schemas/2014-04-01/Microsoft.Sql.json#",
  "$schema": "http://json-schema.org/draft-04/schema#",
  "title": "Microsoft.Sql",
  "description": "Microsoft Sql Resource Types",
  "resourceDefinitions": {
    "servers": {
      "type": "object",
      "properties": {
        "apiVersion": {
          "type": "string",
          "enum": [
            "2014-04-01"
          ]
        },
        "location": {
          "type": "string",
          "description": "Resource location."
        },
        "name": {
          "type": "string",
          "description": "The name of the server."
        },
        "properties": {
          "oneOf": [
            {
              "$ref": "#/definitions/ServerProperties"
            },
            {
              "$ref": "https://schema.management.azure.com/schemas/common/definitions.json#/definitions/expression"
            }
          ],
          "description": "Represents the properties of a server."
        },
        "resources": {
          "type": "array",
          "items": {
            "oneOf": [
              {
                "$ref": "#/definitions/servers_databases_childResource"
              },
              {
                "$ref": "#/definitions/servers_elasticPools_childResource"
              },
              {
                "$ref": "#/definitions/servers_communicationLinks_childResource"
              },
              {
                "$ref": "#/definitions/servers_connectionPolicies_childResource"
              },
              {
                "$ref": "#/definitions/servers_firewallRules_childResource"
              },
              {
                "$ref": "#/definitions/servers_administrators_childResource"
              },
              {
                "$ref": "#/definitions/servers_advisors_childResource"
              },
              {
                "$ref": "#/definitions/servers_disasterRecoveryConfiguration_childResource"
              },
              {
                "$ref": "#/definitions/servers_auditingPolicies_childResource"
              }
            ]
          }
        },
        "tags": {
          "oneOf": [
            {
              "type": "object",
              "additionalProperties": {
                "type": "string"
              },
              "properties": {}
            },
            {
              "$ref": "https://schema.management.azure.com/schemas/common/definitions.json#/definitions/expression"
            }
          ],
          "description": "Resource tags."
        },
        "type": {
          "type": "string",
          "enum": [
            "Microsoft.Sql/servers"
          ]
        }
      },
      "required": [
        "apiVersion",
        "location",
        "name",
        "properties",
        "type"
      ],
      "description": "Microsoft.Sql/servers"
    },
    "servers_administrators": {
      "type": "object",
      "properties": {
        "apiVersion": {
          "type": "string",
          "enum": [
            "2014-04-01"
          ]
        },
        "name": {
          "oneOf": [
            {
              "type": "string",
              "pattern": "^.*/activeDirectory$"
            },
            {
              "$ref": "https://schema.management.azure.com/schemas/common/definitions.json#/definitions/expression"
            }
          ],
          "description": "Name of the server administrator resource."
        },
        "properties": {
          "oneOf": [
            {
              "$ref": "#/definitions/ServerAdministratorProperties"
            },
            {
              "$ref": "https://schema.management.azure.com/schemas/common/definitions.json#/definitions/expression"
            }
          ],
          "description": "The properties of an server Administrator."
        },
        "type": {
          "type": "string",
          "enum": [
            "Microsoft.Sql/servers/administrators"
          ]
        }
      },
      "required": [
        "apiVersion",
        "name",
        "properties",
        "type"
      ],
      "description": "Microsoft.Sql/servers/administrators"
    },
    "servers_advisors": {
      "type": "object",
      "properties": {
        "apiVersion": {
          "type": "string",
          "enum": [
            "2014-04-01"
          ]
        },
        "name": {
          "type": "string",
          "description": "The name of the Server Advisor."
        },
        "properties": {
          "oneOf": [
            {
              "$ref": "#/definitions/AdvisorProperties"
            },
            {
              "$ref": "https://schema.management.azure.com/schemas/common/definitions.json#/definitions/expression"
            }
          ],
          "description": "Properties for a Database, Server or Elastic Pool Advisor."
        },
        "type": {
          "type": "string",
          "enum": [
            "Microsoft.Sql/servers/advisors"
          ]
        }
      },
      "required": [
        "apiVersion",
        "name",
        "properties",
        "type"
      ],
      "description": "Microsoft.Sql/servers/advisors"
    },
    "servers_auditingPolicies": {
      "type": "object",
      "properties": {
        "apiVersion": {
          "type": "string",
          "enum": [
            "2014-04-01"
          ]
        },
        "name": {
          "oneOf": [
            {
              "type": "string",
              "pattern": "^.*/default$"
            },
            {
              "$ref": "https://schema.management.azure.com/schemas/common/definitions.json#/definitions/expression"
            }
          ],
          "description": "The name of the table auditing policy."
        },
        "properties": {
          "oneOf": [
            {
              "$ref": "#/definitions/ServerTableAuditingPolicyProperties"
            },
            {
              "$ref": "https://schema.management.azure.com/schemas/common/definitions.json#/definitions/expression"
            }
          ],
          "description": "Properties of a server table auditing policy."
        },
        "type": {
          "type": "string",
          "enum": [
            "Microsoft.Sql/servers/auditingPolicies"
          ]
        }
      },
      "required": [
        "apiVersion",
        "name",
        "properties",
        "type"
      ],
      "description": "Microsoft.Sql/servers/auditingPolicies"
    },
    "servers_communicationLinks": {
      "type": "object",
      "properties": {
        "apiVersion": {
          "type": "string",
          "enum": [
            "2014-04-01"
          ]
        },
        "name": {
          "type": "string",
          "description": "The name of the server communication link."
        },
        "properties": {
          "oneOf": [
            {
              "$ref": "#/definitions/ServerCommunicationLinkProperties"
            },
            {
              "$ref": "https://schema.management.azure.com/schemas/common/definitions.json#/definitions/expression"
            }
          ],
          "description": "The properties of a server communication link."
        },
        "type": {
          "type": "string",
          "enum": [
            "Microsoft.Sql/servers/communicationLinks"
          ]
        }
      },
      "required": [
        "apiVersion",
        "name",
        "properties",
        "type"
      ],
      "description": "Microsoft.Sql/servers/communicationLinks"
    },
    "servers_connectionPolicies": {
      "type": "object",
      "properties": {
        "apiVersion": {
          "type": "string",
          "enum": [
            "2014-04-01"
          ]
        },
        "name": {
          "oneOf": [
            {
              "type": "string",
              "pattern": "^.*/default$"
            },
            {
              "$ref": "https://schema.management.azure.com/schemas/common/definitions.json#/definitions/expression"
            }
          ],
          "description": "The name of the connection policy."
        },
        "properties": {
          "oneOf": [
            {
              "$ref": "#/definitions/ServerConnectionPolicyProperties"
            },
            {
              "$ref": "https://schema.management.azure.com/schemas/common/definitions.json#/definitions/expression"
            }
          ],
          "description": "The properties of a server secure connection policy."
        },
        "type": {
          "type": "string",
          "enum": [
            "Microsoft.Sql/servers/connectionPolicies"
          ]
        }
      },
      "required": [
        "apiVersion",
        "name",
        "properties",
        "type"
      ],
      "description": "Microsoft.Sql/servers/connectionPolicies"
    },
    "servers_databases": {
      "type": "object",
      "properties": {
        "apiVersion": {
          "type": "string",
          "enum": [
            "2014-04-01"
          ]
        },
        "location": {
          "type": "string",
          "description": "Resource location."
        },
        "name": {
          "type": "string",
          "description": "The name of the database to be operated on (updated or created)."
        },
        "properties": {
          "oneOf": [
            {
              "$ref": "#/definitions/DatabaseProperties"
            },
            {
              "$ref": "https://schema.management.azure.com/schemas/common/definitions.json#/definitions/expression"
            }
          ],
          "description": "Represents the properties of a database."
        },
        "resources": {
          "type": "array",
          "items": {
            "oneOf": [
              {
                "$ref": "#/definitions/servers_databases_dataMaskingPolicies_childResource"
              },
              {
                "$ref": "#/definitions/servers_databases_geoBackupPolicies_childResource"
              },
              {
                "$ref": "#/definitions/servers_databases_extensions_childResource"
              },
              {
                "$ref": "#/definitions/servers_databases_securityAlertPolicies_childResource"
              },
              {
                "$ref": "#/definitions/servers_databases_transparentDataEncryption_childResource"
              },
              {
                "$ref": "#/definitions/servers_databases_advisors_childResource"
              },
              {
                "$ref": "#/definitions/servers_databases_auditingPolicies_childResource"
              },
              {
                "$ref": "#/definitions/servers_databases_connectionPolicies_childResource"
              }
            ]
          }
        },
        "tags": {
          "oneOf": [
            {
              "type": "object",
              "additionalProperties": {
                "type": "string"
              },
              "properties": {}
            },
            {
              "$ref": "https://schema.management.azure.com/schemas/common/definitions.json#/definitions/expression"
            }
          ],
          "description": "Resource tags."
        },
        "type": {
          "type": "string",
          "enum": [
            "Microsoft.Sql/servers/databases"
          ]
        }
      },
      "required": [
        "apiVersion",
        "location",
        "name",
        "properties",
        "type"
      ],
      "description": "Microsoft.Sql/servers/databases"
    },
    "servers_databases_advisors": {
      "type": "object",
      "properties": {
        "apiVersion": {
          "type": "string",
          "enum": [
            "2014-04-01"
          ]
        },
        "name": {
          "type": "string",
          "description": "The name of the Database Advisor."
        },
        "properties": {
          "oneOf": [
            {
              "$ref": "#/definitions/AdvisorProperties"
            },
            {
              "$ref": "https://schema.management.azure.com/schemas/common/definitions.json#/definitions/expression"
            }
          ],
          "description": "Properties for a Database, Server or Elastic Pool Advisor."
        },
        "type": {
          "type": "string",
          "enum": [
            "Microsoft.Sql/servers/databases/advisors"
          ]
        }
      },
      "required": [
        "apiVersion",
        "name",
        "properties",
        "type"
      ],
      "description": "Microsoft.Sql/servers/databases/advisors"
    },
    "servers_databases_auditingPolicies": {
      "type": "object",
      "properties": {
        "apiVersion": {
          "type": "string",
          "enum": [
            "2014-04-01"
          ]
        },
        "name": {
          "oneOf": [
            {
              "type": "string",
              "pattern": "^.*/default$"
            },
            {
              "$ref": "https://schema.management.azure.com/schemas/common/definitions.json#/definitions/expression"
            }
          ],
          "description": "The name of the table auditing policy."
        },
        "properties": {
          "oneOf": [
            {
              "$ref": "#/definitions/DatabaseTableAuditingPolicyProperties"
            },
            {
              "$ref": "https://schema.management.azure.com/schemas/common/definitions.json#/definitions/expression"
            }
          ],
          "description": "Properties of a database table auditing policy."
        },
        "type": {
          "type": "string",
          "enum": [
            "Microsoft.Sql/servers/databases/auditingPolicies"
          ]
        }
      },
      "required": [
        "apiVersion",
        "name",
        "properties",
        "type"
      ],
      "description": "Microsoft.Sql/servers/databases/auditingPolicies"
    },
    "servers_databases_connectionPolicies": {
      "type": "object",
      "properties": {
        "apiVersion": {
          "type": "string",
          "enum": [
            "2014-04-01"
          ]
        },
        "name": {
          "oneOf": [
            {
              "type": "string",
              "pattern": "^.*/default$"
            },
            {
              "$ref": "https://schema.management.azure.com/schemas/common/definitions.json#/definitions/expression"
            }
          ],
          "description": "The name of the connection policy."
        },
        "properties": {
          "oneOf": [
            {
              "$ref": "#/definitions/DatabaseConnectionPolicyProperties"
            },
            {
              "$ref": "https://schema.management.azure.com/schemas/common/definitions.json#/definitions/expression"
            }
          ],
          "description": "Properties of a database connection policy."
        },
        "type": {
          "type": "string",
          "enum": [
            "Microsoft.Sql/servers/databases/connectionPolicies"
          ]
        }
      },
      "required": [
        "apiVersion",
        "name",
        "properties",
        "type"
      ],
      "description": "Microsoft.Sql/servers/databases/connectionPolicies"
    },
    "servers_databases_dataMaskingPolicies": {
      "type": "object",
      "properties": {
        "apiVersion": {
          "type": "string",
          "enum": [
            "2014-04-01"
          ]
        },
        "name": {
          "oneOf": [
            {
              "type": "string",
              "pattern": "^.*/Default$"
            },
            {
              "$ref": "https://schema.management.azure.com/schemas/common/definitions.json#/definitions/expression"
            }
          ],
          "description": "The name of the database for which the data masking rule applies."
        },
        "properties": {
          "oneOf": [
            {
              "$ref": "#/definitions/DataMaskingPolicyProperties"
            },
            {
              "$ref": "https://schema.management.azure.com/schemas/common/definitions.json#/definitions/expression"
            }
          ],
          "description": "The properties of a database data masking policy."
        },
        "resources": {
          "type": "array",
          "items": {
            "oneOf": [
              {
                "$ref": "#/definitions/servers_databases_dataMaskingPolicies_rules_childResource"
              }
            ]
          }
        },
        "type": {
          "type": "string",
          "enum": [
            "Microsoft.Sql/servers/databases/dataMaskingPolicies"
          ]
        }
      },
      "required": [
        "apiVersion",
        "name",
        "properties",
        "type"
      ],
      "description": "Microsoft.Sql/servers/databases/dataMaskingPolicies"
    },
    "servers_databases_dataMaskingPolicies_rules": {
      "type": "object",
      "properties": {
        "apiVersion": {
          "type": "string",
          "enum": [
            "2014-04-01"
          ]
        },
        "name": {
          "type": "string",
          "description": "The name of the data masking rule."
        },
        "properties": {
          "oneOf": [
            {
              "$ref": "#/definitions/DataMaskingRuleProperties"
            },
            {
              "$ref": "https://schema.management.azure.com/schemas/common/definitions.json#/definitions/expression"
            }
          ],
          "description": "The properties of a database data masking rule."
        },
        "type": {
          "type": "string",
          "enum": [
            "Microsoft.Sql/servers/databases/dataMaskingPolicies/rules"
          ]
        }
      },
      "required": [
        "apiVersion",
        "name",
        "properties",
        "type"
      ],
      "description": "Microsoft.Sql/servers/databases/dataMaskingPolicies/rules"
    },
    "servers_databases_extensions": {
      "type": "object",
      "properties": {
        "apiVersion": {
          "type": "string",
          "enum": [
            "2014-04-01"
          ]
        },
        "name": {
          "oneOf": [
            {
              "type": "string",
              "pattern": "^.*/import$"
            },
            {
              "$ref": "https://schema.management.azure.com/schemas/common/definitions.json#/definitions/expression"
            }
          ],
          "description": "The name of the operation to perform"
        },
        "properties": {
          "oneOf": [
            {
              "$ref": "#/definitions/ImportExtensionProperties"
            },
            {
              "$ref": "https://schema.management.azure.com/schemas/common/definitions.json#/definitions/expression"
            }
          ],
          "description": "Represents the properties for an import operation"
        },
        "type": {
          "type": "string",
          "enum": [
            "Microsoft.Sql/servers/databases/extensions"
          ]
        }
      },
      "required": [
        "apiVersion",
        "name",
        "properties",
        "type"
      ],
      "description": "Microsoft.Sql/servers/databases/extensions"
    },
    "servers_databases_geoBackupPolicies": {
      "type": "object",
      "properties": {
        "apiVersion": {
          "type": "string",
          "enum": [
            "2014-04-01"
          ]
        },
        "name": {
          "oneOf": [
            {
              "type": "string",
              "pattern": "^.*/Default$"
            },
            {
              "$ref": "https://schema.management.azure.com/schemas/common/definitions.json#/definitions/expression"
            }
          ],
          "description": "The name of the geo backup policy."
        },
        "properties": {
          "oneOf": [
            {
              "$ref": "#/definitions/GeoBackupPolicyProperties"
            },
            {
              "$ref": "https://schema.management.azure.com/schemas/common/definitions.json#/definitions/expression"
            }
          ],
          "description": "The properties of the geo backup policy."
        },
        "type": {
          "type": "string",
          "enum": [
            "Microsoft.Sql/servers/databases/geoBackupPolicies"
          ]
        }
      },
      "required": [
        "apiVersion",
        "name",
        "properties",
        "type"
      ],
      "description": "Microsoft.Sql/servers/databases/geoBackupPolicies"
    },
    "servers_databases_securityAlertPolicies": {
      "type": "object",
      "properties": {
        "apiVersion": {
          "type": "string",
          "enum": [
            "2014-04-01"
          ]
        },
        "location": {
          "type": "string",
          "description": "The geo-location where the resource lives"
        },
        "name": {
          "oneOf": [
            {
              "type": "string",
              "pattern": "^.*/default$"
            },
            {
              "$ref": "https://schema.management.azure.com/schemas/common/definitions.json#/definitions/expression"
            }
          ],
          "description": "The name of the security alert policy."
        },
        "properties": {
          "oneOf": [
            {
              "$ref": "#/definitions/DatabaseSecurityAlertPolicyProperties"
            },
            {
              "$ref": "https://schema.management.azure.com/schemas/common/definitions.json#/definitions/expression"
            }
          ],
          "description": "Properties for a database Threat Detection policy."
        },
        "type": {
          "type": "string",
          "enum": [
            "Microsoft.Sql/servers/databases/securityAlertPolicies"
          ]
        }
      },
      "required": [
        "apiVersion",
        "name",
        "properties",
        "type"
      ],
      "description": "Microsoft.Sql/servers/databases/securityAlertPolicies"
    },
    "servers_databases_transparentDataEncryption": {
      "type": "object",
      "properties": {
        "apiVersion": {
          "type": "string",
          "enum": [
            "2014-04-01"
          ]
        },
        "name": {
          "oneOf": [
            {
              "type": "string",
              "pattern": "^.*/current$"
            },
            {
              "$ref": "https://schema.management.azure.com/schemas/common/definitions.json#/definitions/expression"
            }
          ],
          "description": "The name of the transparent data encryption configuration."
        },
        "properties": {
          "oneOf": [
            {
              "$ref": "#/definitions/TransparentDataEncryptionProperties"
            },
            {
              "$ref": "https://schema.management.azure.com/schemas/common/definitions.json#/definitions/expression"
            }
          ],
          "description": "Represents the properties of a database transparent data encryption."
        },
        "type": {
          "type": "string",
          "enum": [
            "Microsoft.Sql/servers/databases/transparentDataEncryption"
          ]
        }
      },
      "required": [
        "apiVersion",
        "name",
        "properties",
        "type"
      ],
      "description": "Microsoft.Sql/servers/databases/transparentDataEncryption"
    },
    "servers_disasterRecoveryConfiguration": {
      "type": "object",
      "properties": {
        "apiVersion": {
          "type": "string",
          "enum": [
            "2014-04-01"
          ]
        },
        "name": {
          "type": "string",
          "description": "The name of the disaster recovery configuration to be created/updated."
        },
        "type": {
          "type": "string",
          "enum": [
            "Microsoft.Sql/servers/disasterRecoveryConfiguration"
          ]
        }
      },
      "required": [
        "apiVersion",
        "name",
        "type"
      ],
      "description": "Microsoft.Sql/servers/disasterRecoveryConfiguration"
    },
    "servers_elasticPools": {
      "type": "object",
      "properties": {
        "apiVersion": {
          "type": "string",
          "enum": [
            "2014-04-01"
          ]
        },
        "location": {
          "type": "string",
          "description": "Resource location."
        },
        "name": {
          "type": "string",
          "description": "The name of the elastic pool to be operated on (updated or created)."
        },
        "properties": {
          "oneOf": [
            {
              "$ref": "#/definitions/ElasticPoolProperties"
            },
            {
              "$ref": "https://schema.management.azure.com/schemas/common/definitions.json#/definitions/expression"
            }
          ],
          "description": "Represents the properties of an elastic pool."
        },
        "tags": {
          "oneOf": [
            {
              "type": "object",
              "additionalProperties": {
                "type": "string"
              },
              "properties": {}
            },
            {
              "$ref": "https://schema.management.azure.com/schemas/common/definitions.json#/definitions/expression"
            }
          ],
          "description": "Resource tags."
        },
        "type": {
          "type": "string",
          "enum": [
            "Microsoft.Sql/servers/elasticPools"
          ]
        }
      },
      "required": [
        "apiVersion",
        "location",
        "name",
        "properties",
        "type"
      ],
      "description": "Microsoft.Sql/servers/elasticPools"
    },
    "servers_firewallRules": {
      "type": "object",
      "properties": {
        "apiVersion": {
          "type": "string",
          "enum": [
            "2014-04-01"
          ]
        },
        "name": {
          "type": "string",
          "description": "The name of the firewall rule."
        },
        "properties": {
          "oneOf": [
            {
              "$ref": "#/definitions/FirewallRuleProperties"
            },
            {
              "$ref": "https://schema.management.azure.com/schemas/common/definitions.json#/definitions/expression"
            }
          ],
          "description": "Represents the properties of a server firewall rule."
        },
        "type": {
          "type": "string",
          "enum": [
            "Microsoft.Sql/servers/firewallRules"
          ]
        }
      },
      "required": [
        "apiVersion",
        "name",
        "properties",
        "type"
      ],
      "description": "Microsoft.Sql/servers/firewallRules"
    }
  },
  "definitions": {
    "AdvisorProperties": {
      "type": "object",
      "properties": {
        "autoExecuteValue": {
          "oneOf": [
            {
              "type": "string",
              "enum": [
                "Enabled",
                "Disabled",
                "Default"
              ]
            },
            {
              "$ref": "https://schema.management.azure.com/schemas/common/definitions.json#/definitions/expression"
            }
          ],
          "description": "Gets the auto-execute status (whether to let the system execute the recommendations) of this advisor. Possible values are 'Enabled' and 'Disabled'."
        }
      },
      "required": [
        "autoExecuteValue"
      ],
      "description": "Properties for a Database, Server or Elastic Pool Advisor."
    },
    "DatabaseConnectionPolicyProperties": {
      "type": "object",
      "properties": {
        "proxyDnsName": {
          "type": "string",
          "description": "The fully qualified host name of the auditing proxy."
        },
        "proxyPort": {
          "type": "string",
          "description": "The port number of the auditing proxy."
        },
        "redirectionState": {
          "type": "string",
          "description": "The state of proxy redirection."
        },
        "securityEnabledAccess": {
          "type": "string",
          "description": "The state of security access."
        },
        "state": {
          "type": "string",
          "description": "The connection policy state."
        },
        "useServerDefault": {
          "type": "string",
          "description": "Whether server default is enabled or disabled."
        },
        "visibility": {
          "type": "string",
          "description": "The visibility of the auditing proxy."
        }
      },
      "description": "Properties of a database connection policy."
    },
    "DatabaseProperties": {
      "type": "object",
      "properties": {
        "collation": {
          "type": "string",
          "description": "The collation of the database. If createMode is not Default, this value is ignored."
        },
        "createMode": {
          "oneOf": [
            {
              "type": "string",
              "enum": [
                "Copy",
                "Default",
                "NonReadableSecondary",
                "OnlineSecondary",
                "PointInTimeRestore",
                "Recovery",
                "Restore",
                "RestoreLongTermRetentionBackup"
              ]
            },
            {
              "$ref": "https://schema.management.azure.com/schemas/common/definitions.json#/definitions/expression"
            }
          ],
          "description": "Specifies the mode of database creation.\n\nDefault: regular database creation.\n\nCopy: creates a database as a copy of an existing database. sourceDatabaseId must be specified as the resource ID of the source database.\n\nOnlineSecondary/NonReadableSecondary: creates a database as a (readable or nonreadable) secondary replica of an existing database. sourceDatabaseId must be specified as the resource ID of the existing primary database.\n\nPointInTimeRestore: Creates a database by restoring a point in time backup of an existing database. sourceDatabaseId must be specified as the resource ID of the existing database, and restorePointInTime must be specified.\n\nRecovery: Creates a database by restoring a geo-replicated backup. sourceDatabaseId must be specified as the recoverable database resource ID to restore.\n\nRestore: Creates a database by restoring a backup of a deleted database. sourceDatabaseId must be specified. If sourceDatabaseId is the database's original resource ID, then sourceDatabaseDeletionDate must be specified. Otherwise sourceDatabaseId must be the restorable dropped database resource ID and sourceDatabaseDeletionDate is ignored. restorePointInTime may also be specified to restore from an earlier point in time.\n\nRestoreLongTermRetentionBackup: Creates a database by restoring from a long term retention vault. recoveryServicesRecoveryPointResourceId must be specified as the recovery point resource ID.\n\nCopy, NonReadableSecondary, OnlineSecondary and RestoreLongTermRetentionBackup are not supported for DataWarehouse edition."
        },
        "edition": {
          "oneOf": [
            {
              "type": "string",
              "enum": [
                "Web",
                "Business",
                "Basic",
                "Standard",
                "Premium",
                "PremiumRS",
                "Free",
                "Stretch",
                "DataWarehouse",
                "System",
                "System2",
                "GeneralPurpose",
                "BusinessCritical",
                "Hyperscale"
              ]
            },
            {
              "$ref": "https://schema.management.azure.com/schemas/common/definitions.json#/definitions/expression"
            }
          ],
          "description": "The edition of the database. The DatabaseEditions enumeration contains all the valid editions. If createMode is NonReadableSecondary or OnlineSecondary, this value is ignored.\r\n\r\nThe list of SKUs may vary by region and support offer. To determine the SKUs (including the SKU name, tier/edition, family, and capacity) that are available to your subscription in an Azure region, use the `Capabilities_ListByLocation` REST API or one of the following commands:\r\n\r\n```azurecli\r\naz sql db list-editions -l <location> -o table\r\n````\r\n\r\n```powershell\r\nGet-AzSqlServerServiceObjective -Location <location>\r\n````\r\n."
        },
        "elasticPoolName": {
          "type": "string",
          "description": "The name of the elastic pool the database is in. If elasticPoolName and requestedServiceObjectiveName are both updated, the value of requestedServiceObjectiveName is ignored. Not supported for DataWarehouse edition."
        },
        "maxSizeBytes": {
          "type": "string",
          "description": "The max size of the database expressed in bytes. If createMode is not Default, this value is ignored. To see possible values, query the capabilities API (/subscriptions/{subscriptionId}/providers/Microsoft.Sql/locations/{locationID}/capabilities) referred to by operationId: \"Capabilities_ListByLocation.\""
        },
        "readScale": {
          "oneOf": [
            {
              "type": "string",
              "enum": [
                "Enabled",
                "Disabled"
              ]
            },
            {
              "$ref": "https://schema.management.azure.com/schemas/common/definitions.json#/definitions/expression"
            }
          ],
          "description": "Conditional. If the database is a geo-secondary, readScale indicates whether read-only connections are allowed to this database or not. Not supported for DataWarehouse edition."
        },
        "recoveryServicesRecoveryPointResourceId": {
          "type": "string",
          "description": "Conditional. If createMode is RestoreLongTermRetentionBackup, then this value is required. Specifies the resource ID of the recovery point to restore from."
        },
        "requestedServiceObjectiveId": {
          "oneOf": [
            {
              "type": "string",
              "pattern": "^[0-9a-fA-F]{8}(-[0-9a-fA-F]{4}){3}-[0-9a-fA-F]{12}$"
            },
            {
              "$ref": "https://schema.management.azure.com/schemas/common/definitions.json#/definitions/expression"
            }
          ],
          "description": "The configured service level objective ID of the database. This is the service level objective that is in the process of being applied to the database. Once successfully updated, it will match the value of currentServiceObjectiveId property. If requestedServiceObjectiveId and requestedServiceObjectiveName are both updated, the value of requestedServiceObjectiveId overrides the value of requestedServiceObjectiveName.\r\n\r\nThe list of SKUs may vary by region and support offer. To determine the service objective ids that are available to your subscription in an Azure region, use the `Capabilities_ListByLocation` REST API."
        },
        "requestedServiceObjectiveName": {
          "oneOf": [
            {
              "type": "string",
              "enum": [
                "System",
                "System0",
                "System1",
                "System2",
                "System3",
                "System4",
                "System2L",
                "System3L",
                "System4L",
                "Free",
                "Basic",
                "S0",
                "S1",
                "S2",
                "S3",
                "S4",
                "S6",
                "S7",
                "S9",
                "S12",
                "P1",
                "P2",
                "P3",
                "P4",
                "P6",
                "P11",
                "P15",
                "PRS1",
                "PRS2",
                "PRS4",
                "PRS6",
                "DW100",
                "DW200",
                "DW300",
                "DW400",
                "DW500",
                "DW600",
                "DW1000",
                "DW1200",
                "DW1000c",
                "DW1500",
                "DW1500c",
                "DW2000",
                "DW2000c",
                "DW3000",
                "DW2500c",
                "DW3000c",
                "DW6000",
                "DW5000c",
                "DW6000c",
                "DW7500c",
                "DW10000c",
                "DW15000c",
                "DW30000c",
                "DS100",
                "DS200",
                "DS300",
                "DS400",
                "DS500",
                "DS600",
                "DS1000",
                "DS1200",
                "DS1500",
                "DS2000",
                "ElasticPool"
              ]
            },
            {
              "$ref": "https://schema.management.azure.com/schemas/common/definitions.json#/definitions/expression"
            }
          ],
          "description": "The name of the configured service level objective of the database. This is the service level objective that is in the process of being applied to the database. Once successfully updated, it will match the value of serviceLevelObjective property. \r\n\r\nThe list of SKUs may vary by region and support offer. To determine the SKUs (including the SKU name, tier/edition, family, and capacity) that are available to your subscription in an Azure region, use the `Capabilities_ListByLocation` REST API or one of the following commands:\r\n\r\n```azurecli\r\naz sql db list-editions -l <location> -o table\r\n````\r\n\r\n```powershell\r\nGet-AzSqlServerServiceObjective -Location <location>\r\n````\r\n."
        },
        "restorePointInTime": {
          "type": "string",
          "format": "date-time",
          "description": "Conditional. If createMode is PointInTimeRestore, this value is required. If createMode is Restore, this value is optional. Specifies the point in time (ISO8601 format) of the source database that will be restored to create the new database. Must be greater than or equal to the source database's earliestRestoreDate value."
        },
        "sampleName": {
          "oneOf": [
            {
              "type": "string",
              "enum": [
                "AdventureWorksLT"
              ]
            },
            {
              "$ref": "https://schema.management.azure.com/schemas/common/definitions.json#/definitions/expression"
            }
          ],
          "description": "Indicates the name of the sample schema to apply when creating this database. If createMode is not Default, this value is ignored. Not supported for DataWarehouse edition."
        },
        "sourceDatabaseDeletionDate": {
          "type": "string",
          "format": "date-time",
          "description": "Conditional. If createMode is Restore and sourceDatabaseId is the deleted database's original resource id when it existed (as opposed to its current restorable dropped database id), then this value is required. Specifies the time that the database was deleted."
        },
        "sourceDatabaseId": {
          "type": "string",
          "description": "Conditional. If createMode is Copy, NonReadableSecondary, OnlineSecondary, PointInTimeRestore, Recovery, or Restore, then this value is required. Specifies the resource ID of the source database. If createMode is NonReadableSecondary or OnlineSecondary, the name of the source database must be the same as the new database being created."
        },
        "zoneRedundant": {
          "oneOf": [
            {
              "type": "boolean"
            },
            {
              "$ref": "https://schema.management.azure.com/schemas/common/definitions.json#/definitions/expression"
            }
          ],
          "description": "Whether or not this database is zone redundant, which means the replicas of this database will be spread across multiple availability zones."
        }
      },
      "description": "Represents the properties of a database."
    },
    "DatabaseSecurityAlertPolicyProperties": {
      "type": "object",
      "properties": {
        "disabledAlerts": {
          "type": "string",
          "description": "Specifies the semicolon-separated list of alerts that are disabled, or empty string to disable no alerts. Possible values: Sql_Injection; Sql_Injection_Vulnerability; Access_Anomaly; Data_Exfiltration; Unsafe_Action."
        },
        "emailAccountAdmins": {
          "oneOf": [
            {
              "type": "string",
              "enum": [
                "Enabled",
                "Disabled"
              ]
            },
            {
              "$ref": "https://schema.management.azure.com/schemas/common/definitions.json#/definitions/expression"
            }
          ],
          "description": "Specifies that the alert is sent to the account administrators."
        },
        "emailAddresses": {
          "type": "string",
          "description": "Specifies the semicolon-separated list of e-mail addresses to which the alert is sent."
        },
        "retentionDays": {
          "oneOf": [
            {
              "type": "integer"
            },
            {
              "$ref": "https://schema.management.azure.com/schemas/common/definitions.json#/definitions/expression"
            }
          ],
          "description": "Specifies the number of days to keep in the Threat Detection audit logs."
        },
        "state": {
          "oneOf": [
            {
              "type": "string",
              "enum": [
                "New",
                "Enabled",
                "Disabled"
              ]
            },
            {
              "$ref": "https://schema.management.azure.com/schemas/common/definitions.json#/definitions/expression"
            }
          ],
          "description": "Specifies the state of the policy. If state is Enabled, storageEndpoint and storageAccountAccessKey are required."
        },
        "storageAccountAccessKey": {
          "type": "string",
          "description": "Specifies the identifier key of the Threat Detection audit storage account. If state is Enabled, storageAccountAccessKey is required."
        },
        "storageEndpoint": {
          "type": "string",
          "description": "Specifies the blob storage endpoint (e.g. https://MyAccount.blob.core.windows.net). This blob storage will hold all Threat Detection audit logs. If state is Enabled, storageEndpoint is required."
        },
        "useServerDefault": {
          "oneOf": [
            {
              "type": "string",
              "enum": [
                "Enabled",
                "Disabled"
              ]
            },
            {
              "$ref": "https://schema.management.azure.com/schemas/common/definitions.json#/definitions/expression"
            }
          ],
          "description": "Specifies whether to use the default server policy."
        }
      },
      "required": [
        "state"
      ],
      "description": "Properties for a database Threat Detection policy."
    },
    "DatabaseTableAuditingPolicyProperties": {
      "type": "object",
      "properties": {
        "auditingState": {
          "type": "string",
          "description": "The state of the policy."
        },
        "auditLogsTableName": {
          "type": "string",
          "description": "The audit logs table name."
        },
        "eventTypesToAudit": {
          "type": "string",
          "description": "Comma-separated list of event types to audit."
        },
        "fullAuditLogsTableName": {
          "type": "string",
          "description": "The full audit logs table name."
        },
        "retentionDays": {
          "type": "string",
          "description": "The number of days to keep in the audit logs."
        },
        "storageAccountKey": {
          "type": "string",
          "description": "The key of the auditing storage account."
        },
        "storageAccountName": {
          "type": "string",
          "description": "The table storage account name"
        },
        "storageAccountResourceGroupName": {
          "type": "string",
          "description": "The table storage account resource group name"
        },
        "storageAccountSecondaryKey": {
          "type": "string",
          "description": "The secondary key of the auditing storage account."
        },
        "storageAccountSubscriptionId": {
          "oneOf": [
            {
              "type": "string",
              "pattern": "^[0-9a-fA-F]{8}(-[0-9a-fA-F]{4}){3}-[0-9a-fA-F]{12}$"
            },
            {
              "$ref": "https://schema.management.azure.com/schemas/common/definitions.json#/definitions/expression"
            }
          ],
          "description": "The table storage subscription Id."
        },
        "storageTableEndpoint": {
          "type": "string",
          "description": "The storage table endpoint."
        },
        "useServerDefault": {
          "type": "string",
          "description": "Whether server default is enabled or disabled."
        }
      },
      "description": "Properties of a database table auditing policy."
    },
    "DataMaskingPolicyProperties": {
      "type": "object",
      "properties": {
        "dataMaskingState": {
          "oneOf": [
            {
              "type": "string",
              "enum": [
                "Disabled",
                "Enabled"
              ]
            },
            {
              "$ref": "https://schema.management.azure.com/schemas/common/definitions.json#/definitions/expression"
            }
          ],
          "description": "The state of the data masking policy."
        },
        "exemptPrincipals": {
          "type": "string",
          "description": "The list of the exempt principals. Specifies the semicolon-separated list of database users for which the data masking policy does not apply. The specified users receive data results without masking for all of the database queries."
        }
      },
      "required": [
        "dataMaskingState"
      ],
      "description": "The properties of a database data masking policy."
    },
    "DataMaskingRuleProperties": {
      "type": "object",
      "properties": {
        "aliasName": {
          "type": "string",
          "description": "The alias name. This is a legacy parameter and is no longer used."
        },
        "columnName": {
          "type": "string",
          "description": "The column name on which the data masking rule is applied."
        },
        "maskingFunction": {
          "oneOf": [
            {
              "type": "string",
              "enum": [
                "Default",
                "CCN",
                "Email",
                "Number",
                "SSN",
                "Text"
              ]
            },
            {
              "$ref": "https://schema.management.azure.com/schemas/common/definitions.json#/definitions/expression"
            }
          ],
          "description": "The masking function that is used for the data masking rule."
        },
        "numberFrom": {
          "type": "string",
          "description": "The numberFrom property of the masking rule. Required if maskingFunction is set to Number, otherwise this parameter will be ignored."
        },
        "numberTo": {
          "type": "string",
          "description": "The numberTo property of the data masking rule. Required if maskingFunction is set to Number, otherwise this parameter will be ignored."
        },
        "prefixSize": {
          "type": "string",
          "description": "If maskingFunction is set to Text, the number of characters to show unmasked in the beginning of the string. Otherwise, this parameter will be ignored."
        },
        "replacementString": {
          "type": "string",
          "description": "If maskingFunction is set to Text, the character to use for masking the unexposed part of the string. Otherwise, this parameter will be ignored."
        },
        "ruleState": {
          "oneOf": [
            {
              "type": "string",
              "enum": [
                "Disabled",
                "Enabled"
              ]
            },
            {
              "$ref": "https://schema.management.azure.com/schemas/common/definitions.json#/definitions/expression"
            }
          ],
          "description": "The rule state. Used to delete a rule. To delete an existing rule, specify the schemaName, tableName, columnName, maskingFunction, and specify ruleState as disabled. However, if the rule doesn't already exist, the rule will be created with ruleState set to enabled, regardless of the provided value of ruleState."
        },
        "schemaName": {
          "type": "string",
          "description": "The schema name on which the data masking rule is applied."
        },
        "suffixSize": {
          "type": "string",
          "description": "If maskingFunction is set to Text, the number of characters to show unmasked at the end of the string. Otherwise, this parameter will be ignored."
        },
        "tableName": {
          "type": "string",
          "description": "The table name on which the data masking rule is applied."
        }
      },
      "required": [
        "columnName",
        "maskingFunction",
        "schemaName",
        "tableName"
      ],
      "description": "The properties of a database data masking rule."
    },
    "ElasticPoolProperties": {
      "type": "object",
      "properties": {
        "databaseDtuMax": {
          "oneOf": [
            {
              "type": "integer"
            },
            {
              "$ref": "https://schema.management.azure.com/schemas/common/definitions.json#/definitions/expression"
            }
          ],
          "description": "The maximum DTU any one database can consume."
        },
        "databaseDtuMin": {
          "oneOf": [
            {
              "type": "integer"
            },
            {
              "$ref": "https://schema.management.azure.com/schemas/common/definitions.json#/definitions/expression"
            }
          ],
          "description": "The minimum DTU all databases are guaranteed."
        },
        "dtu": {
          "oneOf": [
            {
              "type": "integer"
            },
            {
              "$ref": "https://schema.management.azure.com/schemas/common/definitions.json#/definitions/expression"
            }
          ],
          "description": "The total shared DTU for the database elastic pool."
        },
        "edition": {
          "oneOf": [
            {
              "type": "string",
              "enum": [
                "Basic",
                "Standard",
                "Premium",
                "GeneralPurpose",
                "BusinessCritical"
              ]
            },
            {
              "$ref": "https://schema.management.azure.com/schemas/common/definitions.json#/definitions/expression"
            }
          ],
          "description": "The edition of the elastic pool."
        },
        "storageMB": {
          "oneOf": [
            {
              "type": "integer"
            },
            {
              "$ref": "https://schema.management.azure.com/schemas/common/definitions.json#/definitions/expression"
            }
          ],
          "description": "Gets storage limit for the database elastic pool in MB."
        },
        "zoneRedundant": {
          "oneOf": [
            {
              "type": "boolean"
            },
            {
              "$ref": "https://schema.management.azure.com/schemas/common/definitions.json#/definitions/expression"
            }
          ],
          "description": "Whether or not this database elastic pool is zone redundant, which means the replicas of this database will be spread across multiple availability zones."
        }
      },
      "description": "Represents the properties of an elastic pool."
    },
    "FirewallRuleProperties": {
      "type": "object",
      "properties": {
        "endIpAddress": {
          "type": "string",
          "description": "The end IP address of the firewall rule. Must be IPv4 format. Must be greater than or equal to startIpAddress. Use value '0.0.0.0' to represent all Azure-internal IP addresses."
        },
        "startIpAddress": {
          "type": "string",
          "description": "The start IP address of the firewall rule. Must be IPv4 format. Use value '0.0.0.0' to represent all Azure-internal IP addresses."
        }
      },
      "required": [
        "endIpAddress",
        "startIpAddress"
      ],
      "description": "Represents the properties of a server firewall rule."
    },
    "GeoBackupPolicyProperties": {
      "type": "object",
      "properties": {
        "state": {
          "oneOf": [
            {
              "type": "string",
              "enum": [
                "Disabled",
                "Enabled"
              ]
            },
            {
              "$ref": "https://schema.management.azure.com/schemas/common/definitions.json#/definitions/expression"
            }
          ],
          "description": "The state of the geo backup policy."
        }
      },
      "required": [
        "state"
      ],
      "description": "The properties of the geo backup policy."
    },
    "ImportExtensionProperties": {
      "type": "object",
      "properties": {
        "administratorLogin": {
          "type": "string",
          "description": "The name of the SQL administrator."
        },
        "administratorLoginPassword": {
          "type": "string",
          "description": "The password of the SQL administrator."
        },
        "authenticationType": {
          "oneOf": [
            {
              "type": "string",
              "enum": [
                "SQL",
                "ADPassword"
              ]
            },
            {
              "$ref": "https://schema.management.azure.com/schemas/common/definitions.json#/definitions/expression"
            }
          ],
          "description": "The authentication type."
        },
        "operationMode": {
          "oneOf": [
            {
              "type": "string",
              "enum": [
                "Import"
              ]
            },
            {
              "$ref": "https://schema.management.azure.com/schemas/common/definitions.json#/definitions/expression"
            }
          ],
          "description": "The type of import operation being performed. This is always Import."
        },
        "storageKey": {
          "type": "string",
          "description": "The storage key to use.  If storage key type is SharedAccessKey, it must be preceded with a \"?.\""
        },
        "storageKeyType": {
          "oneOf": [
            {
              "type": "string",
              "enum": [
                "StorageAccessKey",
                "SharedAccessKey"
              ]
            },
            {
              "$ref": "https://schema.management.azure.com/schemas/common/definitions.json#/definitions/expression"
            }
          ],
          "description": "The type of the storage key to use."
        },
        "storageUri": {
          "type": "string",
          "description": "The storage uri to use."
        }
      },
      "required": [
        "administratorLogin",
        "administratorLoginPassword",
        "operationMode",
        "storageKey",
        "storageKeyType",
        "storageUri"
      ],
      "description": "Represents the properties for an import operation"
    },
    "ServerAdministratorProperties": {
      "type": "object",
      "properties": {
        "administratorType": {
          "oneOf": [
            {
              "type": "string",
              "enum": [
                "ActiveDirectory"
              ]
            },
            {
              "$ref": "https://schema.management.azure.com/schemas/common/definitions.json#/definitions/expression"
            }
          ],
          "description": "The type of administrator."
        },
        "login": {
          "type": "string",
          "description": "The server administrator login value."
        },
        "sid": {
          "oneOf": [
            {
              "type": "string",
              "pattern": "^[0-9a-fA-F]{8}(-[0-9a-fA-F]{4}){3}-[0-9a-fA-F]{12}$"
            },
            {
              "$ref": "https://schema.management.azure.com/schemas/common/definitions.json#/definitions/expression"
            }
          ],
          "description": "The server administrator Sid (Secure ID)."
        },
        "tenantId": {
          "oneOf": [
            {
              "type": "string",
              "pattern": "^[0-9a-fA-F]{8}(-[0-9a-fA-F]{4}){3}-[0-9a-fA-F]{12}$"
            },
            {
              "$ref": "https://schema.management.azure.com/schemas/common/definitions.json#/definitions/expression"
            }
          ],
          "description": "The server Active Directory Administrator tenant id."
        }
      },
      "required": [
        "administratorType",
        "login",
        "sid",
        "tenantId"
      ],
      "description": "The properties of an server Administrator."
    },
    "ServerCommunicationLinkProperties": {
      "type": "object",
      "properties": {
        "partnerServer": {
          "type": "string",
          "description": "The name of the partner server."
        }
      },
      "required": [
        "partnerServer"
      ],
      "description": "The properties of a server communication link."
    },
    "ServerConnectionPolicyProperties": {
      "type": "object",
      "properties": {
        "connectionType": {
          "oneOf": [
            {
              "type": "string",
              "enum": [
                "Default",
                "Proxy",
                "Redirect"
              ]
            },
            {
              "$ref": "https://schema.management.azure.com/schemas/common/definitions.json#/definitions/expression"
            }
          ],
          "description": "The server connection type."
        }
      },
      "required": [
        "connectionType"
      ],
      "description": "The properties of a server secure connection policy."
    },
    "ServerProperties": {
      "type": "object",
      "properties": {
        "administratorLogin": {
          "type": "string",
          "description": "Administrator username for the server. Can only be specified when the server is being created (and is required for creation)."
        },
        "administratorLoginPassword": {
          "type": "string",
          "description": "The administrator login password (required for server creation)."
        },
        "version": {
          "oneOf": [
            {
              "type": "string",
              "enum": [
                "2.0",
                "12.0"
              ]
            },
            {
              "$ref": "https://schema.management.azure.com/schemas/common/definitions.json#/definitions/expression"
            }
          ],
          "description": "The version of the server."
        }
      },
      "description": "Represents the properties of a server."
    },
    "servers_administrators_childResource": {
      "type": "object",
      "properties": {
        "apiVersion": {
          "type": "string",
          "enum": [
            "2014-04-01"
          ]
        },
        "name": {
          "type": "string",
          "enum": [
            "activeDirectory"
          ],
          "description": "Name of the server administrator resource."
        },
        "properties": {
          "oneOf": [
            {
              "$ref": "#/definitions/ServerAdministratorProperties"
            },
            {
              "$ref": "https://schema.management.azure.com/schemas/common/definitions.json#/definitions/expression"
            }
          ],
          "description": "The properties of an server Administrator."
        },
        "type": {
          "type": "string",
          "enum": [
            "administrators"
          ]
        }
      },
      "required": [
        "apiVersion",
        "name",
        "properties",
        "type"
      ],
      "description": "Microsoft.Sql/servers/administrators"
    },
    "servers_advisors_childResource": {
      "type": "object",
      "properties": {
        "apiVersion": {
          "type": "string",
          "enum": [
            "2014-04-01"
          ]
        },
        "name": {
          "type": "string",
          "description": "The name of the Server Advisor."
        },
        "properties": {
          "oneOf": [
            {
              "$ref": "#/definitions/AdvisorProperties"
            },
            {
              "$ref": "https://schema.management.azure.com/schemas/common/definitions.json#/definitions/expression"
            }
          ],
          "description": "Properties for a Database, Server or Elastic Pool Advisor."
        },
        "type": {
          "type": "string",
          "enum": [
            "advisors"
          ]
        }
      },
      "required": [
        "apiVersion",
        "name",
        "properties",
        "type"
      ],
      "description": "Microsoft.Sql/servers/advisors"
    },
    "servers_auditingPolicies_childResource": {
      "type": "object",
      "properties": {
        "apiVersion": {
          "type": "string",
          "enum": [
            "2014-04-01"
          ]
        },
        "name": {
          "type": "string",
          "enum": [
            "default"
          ],
          "description": "The name of the table auditing policy."
        },
        "properties": {
          "oneOf": [
            {
              "$ref": "#/definitions/ServerTableAuditingPolicyProperties"
            },
            {
              "$ref": "https://schema.management.azure.com/schemas/common/definitions.json#/definitions/expression"
            }
          ],
          "description": "Properties of a server table auditing policy."
        },
        "type": {
          "type": "string",
          "enum": [
            "auditingPolicies"
          ]
        }
      },
      "required": [
        "apiVersion",
        "name",
        "properties",
        "type"
      ],
      "description": "Microsoft.Sql/servers/auditingPolicies"
    },
    "servers_communicationLinks_childResource": {
      "type": "object",
      "properties": {
        "apiVersion": {
          "type": "string",
          "enum": [
            "2014-04-01"
          ]
        },
        "name": {
          "type": "string",
          "description": "The name of the server communication link."
        },
        "properties": {
          "oneOf": [
            {
              "$ref": "#/definitions/ServerCommunicationLinkProperties"
            },
            {
              "$ref": "https://schema.management.azure.com/schemas/common/definitions.json#/definitions/expression"
            }
          ],
          "description": "The properties of a server communication link."
        },
        "type": {
          "type": "string",
          "enum": [
            "communicationLinks"
          ]
        }
      },
      "required": [
        "apiVersion",
        "name",
        "properties",
        "type"
      ],
      "description": "Microsoft.Sql/servers/communicationLinks"
    },
    "servers_connectionPolicies_childResource": {
      "type": "object",
      "properties": {
        "apiVersion": {
          "type": "string",
          "enum": [
            "2014-04-01"
          ]
        },
        "name": {
          "type": "string",
          "enum": [
            "default"
          ],
          "description": "The name of the connection policy."
        },
        "properties": {
          "oneOf": [
            {
              "$ref": "#/definitions/ServerConnectionPolicyProperties"
            },
            {
              "$ref": "https://schema.management.azure.com/schemas/common/definitions.json#/definitions/expression"
            }
          ],
          "description": "The properties of a server secure connection policy."
        },
        "type": {
          "type": "string",
          "enum": [
            "connectionPolicies"
          ]
        }
      },
      "required": [
        "apiVersion",
        "name",
        "properties",
        "type"
      ],
      "description": "Microsoft.Sql/servers/connectionPolicies"
    },
    "servers_databases_advisors_childResource": {
      "type": "object",
      "properties": {
        "apiVersion": {
          "type": "string",
          "enum": [
            "2014-04-01"
          ]
        },
        "name": {
          "type": "string",
          "description": "The name of the Database Advisor."
        },
        "properties": {
          "oneOf": [
            {
              "$ref": "#/definitions/AdvisorProperties"
            },
            {
              "$ref": "https://schema.management.azure.com/schemas/common/definitions.json#/definitions/expression"
            }
          ],
          "description": "Properties for a Database, Server or Elastic Pool Advisor."
        },
        "type": {
          "type": "string",
          "enum": [
            "advisors"
          ]
        }
      },
      "required": [
        "apiVersion",
        "name",
        "properties",
        "type"
      ],
      "description": "Microsoft.Sql/servers/databases/advisors"
    },
    "servers_databases_auditingPolicies_childResource": {
      "type": "object",
      "properties": {
        "apiVersion": {
          "type": "string",
          "enum": [
            "2014-04-01"
          ]
        },
        "name": {
          "type": "string",
          "enum": [
            "default"
          ],
          "description": "The name of the table auditing policy."
        },
        "properties": {
          "oneOf": [
            {
              "$ref": "#/definitions/DatabaseTableAuditingPolicyProperties"
            },
            {
              "$ref": "https://schema.management.azure.com/schemas/common/definitions.json#/definitions/expression"
            }
          ],
          "description": "Properties of a database table auditing policy."
        },
        "type": {
          "type": "string",
          "enum": [
            "auditingPolicies"
          ]
        }
      },
      "required": [
        "apiVersion",
        "name",
        "properties",
        "type"
      ],
      "description": "Microsoft.Sql/servers/databases/auditingPolicies"
    },
    "servers_databases_childResource": {
      "type": "object",
      "properties": {
        "apiVersion": {
          "type": "string",
          "enum": [
            "2014-04-01"
          ]
        },
        "location": {
          "type": "string",
          "description": "Resource location."
        },
        "name": {
          "type": "string",
          "description": "The name of the database to be operated on (updated or created)."
        },
        "properties": {
          "oneOf": [
            {
              "$ref": "#/definitions/DatabaseProperties"
            },
            {
              "$ref": "https://schema.management.azure.com/schemas/common/definitions.json#/definitions/expression"
            }
          ],
          "description": "Represents the properties of a database."
        },
        "tags": {
          "oneOf": [
            {
              "type": "object",
              "additionalProperties": {
                "type": "string"
              },
              "properties": {}
            },
            {
              "$ref": "https://schema.management.azure.com/schemas/common/definitions.json#/definitions/expression"
            }
          ],
          "description": "Resource tags."
        },
        "type": {
          "type": "string",
          "enum": [
            "databases"
          ]
        }
      },
      "required": [
        "apiVersion",
        "location",
        "name",
        "properties",
        "type"
      ],
      "description": "Microsoft.Sql/servers/databases"
    },
    "servers_databases_connectionPolicies_childResource": {
      "type": "object",
      "properties": {
        "apiVersion": {
          "type": "string",
          "enum": [
            "2014-04-01"
          ]
        },
        "name": {
          "type": "string",
          "enum": [
            "default"
          ],
          "description": "The name of the connection policy."
        },
        "properties": {
          "oneOf": [
            {
              "$ref": "#/definitions/DatabaseConnectionPolicyProperties"
            },
            {
              "$ref": "https://schema.management.azure.com/schemas/common/definitions.json#/definitions/expression"
            }
          ],
          "description": "Properties of a database connection policy."
        },
        "type": {
          "type": "string",
          "enum": [
            "connectionPolicies"
          ]
        }
      },
      "required": [
        "apiVersion",
        "name",
        "properties",
        "type"
      ],
      "description": "Microsoft.Sql/servers/databases/connectionPolicies"
    },
    "servers_databases_dataMaskingPolicies_childResource": {
      "type": "object",
      "properties": {
        "apiVersion": {
          "type": "string",
          "enum": [
            "2014-04-01"
          ]
        },
        "name": {
          "type": "string",
          "enum": [
            "Default"
          ],
          "description": "The name of the database for which the data masking rule applies."
        },
        "properties": {
          "oneOf": [
            {
              "$ref": "#/definitions/DataMaskingPolicyProperties"
            },
            {
              "$ref": "https://schema.management.azure.com/schemas/common/definitions.json#/definitions/expression"
            }
          ],
          "description": "The properties of a database data masking policy."
        },
        "type": {
          "type": "string",
          "enum": [
            "dataMaskingPolicies"
          ]
        }
      },
      "required": [
        "apiVersion",
        "name",
        "properties",
        "type"
      ],
      "description": "Microsoft.Sql/servers/databases/dataMaskingPolicies"
    },
    "servers_databases_dataMaskingPolicies_rules_childResource": {
      "type": "object",
      "properties": {
        "apiVersion": {
          "type": "string",
          "enum": [
            "2014-04-01"
          ]
        },
        "name": {
          "type": "string",
          "description": "The name of the data masking rule."
        },
        "properties": {
          "oneOf": [
            {
              "$ref": "#/definitions/DataMaskingRuleProperties"
            },
            {
              "$ref": "https://schema.management.azure.com/schemas/common/definitions.json#/definitions/expression"
            }
          ],
          "description": "The properties of a database data masking rule."
        },
        "type": {
          "type": "string",
          "enum": [
            "rules"
          ]
        }
      },
      "required": [
        "apiVersion",
        "name",
        "properties",
        "type"
      ],
      "description": "Microsoft.Sql/servers/databases/dataMaskingPolicies/rules"
    },
    "servers_databases_extensions_childResource": {
      "type": "object",
      "properties": {
        "apiVersion": {
          "type": "string",
          "enum": [
            "2014-04-01"
          ]
        },
        "name": {
          "type": "string",
          "enum": [
            "import"
          ],
          "description": "The name of the operation to perform"
        },
        "properties": {
          "oneOf": [
            {
              "$ref": "#/definitions/ImportExtensionProperties"
            },
            {
              "$ref": "https://schema.management.azure.com/schemas/common/definitions.json#/definitions/expression"
            }
          ],
          "description": "Represents the properties for an import operation"
        },
        "type": {
          "type": "string",
          "enum": [
            "extensions"
          ]
        }
      },
      "required": [
        "apiVersion",
        "name",
        "properties",
        "type"
      ],
      "description": "Microsoft.Sql/servers/databases/extensions"
    },
    "servers_databases_geoBackupPolicies_childResource": {
      "type": "object",
      "properties": {
        "apiVersion": {
          "type": "string",
          "enum": [
            "2014-04-01"
          ]
        },
        "name": {
          "type": "string",
          "enum": [
            "Default"
          ],
          "description": "The name of the geo backup policy."
        },
        "properties": {
          "oneOf": [
            {
              "$ref": "#/definitions/GeoBackupPolicyProperties"
            },
            {
              "$ref": "https://schema.management.azure.com/schemas/common/definitions.json#/definitions/expression"
            }
          ],
          "description": "The properties of the geo backup policy."
        },
        "type": {
          "type": "string",
          "enum": [
            "geoBackupPolicies"
          ]
        }
      },
      "required": [
        "apiVersion",
        "name",
        "properties",
        "type"
      ],
      "description": "Microsoft.Sql/servers/databases/geoBackupPolicies"
    },
    "servers_databases_securityAlertPolicies_childResource": {
      "type": "object",
      "properties": {
        "apiVersion": {
          "type": "string",
          "enum": [
            "2014-04-01"
          ]
        },
        "location": {
          "type": "string",
          "description": "The geo-location where the resource lives"
        },
        "name": {
          "type": "string",
          "enum": [
            "default"
          ],
          "description": "The name of the security alert policy."
        },
        "properties": {
          "oneOf": [
            {
              "$ref": "#/definitions/DatabaseSecurityAlertPolicyProperties"
            },
            {
              "$ref": "https://schema.management.azure.com/schemas/common/definitions.json#/definitions/expression"
            }
          ],
          "description": "Properties for a database Threat Detection policy."
        },
        "type": {
          "type": "string",
          "enum": [
            "securityAlertPolicies"
          ]
        }
      },
      "required": [
        "apiVersion",
        "name",
        "properties",
        "type"
      ],
      "description": "Microsoft.Sql/servers/databases/securityAlertPolicies"
    },
    "servers_databases_transparentDataEncryption_childResource": {
      "type": "object",
      "properties": {
        "apiVersion": {
          "type": "string",
          "enum": [
            "2014-04-01"
          ]
        },
        "name": {
          "type": "string",
          "enum": [
            "current"
          ],
          "description": "The name of the transparent data encryption configuration."
        },
        "properties": {
          "oneOf": [
            {
              "$ref": "#/definitions/TransparentDataEncryptionProperties"
            },
            {
              "$ref": "https://schema.management.azure.com/schemas/common/definitions.json#/definitions/expression"
            }
          ],
          "description": "Represents the properties of a database transparent data encryption."
        },
        "type": {
          "type": "string",
          "enum": [
            "transparentDataEncryption"
          ]
        }
      },
      "required": [
        "apiVersion",
        "name",
        "properties",
        "type"
      ],
      "description": "Microsoft.Sql/servers/databases/transparentDataEncryption"
    },
    "servers_disasterRecoveryConfiguration_childResource": {
      "type": "object",
      "properties": {
        "apiVersion": {
          "type": "string",
          "enum": [
            "2014-04-01"
          ]
        },
        "name": {
          "type": "string",
          "description": "The name of the disaster recovery configuration to be created/updated."
        },
        "type": {
          "type": "string",
          "enum": [
            "disasterRecoveryConfiguration"
          ]
        }
      },
      "required": [
        "apiVersion",
        "name",
        "type"
      ],
      "description": "Microsoft.Sql/servers/disasterRecoveryConfiguration"
    },
    "servers_elasticPools_childResource": {
      "type": "object",
      "properties": {
        "apiVersion": {
          "type": "string",
          "enum": [
            "2014-04-01"
          ]
        },
        "location": {
          "type": "string",
          "description": "Resource location."
        },
        "name": {
          "type": "string",
          "description": "The name of the elastic pool to be operated on (updated or created)."
        },
        "properties": {
          "oneOf": [
            {
              "$ref": "#/definitions/ElasticPoolProperties"
            },
            {
              "$ref": "https://schema.management.azure.com/schemas/common/definitions.json#/definitions/expression"
            }
          ],
          "description": "Represents the properties of an elastic pool."
        },
        "tags": {
          "oneOf": [
            {
              "type": "object",
              "additionalProperties": {
                "type": "string"
              },
              "properties": {}
            },
            {
              "$ref": "https://schema.management.azure.com/schemas/common/definitions.json#/definitions/expression"
            }
          ],
          "description": "Resource tags."
        },
        "type": {
          "type": "string",
          "enum": [
            "elasticPools"
          ]
        }
      },
      "required": [
        "apiVersion",
        "location",
        "name",
        "properties",
        "type"
      ],
      "description": "Microsoft.Sql/servers/elasticPools"
    },
    "servers_firewallRules_childResource": {
      "type": "object",
      "properties": {
        "apiVersion": {
          "type": "string",
          "enum": [
            "2014-04-01"
          ]
        },
        "name": {
          "type": "string",
          "description": "The name of the firewall rule."
        },
        "properties": {
          "oneOf": [
            {
              "$ref": "#/definitions/FirewallRuleProperties"
            },
            {
              "$ref": "https://schema.management.azure.com/schemas/common/definitions.json#/definitions/expression"
            }
          ],
          "description": "Represents the properties of a server firewall rule."
        },
        "type": {
          "type": "string",
          "enum": [
            "firewallRules"
          ]
        }
      },
      "required": [
        "apiVersion",
        "name",
        "properties",
        "type"
      ],
      "description": "Microsoft.Sql/servers/firewallRules"
    },
    "ServerTableAuditingPolicyProperties": {
      "type": "object",
      "properties": {
        "auditingState": {
          "type": "string",
          "description": "The state of the policy."
        },
        "auditLogsTableName": {
          "type": "string",
          "description": "The audit logs table name."
        },
        "eventTypesToAudit": {
          "type": "string",
          "description": "Comma-separated list of event types to audit."
        },
        "fullAuditLogsTableName": {
          "type": "string",
          "description": "The full audit logs table name."
        },
        "retentionDays": {
          "type": "string",
          "description": "The number of days to keep in the audit logs."
        },
        "storageAccountKey": {
          "type": "string",
          "description": "The key of the auditing storage account."
        },
        "storageAccountName": {
          "type": "string",
          "description": "The table storage account name"
        },
        "storageAccountResourceGroupName": {
          "type": "string",
          "description": "The table storage account resource group name"
        },
        "storageAccountSecondaryKey": {
          "type": "string",
          "description": "The secondary key of the auditing storage account."
        },
        "storageAccountSubscriptionId": {
          "oneOf": [
            {
              "type": "string",
              "pattern": "^[0-9a-fA-F]{8}(-[0-9a-fA-F]{4}){3}-[0-9a-fA-F]{12}$"
            },
            {
              "$ref": "https://schema.management.azure.com/schemas/common/definitions.json#/definitions/expression"
            }
          ],
          "description": "The table storage subscription Id."
        },
        "storageTableEndpoint": {
          "type": "string",
          "description": "The storage table endpoint."
        }
      },
      "description": "Properties of a server table auditing policy."
    },
    "TransparentDataEncryptionProperties": {
      "type": "object",
      "properties": {
        "status": {
          "oneOf": [
            {
              "type": "string",
              "enum": [
                "Enabled",
                "Disabled"
              ]
            },
            {
              "$ref": "https://schema.management.azure.com/schemas/common/definitions.json#/definitions/expression"
            }
          ],
          "description": "The status of the database transparent data encryption."
        }
      },
      "description": "Represents the properties of a database transparent data encryption."
    }
  }
}