{
  "$schema": "http://json-schema.org/schema#",
  "id": "https://schema.management.azure.com/schemas/0.1.1-preview/CreateUIDefinition.ProviderControl.json#",
  "oneOf": [
    {
      "$ref": "#/definitions/Microsoft.Common.Selector-provider"
    },
    {
      "$ref": "#/definitions/Microsoft.Compute.SizeSelector"
    },
    {
      "$ref": "#/definitions/Microsoft.Storage.StorageAccountSelector"
    },
    {
      "$ref": "#/definitions/Microsoft.Storage.MultiStorageAccountCombo"
    },
    {
      "$ref": "#/definitions/Microsoft.Network.VirtualNetworkCombo"
    },
    {
      "$ref": "#/definitions/Microsoft.Network.PublicIpAddressCombo"
    },
    {
      "$ref": "#/definitions/Microsoft.OperationalInsights.WorkspaceSelector"
    },
    {
      "$ref": "#/definitions/Microsoft.Common.Section-provider"
    },
    {
      "allOf": [
        {
          "$ref": "CreateUIDefinition.CommonControl.json#"
        },
        {
          "not": {
            "$ref": "CreateUIDefinition.CommonControl.json#/definitions/Microsoft.Common.Section-common"
          }
        },
        {
          "not": {
            "$ref": "CreateUIDefinition.CommonControl.json#/definitions/Microsoft.Common.Selector-common"
          }
        }
      ]
    }
  ],
  "definitions": {
    "Microsoft.Common.Section-provider": {
      "type": "object",
      "properties": {
        "name": {
          "type": "string"
        },
        "type": {
          "type": "string",
          "enum": [
            "Microsoft.Common.Section"
          ]
        },
        "label": {
          "type": "string"
        },
        "elements": {
          "type": "array",
          "items": {
            "allOf": [
              {
                "$ref": "#"
              },
              {
                "not": {
                  "$ref": "#/definitions/Microsoft.Common.Section-provider"
                }
              }
            ]
          },
          "minItems": 1
        },
        "visible": {
          "type": [ "boolean", "string" ]
        }
      },
      "additionalProperties": false,
      "required": [
        "name",
        "type",
        "label",
        "elements"
      ]
    },
    "Microsoft.Common.Selector-provider": {
      "type": "object",
      "properties": {
        "name": {
          "type": "string"
        },
        "type": {
          "type": "string",
          "enum": [
            "Microsoft.Common.Selector"
          ]
        },
        "label": {
          "type": "string"
        },
        "sublabel": {
          "type": "object",
          "properties": {
            "prevalidation": {
              "type": "string"
            },
            "postvalidation": {
              "type": "string"
            }
          },
          "additionalProperties": false,
          "required": [
            "prevalidation",
            "postvalidation"
          ]
        },
        "toolTip": {
          "type": "string"
        },
        "bladeTitle": {
          "type": "string"
        },
        "bladeSubtitle": {
          "type": "string"
        },
        "elements": {
          "type": "array",
          "items": {
            "$ref": "#"
          },
          "minItems": 1
        },
        "visible": {
          "type": [ "boolean", "string" ]
        }
      },
      "additionalProperties": false,
      "required": [
        "name",
        "type",
        "label",
        "sublabel",
        "bladeTitle",
        "bladeSubtitle",
        "elements"
      ]
    },
    "Microsoft.Compute.SizeSelector": {
      "type": "object",
      "properties": {
        "name": {
          "type": "string"
        },
        "type": {
          "type": "string",
          "enum": [
            "Microsoft.Compute.SizeSelector"
          ]
        },
        "label": {
          "type": "string"
        },
        "toolTip": {
          "type": "string"
        },
        "recommendedSizes": {
          "type": "array",
          "items": {
            "type": "string"
          },
          "minItems": 1 
        },
        "constraints": {
          "oneOf": [
            {
              "type": "object",
              "properties": {
                "allowedSizes": {
                  "type": "array",
                  "items": {
                    "type": "string"
                  }
                }
              },
              "additionalProperties": false
            },
            {
              "type": "object",
              "properties": {
                "excludedSizes": {
                  "type": "array",
                  "items": {
                    "type": "string"
                  }
                }
              },
              "additionalProperties": false
            }
          ]
        },
        "options": {
          "type": "object",
          "properties": {
            "hideDiskTypeFilter": {
              "type": [ "boolean", "string" ]
            }
          },
          "additionalProperties": false
        },
        "osPlatform": {
          "type": "string"
        },
        "imageReference": {
          "type": "object",
          "properties": {
            "publisher": {
              "type": "string"
            },
            "offer": {
              "type": "string"
            },
            "sku": {
              "type": "string"
            }
          },
          "additionalProperties": false,
          "required": [
            "publisher",
            "offer",
            "sku"
          ]
        },
        "count": {
          "type": [ "integer", "string" ]
        },
        "visible": {
          "type": [ "boolean", "string" ]
        }
      },
      "additionalProperties": false,
      "required": [
        "name",
        "type",
        "label",
        "recommendedSizes",
        "osPlatform"
      ]
    },
    "Microsoft.Storage.StorageAccountSelector": {
      "type": "object",
      "properties": {
        "name": {
          "type": "string"
        },
        "type": {
          "type": "string",
          "enum": [
            "Microsoft.Storage.StorageAccountSelector"
          ]
        },
        "label": {
          "type": "string"
        },
        "toolTip": {
          "type": "string"
        },
        "defaultValue": {
          "type": "object",
          "properties": {
            "name": {
              "type": "string"
            },
            "type": {
              "type": "string"
            }
          },
          "additionalProperties": false
        },
        "constraints": {
          "oneOf": [
            {
              "type": "object",
              "properties": {
                "allowedTypes": {
                  "type": "array",
                  "items": {
                    "type": "string"
                  }
                }
              },
              "additionalProperties": false
            },
            {
              "type": "object",
              "properties": {
                "excludedTypes": {
                  "type": "array",
                  "items": {
                    "type": "string"
                  }
                }
              },
              "additionalProperties": false
            }
          ]
        },
        "options": {
          "type": "object",
          "properties": {
            "hideExisting": {
              "type": [ "boolean", "string" ]
            }
          },
          "additionalProperties": false
        },
        "visible": {
          "type": [ "boolean", "string" ]
        }
      },
      "additionalProperties": false,
      "required": [
        "name",
        "type",
        "label"
      ]
    },
    "Microsoft.Storage.MultiStorageAccountCombo": {
      "type": "object",
      "properties": {
        "name": {
          "type": "string"
        },
        "type": {
          "type": "string",
          "enum": [
            "Microsoft.Storage.MultiStorageAccountCombo"
          ]
        },
        "label": {
          "type": "object",
          "properties": {
            "prefix": {
              "type": "string"
            },
            "type": {
              "type": "string"
            }
          },
          "additionalProperties": false,
          "required": [
            "prefix",
            "type"
          ]
        },
        "toolTip": {
          "type": "object",
          "properties": {
            "prefix": {
              "type": "string"
            },
            "type": {
              "type": "string"
            }
          },
          "additionalProperties": false
        },
        "defaultValue": {
          "type": "object",
          "properties": {
            "prefix": {
              "type": "string"
            },
            "type": {
              "type": "string"
            }
          },
          "additionalProperties": false
        },
        "constraints": {
          "oneOf": [
            {
              "type": "object",
              "properties": {
                "allowedTypes": {
                  "type": "array",
                  "items": {
                    "type": "string"
                  }
                }
              },
              "additionalProperties": false
            },
            {
              "type": "object",
              "properties": {
                "excludedTypes": {
                  "type": "array",
                  "items": {
                    "type": "string"
                  }
                }
              },
              "additionalProperties": false
            }
          ]
        },
        "count": {
          "type": [ "integer", "string" ]
        },
        "visible": {
          "type": [ "boolean", "string" ]
        }
      },
      "additionalProperties": false,
      "required": [
        "name",
        "type",
        "label",
        "count"
      ]
    },
    "Microsoft.Network.VirtualNetworkCombo": {
      "type": "object",
      "properties": {
        "name": {
          "type": "string"
        },
        "type": {
          "type": "string",
          "enum": [
            "Microsoft.Network.VirtualNetworkCombo"
          ]
        },
        "label": {
          "type": "object",
          "properties": {
            "virtualNetwork": {
              "type": "string"
            },
            "subnets": {
              "type": "string"
            }
          },
          "additionalProperties": false,
          "required": [
            "virtualNetwork",
            "subnets"
          ]
        },
        "toolTip": {
          "type": "object",
          "properties": {
            "virtualNetwork": {
              "type": "string"
            },
            "subnets": {
              "type": "string"
            }
          },
          "additionalProperties": false
        },
        "defaultValue": {
          "type": "object",
          "properties": {
            "name": {
              "type": "string"
            },
            "addressPrefixSize": {
              "type": "string"
            }
          },
          "additionalProperties": false
        },
        "constraints": {
          "type": "object",
          "properties": {
            "minAddressPrefixSize": {
              "type": "string"
            }
          },
          "additionalProperties": false,
          "required": [
            "minAddressPrefixSize"
          ]
        },
        "options": {
          "type": "object",
          "properties": {
            "hideExisting": {
              "type": [ "boolean", "string" ]
            }
          },
          "additionalProperties": false
        },
        "subnets": {
          "type": "object",
          "patternProperties": {
            ".": {
              "type": "object",
              "properties": {
                "label": {
                  "type": "string"
                },
                "defaultValue": {
                  "type": "object",
                  "properties": {
                    "name": {
                      "type": "string"
                    },
                    "addressPrefixSize": {
                      "type": "string"
                    }
                  },
                  "additionalProperties": false
                },
                "constraints": {
                  "type": "object",
                  "properties": {
                    "minAddressPrefixSize": {
                      "type": "string"
                    },
                    "minAddressCount": {
                      "type": [ "integer", "string" ]
                    },
                    "requireContiguousAddresses": {
                      "type": [ "boolean", "string" ]
                    }
                  },
                  "additionalProperties": false,
                  "required": [
                    "minAddressPrefixSize"
                  ]
                }
              },
              "additionalProperties": false,
              "required": [
                "label",
                "constraints"
              ]
            }
          },
          "additionalProperties": false,
          "minProperties": 1
        },
        "visible": {
          "type": [ "boolean", "string" ]
        }
      },
      "additionalProperties": false,
      "required": [
        "name",
        "type",
        "label",
        "constraints",
        "subnets"
      ]
    },
    "Microsoft.Network.PublicIpAddressCombo": {
      "type": "object",
      "properties": {
        "name": {
          "type": "string"
        },
        "type": {
          "type": "string",
          "enum": [
            "Microsoft.Network.PublicIpAddressCombo"
          ]
        },
        "label": {
          "type": "object",
          "properties": {
            "publicIpAddress": {
              "type": "string"
            },
            "domainNameLabel": {
              "type": "string"
            }
          },
          "additionalProperties": false,
          "required": [
            "publicIpAddress",
            "domainNameLabel"
          ]
        },
        "toolTip": {
          "type": "object",
          "properties": {
            "publicIpAddress": {
              "type": "string"
            },
            "domainNameLabel": {
              "type": "string"
            }
          },
          "additionalProperties": false
        },
        "defaultValue": {
          "type": "object",
          "properties": {
            "publicIpAddressName": {
              "type": "string"
            },
            "domainNameLabel": {
              "type": "string"
            }
          },
          "additionalProperties": false
        },
        "constraints": {
          "type": "object",
          "properties": {
            "required": {
              "type": "object",
              "properties": {
                "domainNameLabel": {
                  "type": [ "boolean", "string" ]
                }
              },
              "additionalProperties": false
            }
          },
          "additionalProperties": false
        },
        "options": {
          "type": "object",
          "properties": {
            "hideNone": {
              "type": [ "boolean", "string" ]
            },
            "hideDomainNameLabel": {
              "type": [ "boolean", "string" ]
            },
            "hideExisting": {
              "type": [ "boolean", "string" ]
            },
            "sku": {
              "type": "string"
            }
          },
          "additionalProperties": false
        },
        "visible": {
          "type": [ "boolean", "string" ]
        }
      },
      "additionalProperties": false,
      "required": [
        "name",
        "type",
        "label"
      ]
    },
    "Microsoft.OperationalInsights.WorkspaceSelector": {
      "type": "object",
      "properties": {
        "name": {
          "type": "string"
        },
        "type": {
          "type": "string",
          "enum": [
            "Microsoft.OperationalInsights.WorkspaceSelector"
          ]
        },
        "label": {
          "type": "string"
        },
        "toolTip": {
          "type": "string"
        },
        "visible": {
          "type": [ "boolean", "string" ]
        }
      },
      "additionalProperties": false,
      "required": [
        "name",
        "type",
        "label"
      ]
    }
  }
}
