{
  "id": "https://schema.management.azure.com/schemas/2016-07-12-preview/Microsoft.Advisor.json#",
  "$schema": "http://json-schema.org/draft-04/schema#",
  "title": "Microsoft.Advisor",
  "description": "Microsoft Advisor Resource Types",
  "resourceDefinitions": {
    "recommendations_suppressions": {
      "type": "object",
      "properties": {
        "apiVersion": {
          "type": "string",
          "enum": [
            "2016-07-12-preview"
          ]
        },
        "location": {
          "type": "string",
          "description": "The location of the resource. This cannot be changed after the resource is created."
        },
        "name": {
          "type": "string",
          "description": "The name of the suppression."
        },
        "suppressionId": {
          "type": "string",
          "description": "The GUID of the suppression."
        },
        "tags": {
          "oneOf": [
            {
              "type": "object",
              "additionalProperties": {
                "type": "string"
              },
              "properties": {}
            },
            {
              "$ref": "https://schema.management.azure.com/schemas/common/definitions.json#/definitions/expression"
            }
          ],
          "description": "The tags of the resource."
        },
        "ttl": {
          "type": "string",
          "description": "The duration for which the suppression is valid."
        },
        "type": {
          "type": "string",
          "enum": [
            "Microsoft.Advisor/suppressions"
          ]
        }
      },
      "required": [
        "apiVersion",
        "name",
        "type"
      ],
      "description": "Microsoft.Advisor/suppressions"
    }
  },
  "definitions": {}
}