{
  "id": "https://schema.management.azure.com/schemas/2019-06-01-preview/Microsoft.Resources.json#",
  "$schema": "http://json-schema.org/draft-04/schema#",
  "title": "Microsoft.Resources",
  "description": "Microsoft Resources Resource Types",
  "resourceDefinitions": {
    "templateSpecs": {
      "type": "object",
      "properties": {
        "apiVersion": {
          "type": "string",
          "enum": [
            "2019-06-01-preview"
          ]
        },
        "location": {
          "type": "string",
          "description": "The location of the Template Spec. It cannot be changed after Template Spec creation. It must be one of the supported Azure locations."
        },
        "name": {
          "oneOf": [
            {
              "type": "string",
              "pattern": "^[-\\w\\._\\(\\)]+$",
              "minLength": 1,
              "maxLength": 90
            },
            {
              "$ref": "https://schema.management.azure.com/schemas/common/definitions.json#/definitions/expression"
            }
          ],
          "description": "Name of the Template Spec."
        },
        "properties": {
          "oneOf": [
            {
              "$ref": "#/definitions/TemplateSpecProperties"
            },
            {
              "$ref": "https://schema.management.azure.com/schemas/common/definitions.json#/definitions/expression"
            }
          ],
          "description": "Template Spec properties."
        },
        "resources": {
          "type": "array",
          "items": {
            "oneOf": [
              {
                "$ref": "#/definitions/templateSpecs_versions_childResource"
              }
            ]
          }
        },
        "tags": {
          "oneOf": [
            {
              "type": "object",
              "additionalProperties": {
                "type": "string"
              },
              "properties": {}
            },
            {
              "$ref": "https://schema.management.azure.com/schemas/common/definitions.json#/definitions/expression"
            }
          ],
          "description": "Resource tags."
        },
        "type": {
          "type": "string",
          "enum": [
            "Microsoft.Resources/templateSpecs"
          ]
        }
      },
      "required": [
        "apiVersion",
        "location",
        "name",
        "properties",
        "type"
      ],
      "description": "Microsoft.Resources/templateSpecs"
    },
    "templateSpecs_versions": {
      "type": "object",
      "properties": {
        "apiVersion": {
          "type": "string",
          "enum": [
            "2019-06-01-preview"
          ]
        },
        "location": {
          "type": "string",
          "description": "The location of the Template Spec Version. It must match the location of the parent Template Spec."
        },
        "name": {
          "oneOf": [
            {
              "type": "string",
              "pattern": "^[-\\w\\._\\(\\)]+$",
              "minLength": 1,
              "maxLength": 90
            },
            {
              "$ref": "https://schema.management.azure.com/schemas/common/definitions.json#/definitions/expression"
            }
          ],
          "description": "The version of the Template Spec."
        },
        "properties": {
          "oneOf": [
            {
              "$ref": "#/definitions/TemplateSpecVersionProperties"
            },
            {
              "$ref": "https://schema.management.azure.com/schemas/common/definitions.json#/definitions/expression"
            }
          ],
          "description": "Template Spec Version properties."
        },
        "tags": {
          "oneOf": [
            {
              "type": "object",
              "additionalProperties": {
                "type": "string"
              },
              "properties": {}
            },
            {
              "$ref": "https://schema.management.azure.com/schemas/common/definitions.json#/definitions/expression"
            }
          ],
          "description": "Resource tags."
        },
        "type": {
          "type": "string",
          "enum": [
            "Microsoft.Resources/templateSpecs/versions"
          ]
        }
      },
      "required": [
        "apiVersion",
        "location",
        "name",
        "properties",
        "type"
      ],
      "description": "Microsoft.Resources/templateSpecs/versions"
    }
  },
  "definitions": {
    "TemplateSpecArtifact": {
      "type": "object",
      "oneOf": [
        {
          "$ref": "#/definitions/TemplateSpecTemplateArtifact"
        }
      ],
      "properties": {
        "path": {
          "type": "string",
          "description": "A filesystem safe relative path of the artifact."
        }
      },
      "required": [
        "path"
      ],
      "description": "Represents a Template Spec artifact."
    },
    "TemplateSpecProperties": {
      "type": "object",
      "properties": {
        "description": {
          "type": "string",
          "maxLength": 4096,
          "description": "Template Spec description."
        },
        "displayName": {
          "type": "string",
          "maxLength": 64,
          "description": "Template Spec display name."
        }
      },
      "description": "Template Spec properties."
    },
    "templateSpecs_versions_childResource": {
      "type": "object",
      "properties": {
        "apiVersion": {
          "type": "string",
          "enum": [
            "2019-06-01-preview"
          ]
        },
        "location": {
          "type": "string",
          "description": "The location of the Template Spec Version. It must match the location of the parent Template Spec."
        },
        "name": {
          "oneOf": [
            {
              "type": "string",
              "pattern": "^[-\\w\\._\\(\\)]+$",
              "minLength": 1,
              "maxLength": 90
            },
            {
              "$ref": "https://schema.management.azure.com/schemas/common/definitions.json#/definitions/expression"
            }
          ],
          "description": "The version of the Template Spec."
        },
        "properties": {
          "oneOf": [
            {
              "$ref": "#/definitions/TemplateSpecVersionProperties"
            },
            {
              "$ref": "https://schema.management.azure.com/schemas/common/definitions.json#/definitions/expression"
            }
          ],
          "description": "Template Spec Version properties."
        },
        "tags": {
          "oneOf": [
            {
              "type": "object",
              "additionalProperties": {
                "type": "string"
              },
              "properties": {}
            },
            {
              "$ref": "https://schema.management.azure.com/schemas/common/definitions.json#/definitions/expression"
            }
          ],
          "description": "Resource tags."
        },
        "type": {
          "type": "string",
          "enum": [
            "versions"
          ]
        }
      },
      "required": [
        "apiVersion",
        "location",
        "name",
        "properties",
        "type"
      ],
      "description": "Microsoft.Resources/templateSpecs/versions"
    },
    "TemplateSpecTemplateArtifact": {
      "type": "object",
      "properties": {
        "kind": {
          "type": "string",
          "enum": [
            "template"
          ]
        },
        "template": {
          "type": "object",
          "properties": {},
          "description": "The Azure Resource Manager template."
        }
      },
      "required": [
        "kind",
        "template"
      ],
      "description": "Represents a Template Spec artifact containing an embedded Azure Resource Manager template."
    },
    "TemplateSpecVersionProperties": {
      "type": "object",
      "properties": {
        "artifacts": {
          "oneOf": [
            {
              "type": "array",
              "items": {
                "$ref": "#/definitions/TemplateSpecArtifact"
              }
            },
            {
              "$ref": "https://schema.management.azure.com/schemas/common/definitions.json#/definitions/expression"
            }
          ],
          "description": "An array of Template Spec artifacts."
        },
        "description": {
          "type": "string",
          "maxLength": 4096,
          "description": "Template Spec version description."
        },
        "template": {
          "type": "object",
          "properties": {},
          "description": "The Azure Resource Manager template content."
        }
      },
      "description": "Template Spec Version properties."
    }
  },
  "subscription_resourceDefinitions": {
    "resourceGroups": {
      "type": "object",
      "properties": {
        "name": {
          "oneOf": [
            {
              "type": "string",
              "pattern": "^[-\\w\\._\\(\\)]+$",
              "maxLength": 90,
              "description": "the resource group name"
            },
            {
              "$ref": "https://schema.management.azure.com/schemas/common/definitions.json#/definitions/expression"
            }
          ]
        },
        "type": {
          "type": "string",
          "enum": [
            "Microsoft.Resources/resourceGroups"
          ]
        },
        "apiVersion": {
          "type": "string",
          "enum": [
            "2019-06-01-preview"
          ]
        },
        "location": {
          "type": "string",
          "description": "the resource group location"
        },
        "tags": {
          "oneOf": [
            {
              "type": "object",
              "additionalProperties": {
                "type": "string"
              }
            },
            {
              "$ref": "https://schema.management.azure.com/schemas/common/definitions.json#/definitions/expression"
            }
          ],
          "description": "The resource group tags."
        }
      },
      "required": [
        "name",
        "type",
        "apiVersion",
        "location"
      ],
      "description": "Microsoft.Resources/resourceGroups"
    }
  }
}