{
  "id": "https://schema.management.azure.com/schemas/2019-01-01-preview/Microsoft.AzureActiveDirectory.json#",
  "$schema": "http://json-schema.org/draft-04/schema#",
  "title": "Microsoft.AzureActiveDirectory",
  "description": "Microsoft AzureActiveDirectory Resource Types",
  "resourceDefinitions": {
    "b2cDirectories": {
      "type": "object",
      "properties": {
        "apiVersion": {
          "type": "string",
          "enum": [
            "2019-01-01-preview"
          ]
        },
        "location": {
          "type": "string",
          "description": "The location in which the resource is hosted and data resides. Can be one of 'United States', 'Europe', 'Asia Pacific', or 'Australia' (preview). Refer to [this documentation](https://aka.ms/B2CDataResidency) for more information."
        },
        "name": {
          "type": "string",
          "description": "The initial domain name of the B2C tenant."
        },
        "properties": {
          "oneOf": [
            {
              "$ref": "#/definitions/CreateTenantRequestBodyProperties"
            },
            {
              "$ref": "https://schema.management.azure.com/schemas/common/definitions.json#/definitions/expression"
            }
          ]
        },
        "sku": {
          "oneOf": [
            {
              "$ref": "#/definitions/B2CResourceSKU"
            },
            {
              "$ref": "https://schema.management.azure.com/schemas/common/definitions.json#/definitions/expression"
            }
          ],
          "description": "SKU properties of the Azure AD B2C tenant. Learn more about Azure AD B2C billing at [aka.ms/b2cBilling](https://aka.ms/b2cBilling)."
        },
        "tags": {
          "oneOf": [
            {
              "type": "object",
              "additionalProperties": {
                "type": "string"
              },
              "properties": {}
            },
            {
              "$ref": "https://schema.management.azure.com/schemas/common/definitions.json#/definitions/expression"
            }
          ],
          "description": "Resource Tags"
        },
        "type": {
          "type": "string",
          "enum": [
            "Microsoft.AzureActiveDirectory/b2cDirectories"
          ]
        }
      },
      "required": [
        "apiVersion",
        "location",
        "name",
        "properties",
        "sku",
        "type"
      ],
      "description": "Microsoft.AzureActiveDirectory/b2cDirectories"
    }
  },
  "definitions": {
    "B2CResourceSKU": {
      "type": "object",
      "properties": {
        "name": {
          "oneOf": [
            {
              "type": "string",
              "enum": [
                "Standard",
                "PremiumP1",
                "PremiumP2"
              ]
            },
            {
              "$ref": "https://schema.management.azure.com/schemas/common/definitions.json#/definitions/expression"
            }
          ],
          "description": "The name of the SKU for the tenant."
        },
        "tier": {
          "oneOf": [
            {
              "type": "string",
              "enum": [
                "A0"
              ]
            },
            {
              "$ref": "https://schema.management.azure.com/schemas/common/definitions.json#/definitions/expression"
            }
          ],
          "description": "The tier of the tenant."
        }
      },
      "description": "SKU properties of the Azure AD B2C tenant. Learn more about Azure AD B2C billing at [aka.ms/b2cBilling](https://aka.ms/b2cBilling)."
    },
    "CreateTenantProperties": {
      "type": "object",
      "properties": {
        "countryCode": {
          "type": "string",
          "description": "Country code of Azure tenant (e.g. 'US'). Refer to [aka.ms/B2CDataResidency](https://aka.ms/B2CDataResidency) to see valid country codes and corresponding data residency locations. If you do not see a country code in an valid data residency location, choose one from the list."
        },
        "displayName": {
          "type": "string",
          "description": "The display name of the B2C tenant."
        }
      },
      "description": "These properties are used to create the Azure AD B2C tenant. These properties are not part of the Azure resource."
    },
    "CreateTenantRequestBodyProperties": {
      "type": "object",
      "properties": {
        "createTenantProperties": {
          "oneOf": [
            {
              "$ref": "#/definitions/CreateTenantProperties"
            },
            {
              "$ref": "https://schema.management.azure.com/schemas/common/definitions.json#/definitions/expression"
            }
          ],
          "description": "These properties are used to create the Azure AD B2C tenant. These properties are not part of the Azure resource."
        }
      }
    }
  }
}