{
  "id": "https://schema.management.azure.com/schemas/2019-05-01/Microsoft.Resources.json#",
  "$schema": "http://json-schema.org/draft-04/schema#",
  "title": "Microsoft.Resources",
  "description": "Microsoft Resources Resource Types",
  "resourceDefinitions": {
    "deployments": {
      "type": "object",
      "properties": {
        "apiVersion": {
          "type": "string",
          "enum": [
            "2019-05-01"
          ]
        },
        "location": {
          "type": "string",
          "description": "The location to store the deployment data."
        },
        "name": {
          "oneOf": [
            {
              "type": "string",
              "pattern": "^[-\\w\\._\\(\\)]+$",
              "minLength": 1,
              "maxLength": 64
            },
            {
              "$ref": "https://schema.management.azure.com/schemas/common/definitions.json#/definitions/expression"
            }
          ],
          "description": "The name of the deployment."
        },
        "properties": {
          "oneOf": [
            {
              "$ref": "#/definitions/DeploymentProperties"
            },
            {
              "$ref": "https://schema.management.azure.com/schemas/common/definitions.json#/definitions/expression"
            }
          ],
          "description": "Deployment properties."
        },
        "type": {
          "type": "string",
          "enum": [
            "Microsoft.Resources/deployments"
          ]
        },
        "subscriptionId": {
          "type": "string",
          "description": "The subscription to deploy to"
        },
        "resourceGroup": {
          "type": "string",
          "description": "The resource group to deploy to",
          "pattern": "^[-\\w\\._\\(\\)]+$",
          "maxLength": 90
        }
      },
      "required": [
        "apiVersion",
        "name",
        "properties",
        "type"
      ],
      "description": "Microsoft.Resources/deployments"
    }
  },
  "subscription_resourceDefinitions": {
    "deployments": {
      "type": "object",
      "properties": {
        "apiVersion": {
          "type": "string",
          "enum": [
            "2019-05-01"
          ]
        },
        "location": {
          "type": "string",
          "description": "The location to store the deployment data."
        },
        "name": {
          "oneOf": [
            {
              "type": "string",
              "pattern": "^[-\\w\\._\\(\\)]+$",
              "minLength": 1,
              "maxLength": 64
            },
            {
              "$ref": "https://schema.management.azure.com/schemas/common/definitions.json#/definitions/expression"
            }
          ],
          "description": "The name of the deployment."
        },
        "properties": {
          "oneOf": [
            {
              "$ref": "#/definitions/DeploymentProperties"
            },
            {
              "$ref": "https://schema.management.azure.com/schemas/common/definitions.json#/definitions/expression"
            }
          ],
          "description": "Deployment properties."
        },
        "type": {
          "type": "string",
          "enum": [
            "Microsoft.Resources/deployments"
          ]
        },
        "resourceGroup": {
          "type": "string",
          "description": "The resource group to deploy to",
          "pattern": "^[-\\w\\._\\(\\)]+$",
          "maxLength": 90
        }
      },
      "required": [
        "apiVersion",
        "name",
        "properties",
        "type"
      ],
      "description": "Microsoft.Resources/deployments"
    },
    "resourceGroups": {
      "type": "object",
      "properties": {
        "name": {
          "oneOf": [
            {
              "type": "string",
              "pattern": "^[-\\w\\._\\(\\)]+$",
              "maxLength": 90,
              "description": "the resource group name"
            },
            {
              "$ref": "https://schema.management.azure.com/schemas/common/definitions.json#/definitions/expression"
            }
          ]
        },
        "type": {
          "type": "string",
          "enum": [
            "Microsoft.Resources/resourceGroups"
          ]
        },
        "apiVersion": {
          "type": "string",
          "enum": [
            "2019-05-01"
          ]
        },
        "location": {
          "type": "string",
          "description": "the resource group location"
        },
        "tags": {
          "oneOf": [
            {
              "type": "object",
              "additionalProperties": {
                "type": "string"
              }
            },
            {
              "$ref": "https://schema.management.azure.com/schemas/common/definitions.json#/definitions/expression"
            }
          ],
          "description": "The resource group tags."
        }
      },
      "required": [
        "name",
        "type",
        "apiVersion",
        "location"
      ],
      "description": "Microsoft.Resources/resourceGroups"
    }
  },
  "managementGroup_resourceDefinitions": {
    "deployments": {
      "type": "object",
      "properties": {
        "apiVersion": {
          "type": "string",
          "enum": [
            "2019-05-01"
          ]
        },
        "location": {
          "type": "string",
          "description": "The location to store the deployment data."
        },
        "name": {
          "oneOf": [
            {
              "type": "string",
              "pattern": "^[-\\w\\._\\(\\)]+$",
              "minLength": 1,
              "maxLength": 64
            },
            {
              "$ref": "https://schema.management.azure.com/schemas/common/definitions.json#/definitions/expression"
            }
          ],
          "description": "The name of the deployment."
        },
        "properties": {
          "oneOf": [
            {
              "$ref": "#/definitions/DeploymentProperties"
            },
            {
              "$ref": "https://schema.management.azure.com/schemas/common/definitions.json#/definitions/expression"
            }
          ],
          "description": "Deployment properties."
        },
        "type": {
          "type": "string",
          "enum": [
            "Microsoft.Resources/deployments"
          ]
        },
        "subscriptionId": {
          "type": "string",
          "description": "The subscription to deploy to"
        }
      },
      "required": [
        "apiVersion",
        "name",
        "properties",
        "type"
      ],
      "description": "Microsoft.Resources/deployments"
    }
  },
  "definitions": {
    "DebugSetting": {
      "type": "object",
      "properties": {
        "detailLevel": {
          "type": "string",
          "description": "Specifies the type of information to log for debugging. The permitted values are none, requestContent, responseContent, or both requestContent and responseContent separated by a comma. The default is none. When setting this value, carefully consider the type of information you are passing in during deployment. By logging information about the request or response, you could potentially expose sensitive data that is retrieved through the deployment operations."
        }
      },
      "description": "The debug setting."
    },
    "DeploymentProperties": {
      "type": "object",
      "properties": {
        "debugSetting": {
          "oneOf": [
            {
              "$ref": "#/definitions/DebugSetting"
            },
            {
              "$ref": "https://schema.management.azure.com/schemas/common/definitions.json#/definitions/expression"
            }
          ],
          "description": "The debug setting."
        },
        "mode": {
          "oneOf": [
            {
              "type": "string",
              "enum": [
                "Incremental",
                "Complete"
              ]
            },
            {
              "$ref": "https://schema.management.azure.com/schemas/common/definitions.json#/definitions/expression"
            }
          ],
          "description": "The mode that is used to deploy resources. This value can be either Incremental or Complete. In Incremental mode, resources are deployed without deleting existing resources that are not included in the template. In Complete mode, resources are deployed and existing resources in the resource group that are not included in the template are deleted. Be careful when using Complete mode as you may unintentionally delete resources."
        },
        "onErrorDeployment": {
          "oneOf": [
            {
              "$ref": "#/definitions/OnErrorDeployment"
            },
            {
              "$ref": "https://schema.management.azure.com/schemas/common/definitions.json#/definitions/expression"
            }
          ],
          "description": "Deployment on error behavior."
        },
        "parameters": {
          "type": "object",
          "properties": {},
          "description": "Name and value pairs that define the deployment parameters for the template. You use this element when you want to provide the parameter values directly in the request rather than link to an existing parameter file. Use either the parametersLink property or the parameters property, but not both. It can be a JObject or a well formed JSON string."
        },
        "parametersLink": {
          "oneOf": [
            {
              "$ref": "#/definitions/ParametersLink"
            },
            {
              "$ref": "https://schema.management.azure.com/schemas/common/definitions.json#/definitions/expression"
            }
          ],
          "description": "Entity representing the reference to the deployment parameters."
        },
        "template": {
          "type": "object",
          "properties": {},
          "description": "The template content. You use this element when you want to pass the template syntax directly in the request rather than link to an existing template. It can be a JObject or well-formed JSON string. Use either the templateLink property or the template property, but not both."
        },
        "templateLink": {
          "oneOf": [
            {
              "$ref": "#/definitions/TemplateLink"
            },
            {
              "$ref": "https://schema.management.azure.com/schemas/common/definitions.json#/definitions/expression"
            }
          ],
          "description": "Entity representing the reference to the template."
        }
      },
      "required": [
        "mode"
      ],
      "description": "Deployment properties."
    },
    "OnErrorDeployment": {
      "type": "object",
      "properties": {
        "deploymentName": {
          "type": "string",
          "description": "The deployment to be used on error case."
        },
        "type": {
          "oneOf": [
            {
              "type": "string",
              "enum": [
                "LastSuccessful",
                "SpecificDeployment"
              ]
            },
            {
              "$ref": "https://schema.management.azure.com/schemas/common/definitions.json#/definitions/expression"
            }
          ],
          "description": "The deployment on error behavior type. Possible values are LastSuccessful and SpecificDeployment."
        }
      },
      "description": "Deployment on error behavior."
    },
    "ParametersLink": {
      "type": "object",
      "properties": {
        "contentVersion": {
          "type": "string",
          "description": "If included, must match the ContentVersion in the template."
        },
        "uri": {
          "type": "string",
          "description": "The URI of the parameters file."
        }
      },
      "required": [
        "uri"
      ],
      "description": "Entity representing the reference to the deployment parameters."
    },
    "TemplateLink": {
      "type": "object",
      "properties": {
        "contentVersion": {
          "type": "string",
          "description": "If included, must match the ContentVersion in the template."
        },
        "uri": {
          "type": "string",
          "description": "The URI of the template to deploy."
        }
      },
      "required": [
        "uri"
      ],
      "description": "Entity representing the reference to the template."
    }
  }
}