{
  "id": "https://schema.management.azure.com/schemas/2019-04-15/Microsoft.Cdn.json#",
  "$schema": "http://json-schema.org/draft-04/schema#",
  "title": "Microsoft.Cdn",
  "description": "Microsoft Cdn Resource Types",
  "resourceDefinitions": {
    "profiles": {
      "type": "object",
      "properties": {
        "apiVersion": {
          "type": "string",
          "enum": [
            "2019-04-15"
          ]
        },
        "location": {
          "type": "string",
          "description": "Resource location."
        },
        "name": {
          "type": "string",
          "description": "Name of the CDN profile which is unique within the resource group."
        },
        "properties": {
          "oneOf": [
            {
              "$ref": "#/definitions/ProfileProperties"
            },
            {
              "$ref": "https://schema.management.azure.com/schemas/common/definitions.json#/definitions/expression"
            }
          ],
          "description": "The JSON object that contains the properties required to create a profile."
        },
        "resources": {
          "type": "array",
          "items": {
            "oneOf": [
              {
                "$ref": "#/definitions/profiles_endpoints_childResource"
              }
            ]
          }
        },
        "sku": {
          "oneOf": [
            {
              "$ref": "#/definitions/Sku"
            },
            {
              "$ref": "https://schema.management.azure.com/schemas/common/definitions.json#/definitions/expression"
            }
          ],
          "description": "The pricing tier (defines a CDN provider, feature list and rate) of the CDN profile."
        },
        "tags": {
          "oneOf": [
            {
              "type": "object",
              "additionalProperties": {
                "type": "string"
              },
              "properties": {}
            },
            {
              "$ref": "https://schema.management.azure.com/schemas/common/definitions.json#/definitions/expression"
            }
          ],
          "description": "Resource tags."
        },
        "type": {
          "type": "string",
          "enum": [
            "Microsoft.Cdn/profiles"
          ]
        }
      },
      "required": [
        "apiVersion",
        "location",
        "name",
        "properties",
        "sku",
        "type"
      ],
      "description": "Microsoft.Cdn/profiles"
    },
    "profiles_endpoints": {
      "type": "object",
      "properties": {
        "apiVersion": {
          "type": "string",
          "enum": [
            "2019-04-15"
          ]
        },
        "location": {
          "type": "string",
          "description": "Resource location."
        },
        "name": {
          "type": "string",
          "description": "Name of the endpoint under the profile which is unique globally."
        },
        "properties": {
          "oneOf": [
            {
              "$ref": "#/definitions/EndpointProperties"
            },
            {
              "$ref": "https://schema.management.azure.com/schemas/common/definitions.json#/definitions/expression"
            }
          ],
          "description": "The JSON object that contains the properties required to create an endpoint."
        },
        "resources": {
          "type": "array",
          "items": {
            "oneOf": [
              {
                "$ref": "#/definitions/profiles_endpoints_customDomains_childResource"
              }
            ]
          }
        },
        "tags": {
          "oneOf": [
            {
              "type": "object",
              "additionalProperties": {
                "type": "string"
              },
              "properties": {}
            },
            {
              "$ref": "https://schema.management.azure.com/schemas/common/definitions.json#/definitions/expression"
            }
          ],
          "description": "Resource tags."
        },
        "type": {
          "type": "string",
          "enum": [
            "Microsoft.Cdn/profiles/endpoints"
          ]
        }
      },
      "required": [
        "apiVersion",
        "location",
        "name",
        "properties",
        "type"
      ],
      "description": "Microsoft.Cdn/profiles/endpoints"
    },
    "profiles_endpoints_customDomains": {
      "type": "object",
      "properties": {
        "apiVersion": {
          "type": "string",
          "enum": [
            "2019-04-15"
          ]
        },
        "name": {
          "type": "string",
          "description": "Name of the custom domain within an endpoint."
        },
        "properties": {
          "oneOf": [
            {
              "$ref": "#/definitions/CustomDomainPropertiesParameters"
            },
            {
              "$ref": "https://schema.management.azure.com/schemas/common/definitions.json#/definitions/expression"
            }
          ],
          "description": "The JSON object that contains the properties of the custom domain to create."
        },
        "type": {
          "type": "string",
          "enum": [
            "Microsoft.Cdn/profiles/endpoints/customDomains"
          ]
        }
      },
      "required": [
        "apiVersion",
        "name",
        "properties",
        "type"
      ],
      "description": "Microsoft.Cdn/profiles/endpoints/customDomains"
    }
  },
  "definitions": {
    "CacheExpirationActionParameters": {
      "type": "object",
      "properties": {
        "@odata.type": {
          "oneOf": [
            {
              "type": "string",
              "enum": [
                "#Microsoft.Azure.Cdn.Models.DeliveryRuleCacheExpirationActionParameters"
              ]
            },
            {
              "$ref": "https://schema.management.azure.com/schemas/common/definitions.json#/definitions/expression"
            }
          ]
        },
        "cacheBehavior": {
          "oneOf": [
            {
              "type": "string",
              "enum": [
                "BypassCache",
                "Override",
                "SetIfMissing"
              ]
            },
            {
              "$ref": "https://schema.management.azure.com/schemas/common/definitions.json#/definitions/expression"
            }
          ],
          "description": "Caching behavior for the requests."
        },
        "cacheDuration": {
          "type": "string",
          "description": "The duration for which the content needs to be cached. Allowed format is [d.]hh:mm:ss"
        },
        "cacheType": {
          "oneOf": [
            {
              "type": "string",
              "enum": [
                "All"
              ]
            },
            {
              "$ref": "https://schema.management.azure.com/schemas/common/definitions.json#/definitions/expression"
            }
          ],
          "description": "The level at which the content needs to be cached."
        }
      },
      "required": [
        "@odata.type",
        "cacheBehavior",
        "cacheType"
      ],
      "description": "Defines the parameters for the cache expiration action."
    },
    "CacheKeyQueryStringActionParameters": {
      "type": "object",
      "properties": {
        "@odata.type": {
          "oneOf": [
            {
              "type": "string",
              "enum": [
                "#Microsoft.Azure.Cdn.Models.DeliveryRuleCacheKeyQueryStringBehaviorActionParameters"
              ]
            },
            {
              "$ref": "https://schema.management.azure.com/schemas/common/definitions.json#/definitions/expression"
            }
          ]
        },
        "queryParameters": {
          "type": "string",
          "description": "query parameters to include or exclude (comma separated)."
        },
        "queryStringBehavior": {
          "oneOf": [
            {
              "type": "string",
              "enum": [
                "Include",
                "IncludeAll",
                "Exclude",
                "ExcludeAll"
              ]
            },
            {
              "$ref": "https://schema.management.azure.com/schemas/common/definitions.json#/definitions/expression"
            }
          ],
          "description": "Caching behavior for the requests."
        }
      },
      "required": [
        "@odata.type",
        "queryStringBehavior"
      ],
      "description": "Defines the parameters for the cache-key query string action."
    },
    "CookiesMatchConditionParameters": {
      "type": "object",
      "properties": {
        "@odata.type": {
          "oneOf": [
            {
              "type": "string",
              "enum": [
                "#Microsoft.Azure.Cdn.Models.DeliveryRuleCookiesConditionParameters"
              ]
            },
            {
              "$ref": "https://schema.management.azure.com/schemas/common/definitions.json#/definitions/expression"
            }
          ]
        },
        "matchValues": {
          "oneOf": [
            {
              "type": "array",
              "items": {
                "type": "string"
              }
            },
            {
              "$ref": "https://schema.management.azure.com/schemas/common/definitions.json#/definitions/expression"
            }
          ],
          "description": "The match value for the condition of the delivery rule"
        },
        "negateCondition": {
          "oneOf": [
            {
              "type": "boolean"
            },
            {
              "$ref": "https://schema.management.azure.com/schemas/common/definitions.json#/definitions/expression"
            }
          ],
          "description": "Describes if this is negate condition or not"
        },
        "operator": {
          "oneOf": [
            {
              "type": "string",
              "enum": [
                "Any",
                "Equal",
                "Contains",
                "BeginsWith",
                "EndsWith",
                "LessThan",
                "LessThanOrEqual",
                "GreaterThan",
                "GreaterThanOrEqual"
              ]
            },
            {
              "$ref": "https://schema.management.azure.com/schemas/common/definitions.json#/definitions/expression"
            }
          ],
          "description": "Describes operator to be matched."
        },
        "selector": {
          "type": "string",
          "description": "Name of Cookies to be matched"
        },
        "transforms": {
          "oneOf": [
            {
              "type": "array",
              "items": {
                "type": "string",
                "enum": [
                  "Lowercase",
                  "Uppercase",
                  "Trim",
                  "UrlDecode",
                  "UrlEncode",
                  "RemoveNulls"
                ]
              }
            },
            {
              "$ref": "https://schema.management.azure.com/schemas/common/definitions.json#/definitions/expression"
            }
          ],
          "description": "List of transforms"
        }
      },
      "required": [
        "@odata.type",
        "operator"
      ],
      "description": "Defines the parameters for Cookies match conditions"
    },
    "CustomDomainPropertiesParameters": {
      "type": "object",
      "properties": {
        "hostName": {
          "type": "string",
          "description": "The host name of the custom domain. Must be a domain name."
        }
      },
      "required": [
        "hostName"
      ],
      "description": "The JSON object that contains the properties of the custom domain to create."
    },
    "DeepCreatedOrigin": {
      "type": "object",
      "properties": {
        "name": {
          "type": "string",
          "description": "Origin name"
        },
        "properties": {
          "oneOf": [
            {
              "$ref": "#/definitions/DeepCreatedOriginProperties"
            },
            {
              "$ref": "https://schema.management.azure.com/schemas/common/definitions.json#/definitions/expression"
            }
          ],
          "description": "Properties of the origin created on the CDN endpoint."
        }
      },
      "required": [
        "name"
      ],
      "description": "The main origin of CDN content which is added when creating a CDN endpoint."
    },
    "DeepCreatedOriginProperties": {
      "type": "object",
      "properties": {
        "hostName": {
          "type": "string",
          "description": "The address of the origin. It can be a domain name, IPv4 address, or IPv6 address."
        },
        "httpPort": {
          "oneOf": [
            {
              "type": "integer",
              "minimum": 1,
              "maximum": 65535
            },
            {
              "$ref": "https://schema.management.azure.com/schemas/common/definitions.json#/definitions/expression"
            }
          ],
          "description": "The value of the HTTP port. Must be between 1 and 65535"
        },
        "httpsPort": {
          "oneOf": [
            {
              "type": "integer",
              "minimum": 1,
              "maximum": 65535
            },
            {
              "$ref": "https://schema.management.azure.com/schemas/common/definitions.json#/definitions/expression"
            }
          ],
          "description": "The value of the HTTPS port. Must be between 1 and 65535"
        }
      },
      "required": [
        "hostName"
      ],
      "description": "Properties of the origin created on the CDN endpoint."
    },
    "DeliveryRule": {
      "type": "object",
      "properties": {
        "actions": {
          "oneOf": [
            {
              "type": "array",
              "items": {
                "$ref": "#/definitions/DeliveryRuleAction1"
              }
            },
            {
              "$ref": "https://schema.management.azure.com/schemas/common/definitions.json#/definitions/expression"
            }
          ],
          "description": "A list of actions that are executed when all the conditions of a rule are satisfied."
        },
        "conditions": {
          "oneOf": [
            {
              "type": "array",
              "items": {
                "$ref": "#/definitions/DeliveryRuleCondition"
              }
            },
            {
              "$ref": "https://schema.management.azure.com/schemas/common/definitions.json#/definitions/expression"
            }
          ],
          "description": "A list of conditions that must be matched for the actions to be executed"
        },
        "name": {
          "type": "string",
          "description": "Name of the rule"
        },
        "order": {
          "oneOf": [
            {
              "type": "integer"
            },
            {
              "$ref": "https://schema.management.azure.com/schemas/common/definitions.json#/definitions/expression"
            }
          ],
          "description": "The order in which the rules are applied for the endpoint. Possible values {0,1,2,3,………}. A rule with a lesser order will be applied before a rule with a greater order. Rule with order 0 is a special rule. It does not require any condition and actions listed in it will always be applied."
        }
      },
      "required": [
        "actions",
        "order"
      ],
      "description": "A rule that specifies a set of actions and conditions"
    },
    "DeliveryRuleAction1": {
      "type": "object",
      "oneOf": [
        {
          "$ref": "#/definitions/UrlRedirectAction"
        },
        {
          "$ref": "#/definitions/UrlRewriteAction"
        },
        {
          "$ref": "#/definitions/DeliveryRuleRequestHeaderAction"
        },
        {
          "$ref": "#/definitions/DeliveryRuleResponseHeaderAction"
        },
        {
          "$ref": "#/definitions/DeliveryRuleCacheExpirationAction"
        },
        {
          "$ref": "#/definitions/DeliveryRuleCacheKeyQueryStringAction"
        }
      ],
      "properties": {},
      "description": "An action for the delivery rule."
    },
    "DeliveryRuleCacheExpirationAction": {
      "type": "object",
      "properties": {
        "name": {
          "type": "string",
          "enum": [
            "CacheExpiration"
          ]
        },
        "parameters": {
          "oneOf": [
            {
              "$ref": "#/definitions/CacheExpirationActionParameters"
            },
            {
              "$ref": "https://schema.management.azure.com/schemas/common/definitions.json#/definitions/expression"
            }
          ],
          "description": "Defines the parameters for the cache expiration action."
        }
      },
      "required": [
        "name",
        "parameters"
      ],
      "description": "Defines the cache expiration action for the delivery rule."
    },
    "DeliveryRuleCacheKeyQueryStringAction": {
      "type": "object",
      "properties": {
        "name": {
          "type": "string",
          "enum": [
            "CacheKeyQueryString"
          ]
        },
        "parameters": {
          "oneOf": [
            {
              "$ref": "#/definitions/CacheKeyQueryStringActionParameters"
            },
            {
              "$ref": "https://schema.management.azure.com/schemas/common/definitions.json#/definitions/expression"
            }
          ],
          "description": "Defines the parameters for the cache-key query string action."
        }
      },
      "required": [
        "name",
        "parameters"
      ],
      "description": "Defines the cache-key query string action for the delivery rule."
    },
    "DeliveryRuleCondition": {
      "type": "object",
      "oneOf": [
        {
          "$ref": "#/definitions/DeliveryRuleRemoteAddressCondition"
        },
        {
          "$ref": "#/definitions/DeliveryRuleRequestMethodCondition"
        },
        {
          "$ref": "#/definitions/DeliveryRuleQueryStringCondition"
        },
        {
          "$ref": "#/definitions/DeliveryRulePostArgsCondition"
        },
        {
          "$ref": "#/definitions/DeliveryRuleRequestUriCondition"
        },
        {
          "$ref": "#/definitions/DeliveryRuleRequestHeaderCondition"
        },
        {
          "$ref": "#/definitions/DeliveryRuleRequestBodyCondition"
        },
        {
          "$ref": "#/definitions/DeliveryRuleRequestSchemeCondition"
        },
        {
          "$ref": "#/definitions/DeliveryRuleUrlPathCondition"
        },
        {
          "$ref": "#/definitions/DeliveryRuleUrlFileExtensionCondition"
        },
        {
          "$ref": "#/definitions/DeliveryRuleUrlFileNameCondition"
        },
        {
          "$ref": "#/definitions/DeliveryRuleHttpVersionCondition"
        },
        {
          "$ref": "#/definitions/DeliveryRuleCookiesCondition"
        },
        {
          "$ref": "#/definitions/DeliveryRuleIsDeviceCondition"
        }
      ],
      "properties": {},
      "description": "A condition for the delivery rule."
    },
    "DeliveryRuleCookiesCondition": {
      "type": "object",
      "properties": {
        "name": {
          "type": "string",
          "enum": [
            "Cookies"
          ]
        },
        "parameters": {
          "oneOf": [
            {
              "$ref": "#/definitions/CookiesMatchConditionParameters"
            },
            {
              "$ref": "https://schema.management.azure.com/schemas/common/definitions.json#/definitions/expression"
            }
          ],
          "description": "Defines the parameters for Cookies match conditions"
        }
      },
      "required": [
        "name",
        "parameters"
      ],
      "description": "Defines the Cookies condition for the delivery rule."
    },
    "DeliveryRuleHttpVersionCondition": {
      "type": "object",
      "properties": {
        "name": {
          "type": "string",
          "enum": [
            "HttpVersion"
          ]
        },
        "parameters": {
          "oneOf": [
            {
              "$ref": "#/definitions/HttpVersionMatchConditionParameters"
            },
            {
              "$ref": "https://schema.management.azure.com/schemas/common/definitions.json#/definitions/expression"
            }
          ],
          "description": "Defines the parameters for HttpVersion match conditions"
        }
      },
      "required": [
        "name",
        "parameters"
      ],
      "description": "Defines the HttpVersion condition for the delivery rule."
    },
    "DeliveryRuleIsDeviceCondition": {
      "type": "object",
      "properties": {
        "name": {
          "type": "string",
          "enum": [
            "IsDevice"
          ]
        },
        "parameters": {
          "oneOf": [
            {
              "$ref": "#/definitions/IsDeviceMatchConditionParameters"
            },
            {
              "$ref": "https://schema.management.azure.com/schemas/common/definitions.json#/definitions/expression"
            }
          ],
          "description": "Defines the parameters for IsDevice match conditions"
        }
      },
      "required": [
        "name",
        "parameters"
      ],
      "description": "Defines the IsDevice condition for the delivery rule."
    },
    "DeliveryRulePostArgsCondition": {
      "type": "object",
      "properties": {
        "name": {
          "type": "string",
          "enum": [
            "PostArgs"
          ]
        },
        "parameters": {
          "oneOf": [
            {
              "$ref": "#/definitions/PostArgsMatchConditionParameters"
            },
            {
              "$ref": "https://schema.management.azure.com/schemas/common/definitions.json#/definitions/expression"
            }
          ],
          "description": "Defines the parameters for PostArgs match conditions"
        }
      },
      "required": [
        "name",
        "parameters"
      ],
      "description": "Defines the PostArgs condition for the delivery rule."
    },
    "DeliveryRuleQueryStringCondition": {
      "type": "object",
      "properties": {
        "name": {
          "type": "string",
          "enum": [
            "QueryString"
          ]
        },
        "parameters": {
          "oneOf": [
            {
              "$ref": "#/definitions/QueryStringMatchConditionParameters"
            },
            {
              "$ref": "https://schema.management.azure.com/schemas/common/definitions.json#/definitions/expression"
            }
          ],
          "description": "Defines the parameters for QueryString match conditions"
        }
      },
      "required": [
        "name",
        "parameters"
      ],
      "description": "Defines the QueryString condition for the delivery rule."
    },
    "DeliveryRuleRemoteAddressCondition": {
      "type": "object",
      "properties": {
        "name": {
          "type": "string",
          "enum": [
            "RemoteAddress"
          ]
        },
        "parameters": {
          "oneOf": [
            {
              "$ref": "#/definitions/RemoteAddressMatchConditionParameters"
            },
            {
              "$ref": "https://schema.management.azure.com/schemas/common/definitions.json#/definitions/expression"
            }
          ],
          "description": "Defines the parameters for RemoteAddress match conditions"
        }
      },
      "required": [
        "name",
        "parameters"
      ],
      "description": "Defines the RemoteAddress condition for the delivery rule."
    },
    "DeliveryRuleRequestBodyCondition": {
      "type": "object",
      "properties": {
        "name": {
          "type": "string",
          "enum": [
            "RequestBody"
          ]
        },
        "parameters": {
          "oneOf": [
            {
              "$ref": "#/definitions/RequestBodyMatchConditionParameters"
            },
            {
              "$ref": "https://schema.management.azure.com/schemas/common/definitions.json#/definitions/expression"
            }
          ],
          "description": "Defines the parameters for RequestBody match conditions"
        }
      },
      "required": [
        "name",
        "parameters"
      ],
      "description": "Defines the RequestBody condition for the delivery rule."
    },
    "DeliveryRuleRequestHeaderAction": {
      "type": "object",
      "properties": {
        "name": {
          "type": "string",
          "enum": [
            "ModifyRequestHeader"
          ]
        },
        "parameters": {
          "oneOf": [
            {
              "$ref": "#/definitions/HeaderActionParameters"
            },
            {
              "$ref": "https://schema.management.azure.com/schemas/common/definitions.json#/definitions/expression"
            }
          ],
          "description": "Defines the parameters for the request header action."
        }
      },
      "required": [
        "name",
        "parameters"
      ],
      "description": "Defines the request header action for the delivery rule."
    },
    "DeliveryRuleRequestHeaderCondition": {
      "type": "object",
      "properties": {
        "name": {
          "type": "string",
          "enum": [
            "RequestHeader"
          ]
        },
        "parameters": {
          "oneOf": [
            {
              "$ref": "#/definitions/RequestHeaderMatchConditionParameters"
            },
            {
              "$ref": "https://schema.management.azure.com/schemas/common/definitions.json#/definitions/expression"
            }
          ],
          "description": "Defines the parameters for RequestHeader match conditions"
        }
      },
      "required": [
        "name",
        "parameters"
      ],
      "description": "Defines the RequestHeader condition for the delivery rule."
    },
    "DeliveryRuleRequestMethodCondition": {
      "type": "object",
      "properties": {
        "name": {
          "type": "string",
          "enum": [
            "RequestMethod"
          ]
        },
        "parameters": {
          "oneOf": [
            {
              "$ref": "#/definitions/RequestMethodMatchConditionParameters"
            },
            {
              "$ref": "https://schema.management.azure.com/schemas/common/definitions.json#/definitions/expression"
            }
          ],
          "description": "Defines the parameters for RequestMethod match conditions"
        }
      },
      "required": [
        "name",
        "parameters"
      ],
      "description": "Defines the RequestMethod condition for the delivery rule."
    },
    "DeliveryRuleRequestSchemeCondition": {
      "type": "object",
      "properties": {
        "name": {
          "type": "string",
          "enum": [
            "RequestScheme"
          ]
        },
        "parameters": {
          "oneOf": [
            {
              "$ref": "#/definitions/RequestSchemeMatchConditionParameters"
            },
            {
              "$ref": "https://schema.management.azure.com/schemas/common/definitions.json#/definitions/expression"
            }
          ],
          "description": "Defines the parameters for RequestScheme match conditions "
        }
      },
      "required": [
        "name",
        "parameters"
      ],
      "description": "Defines the RequestScheme condition for the delivery rule."
    },
    "DeliveryRuleRequestUriCondition": {
      "type": "object",
      "properties": {
        "name": {
          "type": "string",
          "enum": [
            "RequestUri"
          ]
        },
        "parameters": {
          "oneOf": [
            {
              "$ref": "#/definitions/RequestUriMatchConditionParameters"
            },
            {
              "$ref": "https://schema.management.azure.com/schemas/common/definitions.json#/definitions/expression"
            }
          ],
          "description": "Defines the parameters for RequestUri match conditions"
        }
      },
      "required": [
        "name",
        "parameters"
      ],
      "description": "Defines the RequestUri condition for the delivery rule."
    },
    "DeliveryRuleResponseHeaderAction": {
      "type": "object",
      "properties": {
        "name": {
          "type": "string",
          "enum": [
            "ModifyResponseHeader"
          ]
        },
        "parameters": {
          "oneOf": [
            {
              "$ref": "#/definitions/HeaderActionParameters"
            },
            {
              "$ref": "https://schema.management.azure.com/schemas/common/definitions.json#/definitions/expression"
            }
          ],
          "description": "Defines the parameters for the request header action."
        }
      },
      "required": [
        "name",
        "parameters"
      ],
      "description": "Defines the response header action for the delivery rule."
    },
    "DeliveryRuleUrlFileExtensionCondition": {
      "type": "object",
      "properties": {
        "name": {
          "type": "string",
          "enum": [
            "UrlFileExtension"
          ]
        },
        "parameters": {
          "oneOf": [
            {
              "$ref": "#/definitions/UrlFileExtensionMatchConditionParameters"
            },
            {
              "$ref": "https://schema.management.azure.com/schemas/common/definitions.json#/definitions/expression"
            }
          ],
          "description": "Defines the parameters for UrlFileExtension match conditions"
        }
      },
      "required": [
        "name",
        "parameters"
      ],
      "description": "Defines the UrlFileExtension condition for the delivery rule."
    },
    "DeliveryRuleUrlFileNameCondition": {
      "type": "object",
      "properties": {
        "name": {
          "type": "string",
          "enum": [
            "UrlFileName"
          ]
        },
        "parameters": {
          "oneOf": [
            {
              "$ref": "#/definitions/UrlFileNameMatchConditionParameters"
            },
            {
              "$ref": "https://schema.management.azure.com/schemas/common/definitions.json#/definitions/expression"
            }
          ],
          "description": "Defines the parameters for UrlFilename match conditions"
        }
      },
      "required": [
        "name",
        "parameters"
      ],
      "description": "Defines the UrlFileName condition for the delivery rule."
    },
    "DeliveryRuleUrlPathCondition": {
      "type": "object",
      "properties": {
        "name": {
          "type": "string",
          "enum": [
            "UrlPath"
          ]
        },
        "parameters": {
          "oneOf": [
            {
              "$ref": "#/definitions/UrlPathMatchConditionParameters"
            },
            {
              "$ref": "https://schema.management.azure.com/schemas/common/definitions.json#/definitions/expression"
            }
          ],
          "description": "Defines the parameters for UrlPath match conditions"
        }
      },
      "required": [
        "name",
        "parameters"
      ],
      "description": "Defines the UrlPath condition for the delivery rule."
    },
    "EndpointProperties": {
      "type": "object",
      "properties": {
        "contentTypesToCompress": {
          "oneOf": [
            {
              "type": "array",
              "items": {
                "type": "string"
              }
            },
            {
              "$ref": "https://schema.management.azure.com/schemas/common/definitions.json#/definitions/expression"
            }
          ],
          "description": "List of content types on which compression applies. The value should be a valid MIME type."
        },
        "deliveryPolicy": {
          "oneOf": [
            {
              "$ref": "#/definitions/EndpointPropertiesUpdateParametersDeliveryPolicy"
            },
            {
              "$ref": "https://schema.management.azure.com/schemas/common/definitions.json#/definitions/expression"
            }
          ],
          "description": "A policy that specifies the delivery rules to be used for an endpoint."
        },
        "geoFilters": {
          "oneOf": [
            {
              "type": "array",
              "items": {
                "$ref": "#/definitions/GeoFilter"
              }
            },
            {
              "$ref": "https://schema.management.azure.com/schemas/common/definitions.json#/definitions/expression"
            }
          ],
          "description": "List of rules defining the user's geo access within a CDN endpoint. Each geo filter defines an access rule to a specified path or content, e.g. block APAC for path /pictures/"
        },
        "isCompressionEnabled": {
          "oneOf": [
            {
              "type": "boolean"
            },
            {
              "$ref": "https://schema.management.azure.com/schemas/common/definitions.json#/definitions/expression"
            }
          ],
          "description": "Indicates whether content compression is enabled on CDN. Default value is false. If compression is enabled, content will be served as compressed if user requests for a compressed version. Content won't be compressed on CDN when requested content is smaller than 1 byte or larger than 1 MB."
        },
        "isHttpAllowed": {
          "oneOf": [
            {
              "type": "boolean"
            },
            {
              "$ref": "https://schema.management.azure.com/schemas/common/definitions.json#/definitions/expression"
            }
          ],
          "description": "Indicates whether HTTP traffic is allowed on the endpoint. Default value is true. At least one protocol (HTTP or HTTPS) must be allowed."
        },
        "isHttpsAllowed": {
          "oneOf": [
            {
              "type": "boolean"
            },
            {
              "$ref": "https://schema.management.azure.com/schemas/common/definitions.json#/definitions/expression"
            }
          ],
          "description": "Indicates whether HTTPS traffic is allowed on the endpoint. Default value is true. At least one protocol (HTTP or HTTPS) must be allowed."
        },
        "optimizationType": {
          "oneOf": [
            {
              "type": "string",
              "enum": [
                "GeneralWebDelivery",
                "GeneralMediaStreaming",
                "VideoOnDemandMediaStreaming",
                "LargeFileDownload",
                "DynamicSiteAcceleration"
              ]
            },
            {
              "$ref": "https://schema.management.azure.com/schemas/common/definitions.json#/definitions/expression"
            }
          ],
          "description": "Specifies what scenario the customer wants this CDN endpoint to optimize for, e.g. Download, Media services. With this information, CDN can apply scenario driven optimization."
        },
        "originHostHeader": {
          "type": "string",
          "description": "The host header value sent to the origin with each request. If you leave this blank, the request hostname determines this value. Azure CDN origins, such as Web Apps, Blob Storage, and Cloud Services require this host header value to match the origin hostname by default."
        },
        "originPath": {
          "type": "string",
          "description": "A directory path on the origin that CDN can use to retrieve content from, e.g. contoso.cloudapp.net/originpath."
        },
        "origins": {
          "oneOf": [
            {
              "type": "array",
              "items": {
                "$ref": "#/definitions/DeepCreatedOrigin"
              }
            },
            {
              "$ref": "https://schema.management.azure.com/schemas/common/definitions.json#/definitions/expression"
            }
          ],
          "description": "The source of the content being delivered via CDN."
        },
        "probePath": {
          "type": "string",
          "description": "Path to a file hosted on the origin which helps accelerate delivery of the dynamic content and calculate the most optimal routes for the CDN. This is relative to the origin path."
        },
        "queryStringCachingBehavior": {
          "oneOf": [
            {
              "type": "string",
              "enum": [
                "IgnoreQueryString",
                "BypassCaching",
                "UseQueryString",
                "NotSet"
              ]
            },
            {
              "$ref": "https://schema.management.azure.com/schemas/common/definitions.json#/definitions/expression"
            }
          ],
          "description": "Defines how CDN caches requests that include query strings. You can ignore any query strings when caching, bypass caching to prevent requests that contain query strings from being cached, or cache every request with a unique URL."
        }
      },
      "required": [
        "origins"
      ],
      "description": "The JSON object that contains the properties required to create an endpoint."
    },
    "EndpointPropertiesUpdateParametersDeliveryPolicy": {
      "type": "object",
      "properties": {
        "description": {
          "type": "string",
          "description": "User-friendly description of the policy."
        },
        "rules": {
          "oneOf": [
            {
              "type": "array",
              "items": {
                "$ref": "#/definitions/DeliveryRule"
              }
            },
            {
              "$ref": "https://schema.management.azure.com/schemas/common/definitions.json#/definitions/expression"
            }
          ],
          "description": "A list of the delivery rules."
        }
      },
      "required": [
        "rules"
      ],
      "description": "A policy that specifies the delivery rules to be used for an endpoint."
    },
    "GeoFilter": {
      "type": "object",
      "properties": {
        "action": {
          "oneOf": [
            {
              "type": "string",
              "enum": [
                "Block",
                "Allow"
              ]
            },
            {
              "$ref": "https://schema.management.azure.com/schemas/common/definitions.json#/definitions/expression"
            }
          ],
          "description": "Action of the geo filter, i.e. allow or block access."
        },
        "countryCodes": {
          "oneOf": [
            {
              "type": "array",
              "items": {
                "type": "string"
              }
            },
            {
              "$ref": "https://schema.management.azure.com/schemas/common/definitions.json#/definitions/expression"
            }
          ],
          "description": "Two letter country codes defining user country access in a geo filter, e.g. AU, MX, US."
        },
        "relativePath": {
          "type": "string",
          "description": "Relative path applicable to geo filter. (e.g. '/mypictures', '/mypicture/kitty.jpg', and etc.)"
        }
      },
      "required": [
        "action",
        "countryCodes",
        "relativePath"
      ],
      "description": "Rules defining user's geo access within a CDN endpoint."
    },
    "HeaderActionParameters": {
      "type": "object",
      "properties": {
        "@odata.type": {
          "oneOf": [
            {
              "type": "string",
              "enum": [
                "#Microsoft.Azure.Cdn.Models.DeliveryRuleHeaderActionParameters"
              ]
            },
            {
              "$ref": "https://schema.management.azure.com/schemas/common/definitions.json#/definitions/expression"
            }
          ]
        },
        "headerAction": {
          "oneOf": [
            {
              "type": "string",
              "enum": [
                "Append",
                "Overwrite",
                "Delete"
              ]
            },
            {
              "$ref": "https://schema.management.azure.com/schemas/common/definitions.json#/definitions/expression"
            }
          ],
          "description": "Action to perform."
        },
        "headerName": {
          "type": "string",
          "description": "Name of the header to modify"
        },
        "value": {
          "type": "string",
          "description": "Value for the specified action"
        }
      },
      "required": [
        "@odata.type",
        "headerAction",
        "headerName"
      ],
      "description": "Defines the parameters for the request header action."
    },
    "HttpVersionMatchConditionParameters": {
      "type": "object",
      "properties": {
        "@odata.type": {
          "oneOf": [
            {
              "type": "string",
              "enum": [
                "#Microsoft.Azure.Cdn.Models.DeliveryRuleHttpVersionConditionParameters"
              ]
            },
            {
              "$ref": "https://schema.management.azure.com/schemas/common/definitions.json#/definitions/expression"
            }
          ]
        },
        "matchValues": {
          "oneOf": [
            {
              "type": "array",
              "items": {
                "type": "string"
              }
            },
            {
              "$ref": "https://schema.management.azure.com/schemas/common/definitions.json#/definitions/expression"
            }
          ],
          "description": "The match value for the condition of the delivery rule"
        },
        "negateCondition": {
          "oneOf": [
            {
              "type": "boolean"
            },
            {
              "$ref": "https://schema.management.azure.com/schemas/common/definitions.json#/definitions/expression"
            }
          ],
          "description": "Describes if this is negate condition or not"
        },
        "operator": {
          "oneOf": [
            {
              "type": "string",
              "enum": [
                "Equal"
              ]
            },
            {
              "$ref": "https://schema.management.azure.com/schemas/common/definitions.json#/definitions/expression"
            }
          ],
          "description": "Describes operator to be matched"
        }
      },
      "required": [
        "@odata.type",
        "operator"
      ],
      "description": "Defines the parameters for HttpVersion match conditions"
    },
    "IsDeviceMatchConditionParameters": {
      "type": "object",
      "properties": {
        "@odata.type": {
          "oneOf": [
            {
              "type": "string",
              "enum": [
                "#Microsoft.Azure.Cdn.Models.DeliveryRuleIsDeviceConditionParameters"
              ]
            },
            {
              "$ref": "https://schema.management.azure.com/schemas/common/definitions.json#/definitions/expression"
            }
          ]
        },
        "matchValues": {
          "oneOf": [
            {
              "type": "array",
              "items": {
                "type": "string",
                "enum": [
                  "Mobile",
                  "Desktop"
                ]
              }
            },
            {
              "$ref": "https://schema.management.azure.com/schemas/common/definitions.json#/definitions/expression"
            }
          ],
          "description": "The match value for the condition of the delivery rule"
        },
        "negateCondition": {
          "oneOf": [
            {
              "type": "boolean"
            },
            {
              "$ref": "https://schema.management.azure.com/schemas/common/definitions.json#/definitions/expression"
            }
          ],
          "description": "Describes if this is negate condition or not"
        },
        "operator": {
          "oneOf": [
            {
              "type": "string",
              "enum": [
                "Equal"
              ]
            },
            {
              "$ref": "https://schema.management.azure.com/schemas/common/definitions.json#/definitions/expression"
            }
          ],
          "description": "Describes operator to be matched"
        },
        "transforms": {
          "oneOf": [
            {
              "type": "array",
              "items": {
                "type": "string",
                "enum": [
                  "Lowercase",
                  "Uppercase",
                  "Trim",
                  "UrlDecode",
                  "UrlEncode",
                  "RemoveNulls"
                ]
              }
            },
            {
              "$ref": "https://schema.management.azure.com/schemas/common/definitions.json#/definitions/expression"
            }
          ],
          "description": "List of transforms"
        }
      },
      "required": [
        "@odata.type",
        "operator"
      ],
      "description": "Defines the parameters for IsDevice match conditions"
    },
    "PostArgsMatchConditionParameters": {
      "type": "object",
      "properties": {
        "@odata.type": {
          "oneOf": [
            {
              "type": "string",
              "enum": [
                "#Microsoft.Azure.Cdn.Models.DeliveryRulePostArgsConditionParameters"
              ]
            },
            {
              "$ref": "https://schema.management.azure.com/schemas/common/definitions.json#/definitions/expression"
            }
          ]
        },
        "matchValues": {
          "oneOf": [
            {
              "type": "array",
              "items": {
                "type": "string"
              }
            },
            {
              "$ref": "https://schema.management.azure.com/schemas/common/definitions.json#/definitions/expression"
            }
          ],
          "description": "The match value for the condition of the delivery rule"
        },
        "negateCondition": {
          "oneOf": [
            {
              "type": "boolean"
            },
            {
              "$ref": "https://schema.management.azure.com/schemas/common/definitions.json#/definitions/expression"
            }
          ],
          "description": "Describes if this is negate condition or not"
        },
        "operator": {
          "oneOf": [
            {
              "type": "string",
              "enum": [
                "Any",
                "Equal",
                "Contains",
                "BeginsWith",
                "EndsWith",
                "LessThan",
                "LessThanOrEqual",
                "GreaterThan",
                "GreaterThanOrEqual"
              ]
            },
            {
              "$ref": "https://schema.management.azure.com/schemas/common/definitions.json#/definitions/expression"
            }
          ],
          "description": "Describes operator to be matched."
        },
        "selector": {
          "type": "string",
          "description": "Name of PostArg to be matched"
        },
        "transforms": {
          "oneOf": [
            {
              "type": "array",
              "items": {
                "type": "string",
                "enum": [
                  "Lowercase",
                  "Uppercase",
                  "Trim",
                  "UrlDecode",
                  "UrlEncode",
                  "RemoveNulls"
                ]
              }
            },
            {
              "$ref": "https://schema.management.azure.com/schemas/common/definitions.json#/definitions/expression"
            }
          ],
          "description": "List of transforms"
        }
      },
      "required": [
        "@odata.type",
        "operator"
      ],
      "description": "Defines the parameters for PostArgs match conditions"
    },
    "ProfileProperties": {
      "type": "object",
      "properties": {},
      "description": "The JSON object that contains the properties required to create a profile."
    },
    "profiles_endpoints_childResource": {
      "type": "object",
      "properties": {
        "apiVersion": {
          "type": "string",
          "enum": [
            "2019-04-15"
          ]
        },
        "location": {
          "type": "string",
          "description": "Resource location."
        },
        "name": {
          "type": "string",
          "description": "Name of the endpoint under the profile which is unique globally."
        },
        "properties": {
          "oneOf": [
            {
              "$ref": "#/definitions/EndpointProperties"
            },
            {
              "$ref": "https://schema.management.azure.com/schemas/common/definitions.json#/definitions/expression"
            }
          ],
          "description": "The JSON object that contains the properties required to create an endpoint."
        },
        "tags": {
          "oneOf": [
            {
              "type": "object",
              "additionalProperties": {
                "type": "string"
              },
              "properties": {}
            },
            {
              "$ref": "https://schema.management.azure.com/schemas/common/definitions.json#/definitions/expression"
            }
          ],
          "description": "Resource tags."
        },
        "type": {
          "type": "string",
          "enum": [
            "endpoints"
          ]
        }
      },
      "required": [
        "apiVersion",
        "location",
        "name",
        "properties",
        "type"
      ],
      "description": "Microsoft.Cdn/profiles/endpoints"
    },
    "profiles_endpoints_customDomains_childResource": {
      "type": "object",
      "properties": {
        "apiVersion": {
          "type": "string",
          "enum": [
            "2019-04-15"
          ]
        },
        "name": {
          "type": "string",
          "description": "Name of the custom domain within an endpoint."
        },
        "properties": {
          "oneOf": [
            {
              "$ref": "#/definitions/CustomDomainPropertiesParameters"
            },
            {
              "$ref": "https://schema.management.azure.com/schemas/common/definitions.json#/definitions/expression"
            }
          ],
          "description": "The JSON object that contains the properties of the custom domain to create."
        },
        "type": {
          "type": "string",
          "enum": [
            "customDomains"
          ]
        }
      },
      "required": [
        "apiVersion",
        "name",
        "properties",
        "type"
      ],
      "description": "Microsoft.Cdn/profiles/endpoints/customDomains"
    },
    "QueryStringMatchConditionParameters": {
      "type": "object",
      "properties": {
        "@odata.type": {
          "oneOf": [
            {
              "type": "string",
              "enum": [
                "#Microsoft.Azure.Cdn.Models.DeliveryRuleQueryStringConditionParameters"
              ]
            },
            {
              "$ref": "https://schema.management.azure.com/schemas/common/definitions.json#/definitions/expression"
            }
          ]
        },
        "matchValues": {
          "oneOf": [
            {
              "type": "array",
              "items": {
                "type": "string"
              }
            },
            {
              "$ref": "https://schema.management.azure.com/schemas/common/definitions.json#/definitions/expression"
            }
          ],
          "description": "The match value for the condition of the delivery rule"
        },
        "negateCondition": {
          "oneOf": [
            {
              "type": "boolean"
            },
            {
              "$ref": "https://schema.management.azure.com/schemas/common/definitions.json#/definitions/expression"
            }
          ],
          "description": "Describes if this is negate condition or not"
        },
        "operator": {
          "oneOf": [
            {
              "type": "string",
              "enum": [
                "Any",
                "Equal",
                "Contains",
                "BeginsWith",
                "EndsWith",
                "LessThan",
                "LessThanOrEqual",
                "GreaterThan",
                "GreaterThanOrEqual"
              ]
            },
            {
              "$ref": "https://schema.management.azure.com/schemas/common/definitions.json#/definitions/expression"
            }
          ],
          "description": "Describes operator to be matched."
        },
        "transforms": {
          "oneOf": [
            {
              "type": "array",
              "items": {
                "type": "string",
                "enum": [
                  "Lowercase",
                  "Uppercase",
                  "Trim",
                  "UrlDecode",
                  "UrlEncode",
                  "RemoveNulls"
                ]
              }
            },
            {
              "$ref": "https://schema.management.azure.com/schemas/common/definitions.json#/definitions/expression"
            }
          ],
          "description": "List of transforms"
        }
      },
      "required": [
        "@odata.type",
        "operator"
      ],
      "description": "Defines the parameters for QueryString match conditions"
    },
    "RemoteAddressMatchConditionParameters": {
      "type": "object",
      "properties": {
        "@odata.type": {
          "oneOf": [
            {
              "type": "string",
              "enum": [
                "#Microsoft.Azure.Cdn.Models.DeliveryRuleRemoteAddressConditionParameters"
              ]
            },
            {
              "$ref": "https://schema.management.azure.com/schemas/common/definitions.json#/definitions/expression"
            }
          ]
        },
        "matchValues": {
          "oneOf": [
            {
              "type": "array",
              "items": {
                "type": "string"
              }
            },
            {
              "$ref": "https://schema.management.azure.com/schemas/common/definitions.json#/definitions/expression"
            }
          ],
          "description": "Match values to match against. The operator will apply to each value in here with OR semantics. If any of them match the variable with the given operator this match condition is considered a match."
        },
        "negateCondition": {
          "oneOf": [
            {
              "type": "boolean"
            },
            {
              "$ref": "https://schema.management.azure.com/schemas/common/definitions.json#/definitions/expression"
            }
          ],
          "description": "Describes if this is negate condition or not"
        },
        "operator": {
          "oneOf": [
            {
              "type": "string",
              "enum": [
                "Any",
                "IPMatch",
                "GeoMatch"
              ]
            },
            {
              "$ref": "https://schema.management.azure.com/schemas/common/definitions.json#/definitions/expression"
            }
          ],
          "description": "Describes operator to be matched."
        },
        "transforms": {
          "oneOf": [
            {
              "type": "array",
              "items": {
                "type": "string",
                "enum": [
                  "Lowercase",
                  "Uppercase",
                  "Trim",
                  "UrlDecode",
                  "UrlEncode",
                  "RemoveNulls"
                ]
              }
            },
            {
              "$ref": "https://schema.management.azure.com/schemas/common/definitions.json#/definitions/expression"
            }
          ],
          "description": "List of transforms"
        }
      },
      "required": [
        "@odata.type",
        "operator"
      ],
      "description": "Defines the parameters for RemoteAddress match conditions"
    },
    "RequestBodyMatchConditionParameters": {
      "type": "object",
      "properties": {
        "@odata.type": {
          "oneOf": [
            {
              "type": "string",
              "enum": [
                "#Microsoft.Azure.Cdn.Models.DeliveryRuleRequestBodyConditionParameters"
              ]
            },
            {
              "$ref": "https://schema.management.azure.com/schemas/common/definitions.json#/definitions/expression"
            }
          ]
        },
        "matchValues": {
          "oneOf": [
            {
              "type": "array",
              "items": {
                "type": "string"
              }
            },
            {
              "$ref": "https://schema.management.azure.com/schemas/common/definitions.json#/definitions/expression"
            }
          ],
          "description": "The match value for the condition of the delivery rule"
        },
        "negateCondition": {
          "oneOf": [
            {
              "type": "boolean"
            },
            {
              "$ref": "https://schema.management.azure.com/schemas/common/definitions.json#/definitions/expression"
            }
          ],
          "description": "Describes if this is negate condition or not"
        },
        "operator": {
          "oneOf": [
            {
              "type": "string",
              "enum": [
                "Any",
                "Equal",
                "Contains",
                "BeginsWith",
                "EndsWith",
                "LessThan",
                "LessThanOrEqual",
                "GreaterThan",
                "GreaterThanOrEqual"
              ]
            },
            {
              "$ref": "https://schema.management.azure.com/schemas/common/definitions.json#/definitions/expression"
            }
          ],
          "description": "Describes operator to be matched."
        },
        "transforms": {
          "oneOf": [
            {
              "type": "array",
              "items": {
                "type": "string",
                "enum": [
                  "Lowercase",
                  "Uppercase",
                  "Trim",
                  "UrlDecode",
                  "UrlEncode",
                  "RemoveNulls"
                ]
              }
            },
            {
              "$ref": "https://schema.management.azure.com/schemas/common/definitions.json#/definitions/expression"
            }
          ],
          "description": "List of transforms"
        }
      },
      "required": [
        "@odata.type",
        "operator"
      ],
      "description": "Defines the parameters for RequestBody match conditions"
    },
    "RequestHeaderMatchConditionParameters": {
      "type": "object",
      "properties": {
        "@odata.type": {
          "oneOf": [
            {
              "type": "string",
              "enum": [
                "#Microsoft.Azure.Cdn.Models.DeliveryRuleRequestHeaderConditionParameters"
              ]
            },
            {
              "$ref": "https://schema.management.azure.com/schemas/common/definitions.json#/definitions/expression"
            }
          ]
        },
        "matchValues": {
          "oneOf": [
            {
              "type": "array",
              "items": {
                "type": "string"
              }
            },
            {
              "$ref": "https://schema.management.azure.com/schemas/common/definitions.json#/definitions/expression"
            }
          ],
          "description": "The match value for the condition of the delivery rule"
        },
        "negateCondition": {
          "oneOf": [
            {
              "type": "boolean"
            },
            {
              "$ref": "https://schema.management.azure.com/schemas/common/definitions.json#/definitions/expression"
            }
          ],
          "description": "Describes if this is negate condition or not"
        },
        "operator": {
          "oneOf": [
            {
              "type": "string",
              "enum": [
                "Any",
                "Equal",
                "Contains",
                "BeginsWith",
                "EndsWith",
                "LessThan",
                "LessThanOrEqual",
                "GreaterThan",
                "GreaterThanOrEqual"
              ]
            },
            {
              "$ref": "https://schema.management.azure.com/schemas/common/definitions.json#/definitions/expression"
            }
          ],
          "description": "Describes operator to be matched."
        },
        "selector": {
          "type": "string",
          "description": "Name of Header to be matched"
        },
        "transforms": {
          "oneOf": [
            {
              "type": "array",
              "items": {
                "type": "string",
                "enum": [
                  "Lowercase",
                  "Uppercase",
                  "Trim",
                  "UrlDecode",
                  "UrlEncode",
                  "RemoveNulls"
                ]
              }
            },
            {
              "$ref": "https://schema.management.azure.com/schemas/common/definitions.json#/definitions/expression"
            }
          ],
          "description": "List of transforms"
        }
      },
      "required": [
        "@odata.type",
        "operator"
      ],
      "description": "Defines the parameters for RequestHeader match conditions"
    },
    "RequestMethodMatchConditionParameters": {
      "type": "object",
      "properties": {
        "@odata.type": {
          "oneOf": [
            {
              "type": "string",
              "enum": [
                "#Microsoft.Azure.Cdn.Models.DeliveryRuleRequestMethodConditionParameters"
              ]
            },
            {
              "$ref": "https://schema.management.azure.com/schemas/common/definitions.json#/definitions/expression"
            }
          ]
        },
        "matchValues": {
          "oneOf": [
            {
              "type": "array",
              "items": {
                "type": "string",
                "enum": [
                  "GET",
                  "HEAD",
                  "POST",
                  "PUT",
                  "DELETE",
                  "OPTIONS",
                  "TRACE"
                ]
              }
            },
            {
              "$ref": "https://schema.management.azure.com/schemas/common/definitions.json#/definitions/expression"
            }
          ],
          "description": "The match value for the condition of the delivery rule"
        },
        "negateCondition": {
          "oneOf": [
            {
              "type": "boolean"
            },
            {
              "$ref": "https://schema.management.azure.com/schemas/common/definitions.json#/definitions/expression"
            }
          ],
          "description": "Describes if this is negate condition or not"
        },
        "operator": {
          "oneOf": [
            {
              "type": "string",
              "enum": [
                "Equal"
              ]
            },
            {
              "$ref": "https://schema.management.azure.com/schemas/common/definitions.json#/definitions/expression"
            }
          ],
          "description": "Describes operator to be matched"
        }
      },
      "required": [
        "@odata.type",
        "operator"
      ],
      "description": "Defines the parameters for RequestMethod match conditions"
    },
    "RequestSchemeMatchConditionParameters": {
      "type": "object",
      "properties": {
        "@odata.type": {
          "oneOf": [
            {
              "type": "string",
              "enum": [
                "#Microsoft.Azure.Cdn.Models.DeliveryRuleRequestSchemeConditionParameters"
              ]
            },
            {
              "$ref": "https://schema.management.azure.com/schemas/common/definitions.json#/definitions/expression"
            }
          ]
        },
        "matchValues": {
          "oneOf": [
            {
              "type": "array",
              "items": {
                "type": "string",
                "enum": [
                  "HTTP",
                  "HTTPS"
                ]
              }
            },
            {
              "$ref": "https://schema.management.azure.com/schemas/common/definitions.json#/definitions/expression"
            }
          ],
          "description": "The match value for the condition of the delivery rule"
        },
        "negateCondition": {
          "oneOf": [
            {
              "type": "boolean"
            },
            {
              "$ref": "https://schema.management.azure.com/schemas/common/definitions.json#/definitions/expression"
            }
          ],
          "description": "Describes if this is negate condition or not"
        },
        "operator": {
          "oneOf": [
            {
              "type": "string",
              "enum": [
                "Equal"
              ]
            },
            {
              "$ref": "https://schema.management.azure.com/schemas/common/definitions.json#/definitions/expression"
            }
          ],
          "description": "Describes operator to be matched"
        }
      },
      "required": [
        "@odata.type",
        "operator"
      ],
      "description": "Defines the parameters for RequestScheme match conditions "
    },
    "RequestUriMatchConditionParameters": {
      "type": "object",
      "properties": {
        "@odata.type": {
          "oneOf": [
            {
              "type": "string",
              "enum": [
                "#Microsoft.Azure.Cdn.Models.DeliveryRuleRequestUriConditionParameters"
              ]
            },
            {
              "$ref": "https://schema.management.azure.com/schemas/common/definitions.json#/definitions/expression"
            }
          ]
        },
        "matchValues": {
          "oneOf": [
            {
              "type": "array",
              "items": {
                "type": "string"
              }
            },
            {
              "$ref": "https://schema.management.azure.com/schemas/common/definitions.json#/definitions/expression"
            }
          ],
          "description": "The match value for the condition of the delivery rule"
        },
        "negateCondition": {
          "oneOf": [
            {
              "type": "boolean"
            },
            {
              "$ref": "https://schema.management.azure.com/schemas/common/definitions.json#/definitions/expression"
            }
          ],
          "description": "Describes if this is negate condition or not"
        },
        "operator": {
          "oneOf": [
            {
              "type": "string",
              "enum": [
                "Any",
                "Equal",
                "Contains",
                "BeginsWith",
                "EndsWith",
                "LessThan",
                "LessThanOrEqual",
                "GreaterThan",
                "GreaterThanOrEqual"
              ]
            },
            {
              "$ref": "https://schema.management.azure.com/schemas/common/definitions.json#/definitions/expression"
            }
          ],
          "description": "Describes operator to be matched."
        },
        "transforms": {
          "oneOf": [
            {
              "type": "array",
              "items": {
                "type": "string",
                "enum": [
                  "Lowercase",
                  "Uppercase",
                  "Trim",
                  "UrlDecode",
                  "UrlEncode",
                  "RemoveNulls"
                ]
              }
            },
            {
              "$ref": "https://schema.management.azure.com/schemas/common/definitions.json#/definitions/expression"
            }
          ],
          "description": "List of transforms"
        }
      },
      "required": [
        "@odata.type",
        "operator"
      ],
      "description": "Defines the parameters for RequestUri match conditions"
    },
    "Sku": {
      "type": "object",
      "properties": {
        "name": {
          "oneOf": [
            {
              "type": "string",
              "enum": [
                "Standard_Verizon",
                "Premium_Verizon",
                "Custom_Verizon",
                "Standard_Akamai",
                "Standard_ChinaCdn",
                "Standard_Microsoft",
                "Premium_ChinaCdn"
              ]
            },
            {
              "$ref": "https://schema.management.azure.com/schemas/common/definitions.json#/definitions/expression"
            }
          ],
          "description": "Name of the pricing tier."
        }
      },
      "description": "The pricing tier (defines a CDN provider, feature list and rate) of the CDN profile."
    },
    "UrlFileExtensionMatchConditionParameters": {
      "type": "object",
      "properties": {
        "@odata.type": {
          "oneOf": [
            {
              "type": "string",
              "enum": [
                "#Microsoft.Azure.Cdn.Models.DeliveryRuleUrlFileExtensionMatchConditionParameters"
              ]
            },
            {
              "$ref": "https://schema.management.azure.com/schemas/common/definitions.json#/definitions/expression"
            }
          ]
        },
        "matchValues": {
          "oneOf": [
            {
              "type": "array",
              "items": {
                "type": "string"
              }
            },
            {
              "$ref": "https://schema.management.azure.com/schemas/common/definitions.json#/definitions/expression"
            }
          ],
          "description": "The match value for the condition of the delivery rule"
        },
        "negateCondition": {
          "oneOf": [
            {
              "type": "boolean"
            },
            {
              "$ref": "https://schema.management.azure.com/schemas/common/definitions.json#/definitions/expression"
            }
          ],
          "description": "Describes if this is negate condition or not"
        },
        "operator": {
          "oneOf": [
            {
              "type": "string",
              "enum": [
                "Any",
                "Equal",
                "Contains",
                "BeginsWith",
                "EndsWith",
                "LessThan",
                "LessThanOrEqual",
                "GreaterThan",
                "GreaterThanOrEqual"
              ]
            },
            {
              "$ref": "https://schema.management.azure.com/schemas/common/definitions.json#/definitions/expression"
            }
          ],
          "description": "Describes operator to be matched."
        },
        "transforms": {
          "oneOf": [
            {
              "type": "array",
              "items": {
                "type": "string",
                "enum": [
                  "Lowercase",
                  "Uppercase",
                  "Trim",
                  "UrlDecode",
                  "UrlEncode",
                  "RemoveNulls"
                ]
              }
            },
            {
              "$ref": "https://schema.management.azure.com/schemas/common/definitions.json#/definitions/expression"
            }
          ],
          "description": "List of transforms"
        }
      },
      "required": [
        "@odata.type",
        "operator"
      ],
      "description": "Defines the parameters for UrlFileExtension match conditions"
    },
    "UrlFileNameMatchConditionParameters": {
      "type": "object",
      "properties": {
        "@odata.type": {
          "oneOf": [
            {
              "type": "string",
              "enum": [
                "#Microsoft.Azure.Cdn.Models.DeliveryRuleUrlFilenameConditionParameters"
              ]
            },
            {
              "$ref": "https://schema.management.azure.com/schemas/common/definitions.json#/definitions/expression"
            }
          ]
        },
        "matchValues": {
          "oneOf": [
            {
              "type": "array",
              "items": {
                "type": "string"
              }
            },
            {
              "$ref": "https://schema.management.azure.com/schemas/common/definitions.json#/definitions/expression"
            }
          ],
          "description": "The match value for the condition of the delivery rule"
        },
        "negateCondition": {
          "oneOf": [
            {
              "type": "boolean"
            },
            {
              "$ref": "https://schema.management.azure.com/schemas/common/definitions.json#/definitions/expression"
            }
          ],
          "description": "Describes if this is negate condition or not"
        },
        "operator": {
          "oneOf": [
            {
              "type": "string",
              "enum": [
                "Any",
                "Equal",
                "Contains",
                "BeginsWith",
                "EndsWith",
                "LessThan",
                "LessThanOrEqual",
                "GreaterThan",
                "GreaterThanOrEqual"
              ]
            },
            {
              "$ref": "https://schema.management.azure.com/schemas/common/definitions.json#/definitions/expression"
            }
          ],
          "description": "Describes operator to be matched."
        },
        "transforms": {
          "oneOf": [
            {
              "type": "array",
              "items": {
                "type": "string",
                "enum": [
                  "Lowercase",
                  "Uppercase",
                  "Trim",
                  "UrlDecode",
                  "UrlEncode",
                  "RemoveNulls"
                ]
              }
            },
            {
              "$ref": "https://schema.management.azure.com/schemas/common/definitions.json#/definitions/expression"
            }
          ],
          "description": "List of transforms"
        }
      },
      "required": [
        "@odata.type",
        "operator"
      ],
      "description": "Defines the parameters for UrlFilename match conditions"
    },
    "UrlPathMatchConditionParameters": {
      "type": "object",
      "properties": {
        "@odata.type": {
          "oneOf": [
            {
              "type": "string",
              "enum": [
                "#Microsoft.Azure.Cdn.Models.DeliveryRuleUrlPathMatchConditionParameters"
              ]
            },
            {
              "$ref": "https://schema.management.azure.com/schemas/common/definitions.json#/definitions/expression"
            }
          ]
        },
        "matchValues": {
          "oneOf": [
            {
              "type": "array",
              "items": {
                "type": "string"
              }
            },
            {
              "$ref": "https://schema.management.azure.com/schemas/common/definitions.json#/definitions/expression"
            }
          ],
          "description": "The match value for the condition of the delivery rule"
        },
        "negateCondition": {
          "oneOf": [
            {
              "type": "boolean"
            },
            {
              "$ref": "https://schema.management.azure.com/schemas/common/definitions.json#/definitions/expression"
            }
          ],
          "description": "Describes if this is negate condition or not"
        },
        "operator": {
          "oneOf": [
            {
              "type": "string",
              "enum": [
                "Any",
                "Equal",
                "Contains",
                "BeginsWith",
                "EndsWith",
                "LessThan",
                "LessThanOrEqual",
                "GreaterThan",
                "GreaterThanOrEqual",
                "Wildcard"
              ]
            },
            {
              "$ref": "https://schema.management.azure.com/schemas/common/definitions.json#/definitions/expression"
            }
          ],
          "description": "Describes operator to be matched."
        },
        "transforms": {
          "oneOf": [
            {
              "type": "array",
              "items": {
                "type": "string",
                "enum": [
                  "Lowercase",
                  "Uppercase",
                  "Trim",
                  "UrlDecode",
                  "UrlEncode",
                  "RemoveNulls"
                ]
              }
            },
            {
              "$ref": "https://schema.management.azure.com/schemas/common/definitions.json#/definitions/expression"
            }
          ],
          "description": "List of transforms"
        }
      },
      "required": [
        "@odata.type",
        "operator"
      ],
      "description": "Defines the parameters for UrlPath match conditions"
    },
    "UrlRedirectAction": {
      "type": "object",
      "properties": {
        "name": {
          "type": "string",
          "enum": [
            "UrlRedirect"
          ]
        },
        "parameters": {
          "oneOf": [
            {
              "$ref": "#/definitions/UrlRedirectActionParameters"
            },
            {
              "$ref": "https://schema.management.azure.com/schemas/common/definitions.json#/definitions/expression"
            }
          ],
          "description": "Defines the parameters for the url redirect action."
        }
      },
      "required": [
        "name",
        "parameters"
      ],
      "description": "Defines the url redirect action for the delivery rule."
    },
    "UrlRedirectActionParameters": {
      "type": "object",
      "properties": {
        "@odata.type": {
          "oneOf": [
            {
              "type": "string",
              "enum": [
                "#Microsoft.Azure.Cdn.Models.DeliveryRuleUrlRedirectActionParameters"
              ]
            },
            {
              "$ref": "https://schema.management.azure.com/schemas/common/definitions.json#/definitions/expression"
            }
          ]
        },
        "customFragment": {
          "type": "string",
          "description": "Fragment to add to the redirect URL. Fragment is the part of the URL that comes after #. Do not include the #."
        },
        "customHostname": {
          "type": "string",
          "description": "Host to redirect. Leave empty to use the incoming host as the destination host."
        },
        "customPath": {
          "type": "string",
          "description": "The full path to redirect. Path cannot be empty and must start with /. Leave empty to use the incoming path as destination path."
        },
        "customQueryString": {
          "type": "string",
          "description": "The set of query strings to be placed in the redirect URL. Setting this value would replace any existing query string; leave empty to preserve the incoming query string. Query string must be in <key>=<value> format. ? and & will be added automatically so do not include them."
        },
        "destinationProtocol": {
          "oneOf": [
            {
              "type": "string",
              "enum": [
                "MatchRequest",
                "Http",
                "Https"
              ]
            },
            {
              "$ref": "https://schema.management.azure.com/schemas/common/definitions.json#/definitions/expression"
            }
          ],
          "description": "Protocol to use for the redirect. The default value is MatchRequest."
        },
        "redirectType": {
          "oneOf": [
            {
              "type": "string",
              "enum": [
                "Moved",
                "Found",
                "TemporaryRedirect",
                "PermanentRedirect"
              ]
            },
            {
              "$ref": "https://schema.management.azure.com/schemas/common/definitions.json#/definitions/expression"
            }
          ],
          "description": "The redirect type the rule will use when redirecting traffic."
        }
      },
      "required": [
        "@odata.type",
        "redirectType"
      ],
      "description": "Defines the parameters for the url redirect action."
    },
    "UrlRewriteAction": {
      "type": "object",
      "properties": {
        "name": {
          "type": "string",
          "enum": [
            "UrlRewrite"
          ]
        },
        "parameters": {
          "oneOf": [
            {
              "$ref": "#/definitions/UrlRewriteActionParameters"
            },
            {
              "$ref": "https://schema.management.azure.com/schemas/common/definitions.json#/definitions/expression"
            }
          ],
          "description": "Defines the parameters for the url rewrite action."
        }
      },
      "required": [
        "name",
        "parameters"
      ],
      "description": "Defines the url rewrite action for the delivery rule."
    },
    "UrlRewriteActionParameters": {
      "type": "object",
      "properties": {
        "@odata.type": {
          "oneOf": [
            {
              "type": "string",
              "enum": [
                "#Microsoft.Azure.Cdn.Models.DeliveryRuleUrlRewriteActionParameters"
              ]
            },
            {
              "$ref": "https://schema.management.azure.com/schemas/common/definitions.json#/definitions/expression"
            }
          ]
        },
        "destination": {
          "type": "string",
          "description": "Define the destination path for be used in the rewrite. This will overwrite the source pattern "
        },
        "preserveUnmatchedPath": {
          "oneOf": [
            {
              "type": "boolean"
            },
            {
              "$ref": "https://schema.management.azure.com/schemas/common/definitions.json#/definitions/expression"
            }
          ],
          "description": "If True, the remaining path after the source pattern will be appended to the new destination path.  "
        },
        "sourcePattern": {
          "type": "string",
          "description": "define a request URI pattern that identifies the type of requests that may be rewritten. Currently, source pattern uses a prefix-based match. To match all URL paths, use \"/\" as the source pattern value. To match only the root directory and re-write this path, use the origin path field"
        }
      },
      "required": [
        "@odata.type",
        "destination",
        "sourcePattern"
      ],
      "description": "Defines the parameters for the url rewrite action."
    }
  }
}