{
  "id": "https://schema.management.azure.com/schemas/2017-06-01/Microsoft.StorSimple.8000.json#",
  "$schema": "http://json-schema.org/draft-04/schema#",
  "title": "Microsoft.StorSimple",
  "description": "Microsoft StorSimple Resource Types",
  "resourceDefinitions": {
    "managers": {
      "type": "object",
      "properties": {
        "apiVersion": {
          "type": "string",
          "enum": [
            "2017-06-01"
          ]
        },
        "etag": {
          "type": "string",
          "description": "The etag of the manager."
        },
        "location": {
          "type": "string",
          "description": "The geo location of the resource."
        },
        "name": {
          "type": "string",
          "minLength": 2,
          "maxLength": 50,
          "description": "The manager name"
        },
        "properties": {
          "oneOf": [
            {
              "$ref": "#/definitions/ManagerProperties"
            },
            {
              "$ref": "https://schema.management.azure.com/schemas/common/definitions.json#/definitions/expression"
            }
          ],
          "description": "The properties of the StorSimple Manager."
        },
        "resources": {
          "type": "array",
          "items": {
            "oneOf": [
              {
                "$ref": "#/definitions/managers_extendedInformation_childResource"
              },
              {
                "$ref": "#/definitions/managers_accessControlRecords_childResource"
              },
              {
                "$ref": "#/definitions/managers_bandwidthSettings_childResource"
              },
              {
                "$ref": "#/definitions/managers_storageAccountCredentials_childResource"
              }
            ]
          }
        },
        "tags": {
          "oneOf": [
            {
              "type": "object",
              "additionalProperties": {
                "type": "string"
              },
              "properties": {}
            },
            {
              "$ref": "https://schema.management.azure.com/schemas/common/definitions.json#/definitions/expression"
            }
          ],
          "description": "The tags attached to the resource."
        },
        "type": {
          "type": "string",
          "enum": [
            "Microsoft.StorSimple/managers"
          ]
        }
      },
      "required": [
        "apiVersion",
        "location",
        "name",
        "properties",
        "type"
      ],
      "description": "Microsoft.StorSimple/managers"
    },
    "managers_accessControlRecords": {
      "type": "object",
      "properties": {
        "apiVersion": {
          "type": "string",
          "enum": [
            "2017-06-01"
          ]
        },
        "kind": {
          "oneOf": [
            {
              "type": "string",
              "enum": [
                "Series8000"
              ]
            },
            {
              "$ref": "https://schema.management.azure.com/schemas/common/definitions.json#/definitions/expression"
            }
          ],
          "description": "The Kind of the object. Currently only Series8000 is supported."
        },
        "name": {
          "type": "string",
          "description": "The name of the access control record."
        },
        "properties": {
          "oneOf": [
            {
              "$ref": "#/definitions/AccessControlRecordProperties"
            },
            {
              "$ref": "https://schema.management.azure.com/schemas/common/definitions.json#/definitions/expression"
            }
          ],
          "description": "The properties of access control record."
        },
        "type": {
          "type": "string",
          "enum": [
            "Microsoft.StorSimple/managers/accessControlRecords"
          ]
        }
      },
      "required": [
        "apiVersion",
        "name",
        "properties",
        "type"
      ],
      "description": "Microsoft.StorSimple/managers/accessControlRecords"
    },
    "managers_bandwidthSettings": {
      "type": "object",
      "properties": {
        "apiVersion": {
          "type": "string",
          "enum": [
            "2017-06-01"
          ]
        },
        "kind": {
          "oneOf": [
            {
              "type": "string",
              "enum": [
                "Series8000"
              ]
            },
            {
              "$ref": "https://schema.management.azure.com/schemas/common/definitions.json#/definitions/expression"
            }
          ],
          "description": "The Kind of the object. Currently only Series8000 is supported."
        },
        "name": {
          "type": "string",
          "description": "The bandwidth setting name."
        },
        "properties": {
          "oneOf": [
            {
              "$ref": "#/definitions/BandwidthRateSettingProperties"
            },
            {
              "$ref": "https://schema.management.azure.com/schemas/common/definitions.json#/definitions/expression"
            }
          ],
          "description": "The properties of the bandwidth setting."
        },
        "type": {
          "type": "string",
          "enum": [
            "Microsoft.StorSimple/managers/bandwidthSettings"
          ]
        }
      },
      "required": [
        "apiVersion",
        "name",
        "properties",
        "type"
      ],
      "description": "Microsoft.StorSimple/managers/bandwidthSettings"
    },
    "managers_devices_alertSettings": {
      "type": "object",
      "properties": {
        "apiVersion": {
          "type": "string",
          "enum": [
            "2017-06-01"
          ]
        },
        "kind": {
          "oneOf": [
            {
              "type": "string",
              "enum": [
                "Series8000"
              ]
            },
            {
              "$ref": "https://schema.management.azure.com/schemas/common/definitions.json#/definitions/expression"
            }
          ],
          "description": "The Kind of the object. Currently only Series8000 is supported."
        },
        "name": {
          "oneOf": [
            {
              "type": "string",
              "pattern": "^.*/default$"
            },
            {
              "$ref": "https://schema.management.azure.com/schemas/common/definitions.json#/definitions/expression"
            }
          ]
        },
        "properties": {
          "oneOf": [
            {
              "$ref": "#/definitions/AlertNotificationProperties"
            },
            {
              "$ref": "https://schema.management.azure.com/schemas/common/definitions.json#/definitions/expression"
            }
          ],
          "description": "The properties of the alert notification settings."
        },
        "type": {
          "type": "string",
          "enum": [
            "Microsoft.StorSimple/managers/devices/alertSettings"
          ]
        }
      },
      "required": [
        "apiVersion",
        "name",
        "properties",
        "type"
      ],
      "description": "Microsoft.StorSimple/managers/devices/alertSettings"
    },
    "managers_devices_backupPolicies": {
      "type": "object",
      "properties": {
        "apiVersion": {
          "type": "string",
          "enum": [
            "2017-06-01"
          ]
        },
        "kind": {
          "oneOf": [
            {
              "type": "string",
              "enum": [
                "Series8000"
              ]
            },
            {
              "$ref": "https://schema.management.azure.com/schemas/common/definitions.json#/definitions/expression"
            }
          ],
          "description": "The Kind of the object. Currently only Series8000 is supported."
        },
        "name": {
          "type": "string",
          "description": "The name of the backup policy to be created/updated."
        },
        "properties": {
          "oneOf": [
            {
              "$ref": "#/definitions/BackupPolicyProperties"
            },
            {
              "$ref": "https://schema.management.azure.com/schemas/common/definitions.json#/definitions/expression"
            }
          ],
          "description": "The properties of the backup policy."
        },
        "resources": {
          "type": "array",
          "items": {
            "oneOf": [
              {
                "$ref": "#/definitions/managers_devices_backupPolicies_schedules_childResource"
              }
            ]
          }
        },
        "type": {
          "type": "string",
          "enum": [
            "Microsoft.StorSimple/managers/devices/backupPolicies"
          ]
        }
      },
      "required": [
        "apiVersion",
        "name",
        "properties",
        "type"
      ],
      "description": "Microsoft.StorSimple/managers/devices/backupPolicies"
    },
    "managers_devices_backupPolicies_schedules": {
      "type": "object",
      "properties": {
        "apiVersion": {
          "type": "string",
          "enum": [
            "2017-06-01"
          ]
        },
        "kind": {
          "oneOf": [
            {
              "type": "string",
              "enum": [
                "Series8000"
              ]
            },
            {
              "$ref": "https://schema.management.azure.com/schemas/common/definitions.json#/definitions/expression"
            }
          ],
          "description": "The Kind of the object. Currently only Series8000 is supported."
        },
        "name": {
          "type": "string",
          "description": "The backup schedule name."
        },
        "properties": {
          "oneOf": [
            {
              "$ref": "#/definitions/BackupScheduleProperties"
            },
            {
              "$ref": "https://schema.management.azure.com/schemas/common/definitions.json#/definitions/expression"
            }
          ],
          "description": "The properties of the backup schedule."
        },
        "type": {
          "type": "string",
          "enum": [
            "Microsoft.StorSimple/managers/devices/backupPolicies/schedules"
          ]
        }
      },
      "required": [
        "apiVersion",
        "name",
        "properties",
        "type"
      ],
      "description": "Microsoft.StorSimple/managers/devices/backupPolicies/schedules"
    },
    "managers_devices_timeSettings": {
      "type": "object",
      "properties": {
        "apiVersion": {
          "type": "string",
          "enum": [
            "2017-06-01"
          ]
        },
        "kind": {
          "oneOf": [
            {
              "type": "string",
              "enum": [
                "Series8000"
              ]
            },
            {
              "$ref": "https://schema.management.azure.com/schemas/common/definitions.json#/definitions/expression"
            }
          ],
          "description": "The Kind of the object. Currently only Series8000 is supported."
        },
        "name": {
          "oneOf": [
            {
              "type": "string",
              "pattern": "^.*/default$"
            },
            {
              "$ref": "https://schema.management.azure.com/schemas/common/definitions.json#/definitions/expression"
            }
          ]
        },
        "properties": {
          "oneOf": [
            {
              "$ref": "#/definitions/TimeSettingsProperties"
            },
            {
              "$ref": "https://schema.management.azure.com/schemas/common/definitions.json#/definitions/expression"
            }
          ],
          "description": "The properties of time settings of a device."
        },
        "type": {
          "type": "string",
          "enum": [
            "Microsoft.StorSimple/managers/devices/timeSettings"
          ]
        }
      },
      "required": [
        "apiVersion",
        "name",
        "properties",
        "type"
      ],
      "description": "Microsoft.StorSimple/managers/devices/timeSettings"
    },
    "managers_devices_volumeContainers": {
      "type": "object",
      "properties": {
        "apiVersion": {
          "type": "string",
          "enum": [
            "2017-06-01"
          ]
        },
        "kind": {
          "oneOf": [
            {
              "type": "string",
              "enum": [
                "Series8000"
              ]
            },
            {
              "$ref": "https://schema.management.azure.com/schemas/common/definitions.json#/definitions/expression"
            }
          ],
          "description": "The Kind of the object. Currently only Series8000 is supported."
        },
        "name": {
          "type": "string",
          "description": "The name of the volume container."
        },
        "properties": {
          "oneOf": [
            {
              "$ref": "#/definitions/VolumeContainerProperties"
            },
            {
              "$ref": "https://schema.management.azure.com/schemas/common/definitions.json#/definitions/expression"
            }
          ],
          "description": "The properties of volume container."
        },
        "resources": {
          "type": "array",
          "items": {
            "oneOf": [
              {
                "$ref": "#/definitions/managers_devices_volumeContainers_volumes_childResource"
              }
            ]
          }
        },
        "type": {
          "type": "string",
          "enum": [
            "Microsoft.StorSimple/managers/devices/volumeContainers"
          ]
        }
      },
      "required": [
        "apiVersion",
        "name",
        "properties",
        "type"
      ],
      "description": "Microsoft.StorSimple/managers/devices/volumeContainers"
    },
    "managers_devices_volumeContainers_volumes": {
      "type": "object",
      "properties": {
        "apiVersion": {
          "type": "string",
          "enum": [
            "2017-06-01"
          ]
        },
        "kind": {
          "oneOf": [
            {
              "type": "string",
              "enum": [
                "Series8000"
              ]
            },
            {
              "$ref": "https://schema.management.azure.com/schemas/common/definitions.json#/definitions/expression"
            }
          ],
          "description": "The Kind of the object. Currently only Series8000 is supported."
        },
        "name": {
          "type": "string",
          "description": "The volume name."
        },
        "properties": {
          "oneOf": [
            {
              "$ref": "#/definitions/VolumeProperties"
            },
            {
              "$ref": "https://schema.management.azure.com/schemas/common/definitions.json#/definitions/expression"
            }
          ],
          "description": "The properties of volume."
        },
        "type": {
          "type": "string",
          "enum": [
            "Microsoft.StorSimple/managers/devices/volumeContainers/volumes"
          ]
        }
      },
      "required": [
        "apiVersion",
        "name",
        "properties",
        "type"
      ],
      "description": "Microsoft.StorSimple/managers/devices/volumeContainers/volumes"
    },
    "managers_extendedInformation": {
      "type": "object",
      "properties": {
        "apiVersion": {
          "type": "string",
          "enum": [
            "2017-06-01"
          ]
        },
        "etag": {
          "type": "string",
          "description": "The etag of the resource."
        },
        "kind": {
          "oneOf": [
            {
              "type": "string",
              "enum": [
                "Series8000"
              ]
            },
            {
              "$ref": "https://schema.management.azure.com/schemas/common/definitions.json#/definitions/expression"
            }
          ],
          "description": "The Kind of the object. Currently only Series8000 is supported."
        },
        "name": {
          "oneOf": [
            {
              "type": "string",
              "pattern": "^.*/vaultExtendedInfo$"
            },
            {
              "$ref": "https://schema.management.azure.com/schemas/common/definitions.json#/definitions/expression"
            }
          ]
        },
        "properties": {
          "oneOf": [
            {
              "$ref": "#/definitions/ManagerExtendedInfoProperties"
            },
            {
              "$ref": "https://schema.management.azure.com/schemas/common/definitions.json#/definitions/expression"
            }
          ],
          "description": "The properties of the manager extended info."
        },
        "type": {
          "type": "string",
          "enum": [
            "Microsoft.StorSimple/managers/extendedInformation"
          ]
        }
      },
      "required": [
        "apiVersion",
        "name",
        "properties",
        "type"
      ],
      "description": "Microsoft.StorSimple/managers/extendedInformation"
    },
    "managers_storageAccountCredentials": {
      "type": "object",
      "properties": {
        "apiVersion": {
          "type": "string",
          "enum": [
            "2017-06-01"
          ]
        },
        "kind": {
          "oneOf": [
            {
              "type": "string",
              "enum": [
                "Series8000"
              ]
            },
            {
              "$ref": "https://schema.management.azure.com/schemas/common/definitions.json#/definitions/expression"
            }
          ],
          "description": "The Kind of the object. Currently only Series8000 is supported."
        },
        "name": {
          "type": "string",
          "description": "The storage account credential name."
        },
        "properties": {
          "oneOf": [
            {
              "$ref": "#/definitions/StorageAccountCredentialProperties"
            },
            {
              "$ref": "https://schema.management.azure.com/schemas/common/definitions.json#/definitions/expression"
            }
          ],
          "description": "The storage account credential properties."
        },
        "type": {
          "type": "string",
          "enum": [
            "Microsoft.StorSimple/managers/storageAccountCredentials"
          ]
        }
      },
      "required": [
        "apiVersion",
        "name",
        "properties",
        "type"
      ],
      "description": "Microsoft.StorSimple/managers/storageAccountCredentials"
    }
  },
  "definitions": {
    "AccessControlRecordProperties": {
      "type": "object",
      "properties": {
        "initiatorName": {
          "type": "string",
          "description": "The iSCSI initiator name (IQN)."
        }
      },
      "required": [
        "initiatorName"
      ],
      "description": "The properties of access control record."
    },
    "AlertNotificationProperties": {
      "type": "object",
      "properties": {
        "additionalRecipientEmailList": {
          "oneOf": [
            {
              "type": "array",
              "items": {
                "type": "string"
              }
            },
            {
              "$ref": "https://schema.management.azure.com/schemas/common/definitions.json#/definitions/expression"
            }
          ],
          "description": "The alert notification email list."
        },
        "alertNotificationCulture": {
          "type": "string",
          "description": "The alert notification culture."
        },
        "emailNotification": {
          "oneOf": [
            {
              "type": "string",
              "enum": [
                "Enabled",
                "Disabled"
              ]
            },
            {
              "$ref": "https://schema.management.azure.com/schemas/common/definitions.json#/definitions/expression"
            }
          ],
          "description": "Indicates whether email notification enabled or not."
        },
        "notificationToServiceOwners": {
          "oneOf": [
            {
              "type": "string",
              "enum": [
                "Enabled",
                "Disabled"
              ]
            },
            {
              "$ref": "https://schema.management.azure.com/schemas/common/definitions.json#/definitions/expression"
            }
          ],
          "description": "The value indicating whether alert notification enabled for admin or not."
        }
      },
      "required": [
        "emailNotification"
      ],
      "description": "The properties of the alert notification settings."
    },
    "AsymmetricEncryptedSecret": {
      "type": "object",
      "properties": {
        "encryptionAlgorithm": {
          "oneOf": [
            {
              "type": "string",
              "enum": [
                "None",
                "AES256",
                "RSAES_PKCS1_v_1_5"
              ]
            },
            {
              "$ref": "https://schema.management.azure.com/schemas/common/definitions.json#/definitions/expression"
            }
          ],
          "description": "The algorithm used to encrypt \"Value\"."
        },
        "encryptionCertThumbprint": {
          "type": "string",
          "description": "Thumbprint certificate that was used to encrypt \"Value\". If the value in unencrypted, it will be null."
        },
        "value": {
          "type": "string",
          "description": "The value of the secret."
        }
      },
      "required": [
        "encryptionAlgorithm",
        "value"
      ],
      "description": "Represent the secrets intended for encryption with asymmetric key pair."
    },
    "BackupPolicyProperties": {
      "type": "object",
      "properties": {
        "volumeIds": {
          "oneOf": [
            {
              "type": "array",
              "items": {
                "type": "string"
              }
            },
            {
              "$ref": "https://schema.management.azure.com/schemas/common/definitions.json#/definitions/expression"
            }
          ],
          "description": "The path IDs of the volumes which are part of the backup policy."
        }
      },
      "required": [
        "volumeIds"
      ],
      "description": "The properties of the backup policy."
    },
    "BackupScheduleProperties": {
      "type": "object",
      "properties": {
        "backupType": {
          "oneOf": [
            {
              "type": "string",
              "enum": [
                "LocalSnapshot",
                "CloudSnapshot"
              ]
            },
            {
              "$ref": "https://schema.management.azure.com/schemas/common/definitions.json#/definitions/expression"
            }
          ],
          "description": "The type of backup which needs to be taken."
        },
        "retentionCount": {
          "oneOf": [
            {
              "type": "integer"
            },
            {
              "$ref": "https://schema.management.azure.com/schemas/common/definitions.json#/definitions/expression"
            }
          ],
          "description": "The number of backups to be retained."
        },
        "scheduleRecurrence": {
          "oneOf": [
            {
              "$ref": "#/definitions/ScheduleRecurrence"
            },
            {
              "$ref": "https://schema.management.azure.com/schemas/common/definitions.json#/definitions/expression"
            }
          ],
          "description": "The schedule recurrence."
        },
        "scheduleStatus": {
          "oneOf": [
            {
              "type": "string",
              "enum": [
                "Enabled",
                "Disabled"
              ]
            },
            {
              "$ref": "https://schema.management.azure.com/schemas/common/definitions.json#/definitions/expression"
            }
          ],
          "description": "The schedule status."
        },
        "startTime": {
          "type": "string",
          "format": "date-time",
          "description": "The start time of the schedule."
        }
      },
      "required": [
        "backupType",
        "retentionCount",
        "scheduleRecurrence",
        "scheduleStatus",
        "startTime"
      ],
      "description": "The properties of the backup schedule."
    },
    "BandwidthRateSettingProperties": {
      "type": "object",
      "properties": {
        "schedules": {
          "oneOf": [
            {
              "type": "array",
              "items": {
                "$ref": "#/definitions/BandwidthSchedule"
              }
            },
            {
              "$ref": "https://schema.management.azure.com/schemas/common/definitions.json#/definitions/expression"
            }
          ],
          "description": "The schedules."
        }
      },
      "required": [
        "schedules"
      ],
      "description": "The properties of the bandwidth setting."
    },
    "BandwidthSchedule": {
      "type": "object",
      "properties": {
        "days": {
          "oneOf": [
            {
              "type": "array",
              "items": {
                "type": "string",
                "enum": [
                  "Sunday",
                  "Monday",
                  "Tuesday",
                  "Wednesday",
                  "Thursday",
                  "Friday",
                  "Saturday"
                ]
              }
            },
            {
              "$ref": "https://schema.management.azure.com/schemas/common/definitions.json#/definitions/expression"
            }
          ],
          "description": "The days of the week when this schedule is applicable."
        },
        "rateInMbps": {
          "oneOf": [
            {
              "type": "integer"
            },
            {
              "$ref": "https://schema.management.azure.com/schemas/common/definitions.json#/definitions/expression"
            }
          ],
          "description": "The rate in Mbps."
        },
        "start": {
          "oneOf": [
            {
              "$ref": "#/definitions/Time"
            },
            {
              "$ref": "https://schema.management.azure.com/schemas/common/definitions.json#/definitions/expression"
            }
          ],
          "description": "The time."
        },
        "stop": {
          "oneOf": [
            {
              "$ref": "#/definitions/Time"
            },
            {
              "$ref": "https://schema.management.azure.com/schemas/common/definitions.json#/definitions/expression"
            }
          ],
          "description": "The time."
        }
      },
      "required": [
        "days",
        "rateInMbps",
        "start",
        "stop"
      ],
      "description": "The schedule for bandwidth setting."
    },
    "ManagerExtendedInfoProperties": {
      "type": "object",
      "properties": {
        "algorithm": {
          "type": "string",
          "description": "Represents the encryption algorithm used to encrypt the keys. None - if Key is saved in plain text format. Algorithm name - if key is encrypted"
        },
        "encryptionKey": {
          "type": "string",
          "description": "Represents the CEK of the resource."
        },
        "encryptionKeyThumbprint": {
          "type": "string",
          "description": "Represents the Cert thumbprint that was used to encrypt the CEK."
        },
        "integrityKey": {
          "type": "string",
          "description": "Represents the CIK of the resource."
        },
        "portalCertificateThumbprint": {
          "type": "string",
          "description": "Represents the portal thumbprint which can be used optionally to encrypt the entire data before storing it."
        },
        "version": {
          "type": "string",
          "description": "The version of the extended info being persisted."
        }
      },
      "required": [
        "algorithm",
        "integrityKey"
      ],
      "description": "The properties of the manager extended info."
    },
    "ManagerIntrinsicSettings": {
      "type": "object",
      "properties": {
        "type": {
          "oneOf": [
            {
              "type": "string",
              "enum": [
                "GardaV1",
                "HelsinkiV1"
              ]
            },
            {
              "$ref": "https://schema.management.azure.com/schemas/common/definitions.json#/definitions/expression"
            }
          ],
          "description": "The type of StorSimple Manager."
        }
      },
      "required": [
        "type"
      ],
      "description": "Intrinsic settings which refers to the type of the StorSimple Manager."
    },
    "ManagerProperties": {
      "type": "object",
      "properties": {
        "cisIntrinsicSettings": {
          "oneOf": [
            {
              "$ref": "#/definitions/ManagerIntrinsicSettings"
            },
            {
              "$ref": "https://schema.management.azure.com/schemas/common/definitions.json#/definitions/expression"
            }
          ],
          "description": "Intrinsic settings which refers to the type of the StorSimple Manager."
        },
        "provisioningState": {
          "type": "string",
          "description": "Specifies the state of the resource as it is getting provisioned. Value of \"Succeeded\" means the Manager was successfully created."
        },
        "sku": {
          "oneOf": [
            {
              "$ref": "#/definitions/ManagerSku"
            },
            {
              "$ref": "https://schema.management.azure.com/schemas/common/definitions.json#/definitions/expression"
            }
          ],
          "description": "The Sku."
        }
      },
      "description": "The properties of the StorSimple Manager."
    },
    "ManagerSku": {
      "type": "object",
      "properties": {
        "name": {
          "oneOf": [
            {
              "type": "string",
              "enum": [
                "Standard"
              ]
            },
            {
              "$ref": "https://schema.management.azure.com/schemas/common/definitions.json#/definitions/expression"
            }
          ],
          "description": "Refers to the sku name which should be \"Standard\""
        }
      },
      "required": [
        "name"
      ],
      "description": "The Sku."
    },
    "managers_accessControlRecords_childResource": {
      "type": "object",
      "properties": {
        "apiVersion": {
          "type": "string",
          "enum": [
            "2017-06-01"
          ]
        },
        "kind": {
          "oneOf": [
            {
              "type": "string",
              "enum": [
                "Series8000"
              ]
            },
            {
              "$ref": "https://schema.management.azure.com/schemas/common/definitions.json#/definitions/expression"
            }
          ],
          "description": "The Kind of the object. Currently only Series8000 is supported."
        },
        "name": {
          "type": "string",
          "description": "The name of the access control record."
        },
        "properties": {
          "oneOf": [
            {
              "$ref": "#/definitions/AccessControlRecordProperties"
            },
            {
              "$ref": "https://schema.management.azure.com/schemas/common/definitions.json#/definitions/expression"
            }
          ],
          "description": "The properties of access control record."
        },
        "type": {
          "type": "string",
          "enum": [
            "accessControlRecords"
          ]
        }
      },
      "required": [
        "apiVersion",
        "name",
        "properties",
        "type"
      ],
      "description": "Microsoft.StorSimple/managers/accessControlRecords"
    },
    "managers_bandwidthSettings_childResource": {
      "type": "object",
      "properties": {
        "apiVersion": {
          "type": "string",
          "enum": [
            "2017-06-01"
          ]
        },
        "kind": {
          "oneOf": [
            {
              "type": "string",
              "enum": [
                "Series8000"
              ]
            },
            {
              "$ref": "https://schema.management.azure.com/schemas/common/definitions.json#/definitions/expression"
            }
          ],
          "description": "The Kind of the object. Currently only Series8000 is supported."
        },
        "name": {
          "type": "string",
          "description": "The bandwidth setting name."
        },
        "properties": {
          "oneOf": [
            {
              "$ref": "#/definitions/BandwidthRateSettingProperties"
            },
            {
              "$ref": "https://schema.management.azure.com/schemas/common/definitions.json#/definitions/expression"
            }
          ],
          "description": "The properties of the bandwidth setting."
        },
        "type": {
          "type": "string",
          "enum": [
            "bandwidthSettings"
          ]
        }
      },
      "required": [
        "apiVersion",
        "name",
        "properties",
        "type"
      ],
      "description": "Microsoft.StorSimple/managers/bandwidthSettings"
    },
    "managers_devices_backupPolicies_schedules_childResource": {
      "type": "object",
      "properties": {
        "apiVersion": {
          "type": "string",
          "enum": [
            "2017-06-01"
          ]
        },
        "kind": {
          "oneOf": [
            {
              "type": "string",
              "enum": [
                "Series8000"
              ]
            },
            {
              "$ref": "https://schema.management.azure.com/schemas/common/definitions.json#/definitions/expression"
            }
          ],
          "description": "The Kind of the object. Currently only Series8000 is supported."
        },
        "name": {
          "type": "string",
          "description": "The backup schedule name."
        },
        "properties": {
          "oneOf": [
            {
              "$ref": "#/definitions/BackupScheduleProperties"
            },
            {
              "$ref": "https://schema.management.azure.com/schemas/common/definitions.json#/definitions/expression"
            }
          ],
          "description": "The properties of the backup schedule."
        },
        "type": {
          "type": "string",
          "enum": [
            "schedules"
          ]
        }
      },
      "required": [
        "apiVersion",
        "name",
        "properties",
        "type"
      ],
      "description": "Microsoft.StorSimple/managers/devices/backupPolicies/schedules"
    },
    "managers_devices_volumeContainers_volumes_childResource": {
      "type": "object",
      "properties": {
        "apiVersion": {
          "type": "string",
          "enum": [
            "2017-06-01"
          ]
        },
        "kind": {
          "oneOf": [
            {
              "type": "string",
              "enum": [
                "Series8000"
              ]
            },
            {
              "$ref": "https://schema.management.azure.com/schemas/common/definitions.json#/definitions/expression"
            }
          ],
          "description": "The Kind of the object. Currently only Series8000 is supported."
        },
        "name": {
          "type": "string",
          "description": "The volume name."
        },
        "properties": {
          "oneOf": [
            {
              "$ref": "#/definitions/VolumeProperties"
            },
            {
              "$ref": "https://schema.management.azure.com/schemas/common/definitions.json#/definitions/expression"
            }
          ],
          "description": "The properties of volume."
        },
        "type": {
          "type": "string",
          "enum": [
            "volumes"
          ]
        }
      },
      "required": [
        "apiVersion",
        "name",
        "properties",
        "type"
      ],
      "description": "Microsoft.StorSimple/managers/devices/volumeContainers/volumes"
    },
    "managers_extendedInformation_childResource": {
      "type": "object",
      "properties": {
        "apiVersion": {
          "type": "string",
          "enum": [
            "2017-06-01"
          ]
        },
        "etag": {
          "type": "string",
          "description": "The etag of the resource."
        },
        "kind": {
          "oneOf": [
            {
              "type": "string",
              "enum": [
                "Series8000"
              ]
            },
            {
              "$ref": "https://schema.management.azure.com/schemas/common/definitions.json#/definitions/expression"
            }
          ],
          "description": "The Kind of the object. Currently only Series8000 is supported."
        },
        "name": {
          "type": "string",
          "enum": [
            "vaultExtendedInfo"
          ]
        },
        "properties": {
          "oneOf": [
            {
              "$ref": "#/definitions/ManagerExtendedInfoProperties"
            },
            {
              "$ref": "https://schema.management.azure.com/schemas/common/definitions.json#/definitions/expression"
            }
          ],
          "description": "The properties of the manager extended info."
        },
        "type": {
          "type": "string",
          "enum": [
            "extendedInformation"
          ]
        }
      },
      "required": [
        "apiVersion",
        "name",
        "properties",
        "type"
      ],
      "description": "Microsoft.StorSimple/managers/extendedInformation"
    },
    "managers_storageAccountCredentials_childResource": {
      "type": "object",
      "properties": {
        "apiVersion": {
          "type": "string",
          "enum": [
            "2017-06-01"
          ]
        },
        "kind": {
          "oneOf": [
            {
              "type": "string",
              "enum": [
                "Series8000"
              ]
            },
            {
              "$ref": "https://schema.management.azure.com/schemas/common/definitions.json#/definitions/expression"
            }
          ],
          "description": "The Kind of the object. Currently only Series8000 is supported."
        },
        "name": {
          "type": "string",
          "description": "The storage account credential name."
        },
        "properties": {
          "oneOf": [
            {
              "$ref": "#/definitions/StorageAccountCredentialProperties"
            },
            {
              "$ref": "https://schema.management.azure.com/schemas/common/definitions.json#/definitions/expression"
            }
          ],
          "description": "The storage account credential properties."
        },
        "type": {
          "type": "string",
          "enum": [
            "storageAccountCredentials"
          ]
        }
      },
      "required": [
        "apiVersion",
        "name",
        "properties",
        "type"
      ],
      "description": "Microsoft.StorSimple/managers/storageAccountCredentials"
    },
    "ScheduleRecurrence": {
      "type": "object",
      "properties": {
        "recurrenceType": {
          "oneOf": [
            {
              "type": "string",
              "enum": [
                "Minutes",
                "Hourly",
                "Daily",
                "Weekly"
              ]
            },
            {
              "$ref": "https://schema.management.azure.com/schemas/common/definitions.json#/definitions/expression"
            }
          ],
          "description": "The recurrence type."
        },
        "recurrenceValue": {
          "oneOf": [
            {
              "type": "integer"
            },
            {
              "$ref": "https://schema.management.azure.com/schemas/common/definitions.json#/definitions/expression"
            }
          ],
          "description": "The recurrence value."
        },
        "weeklyDaysList": {
          "oneOf": [
            {
              "type": "array",
              "items": {
                "type": "string",
                "enum": [
                  "Sunday",
                  "Monday",
                  "Tuesday",
                  "Wednesday",
                  "Thursday",
                  "Friday",
                  "Saturday"
                ]
              }
            },
            {
              "$ref": "https://schema.management.azure.com/schemas/common/definitions.json#/definitions/expression"
            }
          ],
          "description": "The week days list. Applicable only for schedules of recurrence type 'weekly'."
        }
      },
      "required": [
        "recurrenceType",
        "recurrenceValue"
      ],
      "description": "The schedule recurrence."
    },
    "StorageAccountCredentialProperties": {
      "type": "object",
      "properties": {
        "accessKey": {
          "oneOf": [
            {
              "$ref": "#/definitions/AsymmetricEncryptedSecret"
            },
            {
              "$ref": "https://schema.management.azure.com/schemas/common/definitions.json#/definitions/expression"
            }
          ],
          "description": "Represent the secrets intended for encryption with asymmetric key pair."
        },
        "endPoint": {
          "type": "string",
          "description": "The storage endpoint"
        },
        "sslStatus": {
          "oneOf": [
            {
              "type": "string",
              "enum": [
                "Enabled",
                "Disabled"
              ]
            },
            {
              "$ref": "https://schema.management.azure.com/schemas/common/definitions.json#/definitions/expression"
            }
          ],
          "description": "Signifies whether SSL needs to be enabled or not."
        }
      },
      "required": [
        "endPoint",
        "sslStatus"
      ],
      "description": "The storage account credential properties."
    },
    "Time": {
      "type": "object",
      "properties": {
        "hours": {
          "oneOf": [
            {
              "type": "integer",
              "minimum": 0,
              "maximum": 23
            },
            {
              "$ref": "https://schema.management.azure.com/schemas/common/definitions.json#/definitions/expression"
            }
          ],
          "description": "The hour."
        },
        "minutes": {
          "oneOf": [
            {
              "type": "integer",
              "minimum": 0,
              "maximum": 59
            },
            {
              "$ref": "https://schema.management.azure.com/schemas/common/definitions.json#/definitions/expression"
            }
          ],
          "description": "The minute."
        },
        "seconds": {
          "oneOf": [
            {
              "type": "integer",
              "minimum": 0,
              "maximum": 59
            },
            {
              "$ref": "https://schema.management.azure.com/schemas/common/definitions.json#/definitions/expression"
            }
          ],
          "description": "The second."
        }
      },
      "required": [
        "hours",
        "minutes",
        "seconds"
      ],
      "description": "The time."
    },
    "TimeSettingsProperties": {
      "type": "object",
      "properties": {
        "primaryTimeServer": {
          "type": "string",
          "description": "The primary Network Time Protocol (NTP) server name, like 'time.windows.com'."
        },
        "secondaryTimeServer": {
          "oneOf": [
            {
              "type": "array",
              "items": {
                "type": "string"
              }
            },
            {
              "$ref": "https://schema.management.azure.com/schemas/common/definitions.json#/definitions/expression"
            }
          ],
          "description": "The secondary Network Time Protocol (NTP) server name, like 'time.contoso.com'. It's optional."
        },
        "timeZone": {
          "type": "string",
          "description": "The timezone of device, like '(UTC -06:00) Central America'"
        }
      },
      "required": [
        "timeZone"
      ],
      "description": "The properties of time settings of a device."
    },
    "VolumeContainerProperties": {
      "type": "object",
      "properties": {
        "bandWidthRateInMbps": {
          "oneOf": [
            {
              "type": "integer"
            },
            {
              "$ref": "https://schema.management.azure.com/schemas/common/definitions.json#/definitions/expression"
            }
          ],
          "description": "The bandwidth-rate set on the volume container."
        },
        "bandwidthSettingId": {
          "type": "string",
          "description": "The ID of the bandwidth setting associated with the volume container."
        },
        "encryptionKey": {
          "oneOf": [
            {
              "$ref": "#/definitions/AsymmetricEncryptedSecret"
            },
            {
              "$ref": "https://schema.management.azure.com/schemas/common/definitions.json#/definitions/expression"
            }
          ],
          "description": "Represent the secrets intended for encryption with asymmetric key pair."
        },
        "storageAccountCredentialId": {
          "type": "string",
          "description": "The path ID of storage account associated with the volume container."
        }
      },
      "required": [
        "storageAccountCredentialId"
      ],
      "description": "The properties of volume container."
    },
    "VolumeProperties": {
      "type": "object",
      "properties": {
        "accessControlRecordIds": {
          "oneOf": [
            {
              "type": "array",
              "items": {
                "type": "string"
              }
            },
            {
              "$ref": "https://schema.management.azure.com/schemas/common/definitions.json#/definitions/expression"
            }
          ],
          "description": "The IDs of the access control records, associated with the volume."
        },
        "monitoringStatus": {
          "oneOf": [
            {
              "type": "string",
              "enum": [
                "Enabled",
                "Disabled"
              ]
            },
            {
              "$ref": "https://schema.management.azure.com/schemas/common/definitions.json#/definitions/expression"
            }
          ],
          "description": "The monitoring status of the volume."
        },
        "sizeInBytes": {
          "oneOf": [
            {
              "type": "integer"
            },
            {
              "$ref": "https://schema.management.azure.com/schemas/common/definitions.json#/definitions/expression"
            }
          ],
          "description": "The size of the volume in bytes."
        },
        "volumeStatus": {
          "oneOf": [
            {
              "type": "string",
              "enum": [
                "Online",
                "Offline"
              ]
            },
            {
              "$ref": "https://schema.management.azure.com/schemas/common/definitions.json#/definitions/expression"
            }
          ],
          "description": "The volume status."
        },
        "volumeType": {
          "oneOf": [
            {
              "type": "string",
              "enum": [
                "Tiered",
                "Archival",
                "LocallyPinned"
              ]
            },
            {
              "$ref": "https://schema.management.azure.com/schemas/common/definitions.json#/definitions/expression"
            }
          ],
          "description": "The type of the volume."
        }
      },
      "required": [
        "accessControlRecordIds",
        "monitoringStatus",
        "sizeInBytes",
        "volumeStatus",
        "volumeType"
      ],
      "description": "The properties of volume."
    }
  }
}