{
  "id": "https://schema.management.azure.com/schemas/2018-11-01-preview/Microsoft.Billing.json#",
  "$schema": "http://json-schema.org/draft-04/schema#",
  "title": "Microsoft.Billing",
  "description": "Microsoft Billing Resource Types",
  "resourceDefinitions": {},
  "subscription_resourceDefinitions": {
    "billingAccounts_lineOfCredit": {
      "type": "object",
      "properties": {
        "apiVersion": {
          "type": "string",
          "enum": [
            "2018-11-01-preview"
          ]
        },
        "name": {
          "oneOf": [
            {
              "type": "string",
              "pattern": "^.*/default$"
            },
            {
              "$ref": "https://schema.management.azure.com/schemas/common/definitions.json#/definitions/expression"
            }
          ]
        },
        "properties": {
          "oneOf": [
            {
              "$ref": "#/definitions/LineOfCreditProperties"
            },
            {
              "$ref": "https://schema.management.azure.com/schemas/common/definitions.json#/definitions/expression"
            }
          ],
          "description": "The properties of the line of credit."
        },
        "type": {
          "type": "string",
          "enum": [
            "Microsoft.Billing/billingAccounts/lineOfCredit"
          ]
        }
      },
      "required": [
        "apiVersion",
        "name",
        "properties",
        "type"
      ],
      "description": "Microsoft.Billing/billingAccounts/lineOfCredit"
    }
  },
  "tenant_resourceDefinitions": {
    "billingAccounts_billingProfiles": {
      "type": "object",
      "properties": {
        "apiVersion": {
          "type": "string",
          "enum": [
            "2018-11-01-preview"
          ]
        },
        "name": {
          "type": "string",
          "description": "Billing Profile Id."
        },
        "properties": {
          "oneOf": [
            {
              "$ref": "#/definitions/BillingProfileProperties"
            },
            {
              "$ref": "https://schema.management.azure.com/schemas/common/definitions.json#/definitions/expression"
            }
          ],
          "description": "The properties of the billing profile."
        },
        "resources": {
          "type": "array",
          "items": {
            "oneOf": [
              {
                "$ref": "#/definitions/billingAccounts_billingProfiles_policies_childResource"
              }
            ]
          }
        },
        "type": {
          "type": "string",
          "enum": [
            "Microsoft.Billing/billingAccounts/billingProfiles"
          ]
        }
      },
      "required": [
        "apiVersion",
        "name",
        "properties",
        "type"
      ],
      "description": "Microsoft.Billing/billingAccounts/billingProfiles"
    },
    "billingAccounts_billingProfiles_policies": {
      "type": "object",
      "properties": {
        "apiVersion": {
          "type": "string",
          "enum": [
            "2018-11-01-preview"
          ]
        },
        "name": {
          "oneOf": [
            {
              "type": "string",
              "pattern": "^.*/default$"
            },
            {
              "$ref": "https://schema.management.azure.com/schemas/common/definitions.json#/definitions/expression"
            }
          ]
        },
        "properties": {
          "oneOf": [
            {
              "$ref": "#/definitions/PolicyProperties"
            },
            {
              "$ref": "https://schema.management.azure.com/schemas/common/definitions.json#/definitions/expression"
            }
          ],
          "description": "The properties of policy."
        },
        "type": {
          "type": "string",
          "enum": [
            "Microsoft.Billing/billingAccounts/billingProfiles/policies"
          ]
        }
      },
      "required": [
        "apiVersion",
        "name",
        "properties",
        "type"
      ],
      "description": "Microsoft.Billing/billingAccounts/billingProfiles/policies"
    },
    "billingAccounts_invoiceSections": {
      "type": "object",
      "properties": {
        "apiVersion": {
          "type": "string",
          "enum": [
            "2018-11-01-preview"
          ]
        },
        "name": {
          "type": "string",
          "description": "InvoiceSection Id."
        },
        "properties": {
          "oneOf": [
            {
              "$ref": "#/definitions/InvoiceSectionProperties"
            },
            {
              "$ref": "https://schema.management.azure.com/schemas/common/definitions.json#/definitions/expression"
            }
          ],
          "description": "The properties of an InvoiceSection."
        },
        "type": {
          "type": "string",
          "enum": [
            "Microsoft.Billing/billingAccounts/invoiceSections"
          ]
        }
      },
      "required": [
        "apiVersion",
        "name",
        "properties",
        "type"
      ],
      "description": "Microsoft.Billing/billingAccounts/invoiceSections"
    }
  },
  "definitions": {
    "Address": {
      "type": "object",
      "properties": {
        "addressLine1": {
          "type": "string",
          "description": "Address Line1."
        },
        "addressLine2": {
          "type": "string",
          "description": "Address Line1."
        },
        "addressLine3": {
          "type": "string",
          "description": "Address Line1."
        },
        "city": {
          "type": "string",
          "description": "Address City."
        },
        "companyName": {
          "type": "string",
          "description": "Company Name."
        },
        "country": {
          "type": "string",
          "description": "Country code uses ISO2, 2-digit format."
        },
        "firstName": {
          "type": "string",
          "description": "First Name."
        },
        "lastName": {
          "type": "string",
          "description": "Last Name."
        },
        "postalCode": {
          "type": "string",
          "description": "Address Postal Code."
        },
        "region": {
          "type": "string",
          "description": "Address Region."
        }
      },
      "description": "Address details."
    },
    "Amount": {
      "type": "object",
      "properties": {
        "value": {
          "oneOf": [
            {
              "type": "number"
            },
            {
              "$ref": "https://schema.management.azure.com/schemas/common/definitions.json#/definitions/expression"
            }
          ],
          "description": "Amount value."
        }
      },
      "description": "The Amount."
    },
    "billingAccounts_billingProfiles_policies_childResource": {
      "type": "object",
      "properties": {
        "apiVersion": {
          "type": "string",
          "enum": [
            "2018-11-01-preview"
          ]
        },
        "name": {
          "type": "string",
          "enum": [
            "default"
          ]
        },
        "properties": {
          "oneOf": [
            {
              "$ref": "#/definitions/PolicyProperties"
            },
            {
              "$ref": "https://schema.management.azure.com/schemas/common/definitions.json#/definitions/expression"
            }
          ],
          "description": "The properties of policy."
        },
        "type": {
          "type": "string",
          "enum": [
            "policies"
          ]
        }
      },
      "required": [
        "apiVersion",
        "name",
        "properties",
        "type"
      ],
      "description": "Microsoft.Billing/billingAccounts/billingProfiles/policies"
    },
    "BillingProfile": {
      "type": "object",
      "properties": {
        "properties": {
          "oneOf": [
            {
              "$ref": "#/definitions/BillingProfileProperties"
            },
            {
              "$ref": "https://schema.management.azure.com/schemas/common/definitions.json#/definitions/expression"
            }
          ],
          "description": "The properties of the billing profile."
        }
      },
      "description": "A billing profile resource."
    },
    "BillingProfileProperties": {
      "type": "object",
      "properties": {
        "address": {
          "oneOf": [
            {
              "$ref": "#/definitions/Address"
            },
            {
              "$ref": "https://schema.management.azure.com/schemas/common/definitions.json#/definitions/expression"
            }
          ],
          "description": "Address details."
        },
        "displayName": {
          "type": "string",
          "description": "The billing profile name."
        },
        "enabledAzureSKUs": {
          "oneOf": [
            {
              "type": "array",
              "items": {
                "$ref": "#/definitions/EnabledAzureSKUs"
              }
            },
            {
              "$ref": "https://schema.management.azure.com/schemas/common/definitions.json#/definitions/expression"
            }
          ],
          "description": "Information about the product."
        },
        "invoiceSections": {
          "oneOf": [
            {
              "type": "array",
              "items": {
                "$ref": "#/definitions/InvoiceSection"
              }
            },
            {
              "$ref": "https://schema.management.azure.com/schemas/common/definitions.json#/definitions/expression"
            }
          ],
          "description": "The invoice sections associated to the billing profile."
        },
        "poNumber": {
          "type": "string",
          "description": "Purchase order number."
        }
      },
      "description": "The properties of the billing profile."
    },
    "EnabledAzureSKUs": {
      "type": "object",
      "properties": {
        "skuId": {
          "type": "string",
          "description": "The sku id."
        }
      },
      "description": "Details about the enabled azure sku."
    },
    "InvoiceSection": {
      "type": "object",
      "properties": {
        "properties": {
          "oneOf": [
            {
              "$ref": "#/definitions/InvoiceSectionProperties"
            },
            {
              "$ref": "https://schema.management.azure.com/schemas/common/definitions.json#/definitions/expression"
            }
          ],
          "description": "The properties of an InvoiceSection."
        }
      },
      "description": "An InvoiceSection resource."
    },
    "InvoiceSectionProperties": {
      "type": "object",
      "properties": {
        "billingProfiles": {
          "oneOf": [
            {
              "type": "array",
              "items": {
                "$ref": "#/definitions/BillingProfile"
              }
            },
            {
              "$ref": "https://schema.management.azure.com/schemas/common/definitions.json#/definitions/expression"
            }
          ],
          "description": "The billing profiles associated to the billing account."
        },
        "displayName": {
          "type": "string",
          "description": "The name of the InvoiceSection."
        }
      },
      "description": "The properties of an InvoiceSection."
    },
    "LineOfCreditProperties": {
      "type": "object",
      "properties": {
        "creditLimit": {
          "oneOf": [
            {
              "$ref": "#/definitions/Amount"
            },
            {
              "$ref": "https://schema.management.azure.com/schemas/common/definitions.json#/definitions/expression"
            }
          ],
          "description": "The Amount."
        },
        "status": {
          "oneOf": [
            {
              "type": "string",
              "enum": [
                "Approved",
                "Rejected"
              ]
            },
            {
              "$ref": "https://schema.management.azure.com/schemas/common/definitions.json#/definitions/expression"
            }
          ],
          "description": "The line of credit status."
        }
      },
      "description": "The properties of the line of credit."
    },
    "PolicyProperties": {
      "type": "object",
      "properties": {
        "marketplacePurchasesAllowed": {
          "oneOf": [
            {
              "type": "boolean"
            },
            {
              "$ref": "https://schema.management.azure.com/schemas/common/definitions.json#/definitions/expression"
            }
          ],
          "description": "The marketplacePurchasesAllowed flag."
        },
        "reservationPurchasesAllowed": {
          "oneOf": [
            {
              "type": "boolean"
            },
            {
              "$ref": "https://schema.management.azure.com/schemas/common/definitions.json#/definitions/expression"
            }
          ],
          "description": "The reservationPurchasesAllowed flag."
        },
        "subscriptionOwnerCanViewCharges": {
          "oneOf": [
            {
              "type": "boolean"
            },
            {
              "$ref": "https://schema.management.azure.com/schemas/common/definitions.json#/definitions/expression"
            }
          ],
          "description": "The subscriptionOwnerCanViewCharges flag."
        }
      },
      "description": "The properties of policy."
    }
  }
}