{
  "id": "https://schema.management.azure.com/schemas/2019-01-01-preview/Microsoft.Portal.json#",
  "$schema": "http://json-schema.org/draft-04/schema#",
  "title": "Microsoft.Portal",
  "description": "Microsoft Portal Resource Types",
  "resourceDefinitions": {
    "dashboards": {
      "type": "object",
      "properties": {
        "apiVersion": {
          "type": "string",
          "enum": [
            "2019-01-01-preview"
          ]
        },
        "location": {
          "type": "string",
          "description": "Resource location"
        },
        "name": {
          "type": "string",
          "minLength": 3,
          "maxLength": 64,
          "description": "The name of the dashboard."
        },
        "properties": {
          "oneOf": [
            {
              "$ref": "#/definitions/DashboardProperties"
            },
            {
              "$ref": "https://schema.management.azure.com/schemas/common/definitions.json#/definitions/expression"
            }
          ],
          "description": "The shared dashboard properties."
        },
        "tags": {
          "oneOf": [
            {
              "type": "object",
              "additionalProperties": {
                "type": "string"
              },
              "properties": {}
            },
            {
              "$ref": "https://schema.management.azure.com/schemas/common/definitions.json#/definitions/expression"
            }
          ],
          "description": "Resource tags"
        },
        "type": {
          "type": "string",
          "enum": [
            "Microsoft.Portal/dashboards"
          ]
        }
      },
      "required": [
        "apiVersion",
        "location",
        "name",
        "properties",
        "type"
      ],
      "description": "Microsoft.Portal/dashboards"
    }
  },
  "tenant_resourceDefinitions": {
    "tenantConfigurations": {
      "type": "object",
      "properties": {
        "apiVersion": {
          "type": "string",
          "enum": [
            "2019-01-01-preview"
          ]
        },
        "name": {
          "type": "string",
          "enum": [
            "default"
          ],
          "description": "The configuration name. Value must be 'default'"
        },
        "properties": {
          "oneOf": [
            {
              "$ref": "#/definitions/ConfigurationProperties"
            },
            {
              "$ref": "https://schema.management.azure.com/schemas/common/definitions.json#/definitions/expression"
            }
          ],
          "description": "Tenant configuration properties."
        },
        "type": {
          "type": "string",
          "enum": [
            "Microsoft.Portal/tenantConfigurations"
          ]
        }
      },
      "required": [
        "apiVersion",
        "name",
        "properties",
        "type"
      ],
      "description": "Microsoft.Portal/tenantConfigurations"
    }
  },
  "definitions": {
    "ConfigurationProperties": {
      "type": "object",
      "properties": {
        "enforcePrivateMarkdownStorage": {
          "oneOf": [
            {
              "type": "boolean"
            },
            {
              "$ref": "https://schema.management.azure.com/schemas/common/definitions.json#/definitions/expression"
            }
          ],
          "description": "When flag is set to true Markdown tile will require external storage configuration (URI). The inline content configuration will be prohibited."
        }
      },
      "description": "Tenant configuration properties."
    },
    "DashboardLens": {
      "type": "object",
      "properties": {
        "metadata": {
          "oneOf": [
            {
              "type": "object",
              "additionalProperties": {
                "type": "object",
                "properties": {}
              },
              "properties": {}
            },
            {
              "$ref": "https://schema.management.azure.com/schemas/common/definitions.json#/definitions/expression"
            }
          ],
          "description": "The dashboard len's metadata."
        },
        "order": {
          "oneOf": [
            {
              "type": "integer"
            },
            {
              "$ref": "https://schema.management.azure.com/schemas/common/definitions.json#/definitions/expression"
            }
          ],
          "description": "The lens order."
        },
        "parts": {
          "oneOf": [
            {
              "type": "object",
              "additionalProperties": {
                "$ref": "#/definitions/DashboardParts"
              },
              "properties": {}
            },
            {
              "$ref": "https://schema.management.azure.com/schemas/common/definitions.json#/definitions/expression"
            }
          ],
          "description": "The dashboard parts."
        }
      },
      "required": [
        "order",
        "parts"
      ],
      "description": "A dashboard lens."
    },
    "DashboardParts": {
      "type": "object",
      "properties": {
        "metadata": {
          "oneOf": [
            {
              "type": "object",
              "additionalProperties": {
                "type": "object",
                "properties": {}
              },
              "properties": {}
            },
            {
              "$ref": "https://schema.management.azure.com/schemas/common/definitions.json#/definitions/expression"
            }
          ],
          "description": "A dashboard part metadata."
        },
        "position": {
          "oneOf": [
            {
              "$ref": "#/definitions/DashboardPartsPosition"
            },
            {
              "$ref": "https://schema.management.azure.com/schemas/common/definitions.json#/definitions/expression"
            }
          ],
          "description": "The dashboard's part position."
        }
      },
      "required": [
        "position"
      ],
      "description": "A dashboard part."
    },
    "DashboardPartsPosition": {
      "type": "object",
      "properties": {
        "colSpan": {
          "oneOf": [
            {
              "type": "integer"
            },
            {
              "$ref": "https://schema.management.azure.com/schemas/common/definitions.json#/definitions/expression"
            }
          ],
          "description": "The dashboard's part column span."
        },
        "metadata": {
          "oneOf": [
            {
              "type": "object",
              "additionalProperties": {
                "type": "object",
                "properties": {}
              },
              "properties": {}
            },
            {
              "$ref": "https://schema.management.azure.com/schemas/common/definitions.json#/definitions/expression"
            }
          ],
          "description": "The dashboard part's metadata."
        },
        "rowSpan": {
          "oneOf": [
            {
              "type": "integer"
            },
            {
              "$ref": "https://schema.management.azure.com/schemas/common/definitions.json#/definitions/expression"
            }
          ],
          "description": "The dashboard's part row span."
        },
        "x": {
          "oneOf": [
            {
              "type": "integer"
            },
            {
              "$ref": "https://schema.management.azure.com/schemas/common/definitions.json#/definitions/expression"
            }
          ],
          "description": "The dashboard's part x coordinate."
        },
        "y": {
          "oneOf": [
            {
              "type": "integer"
            },
            {
              "$ref": "https://schema.management.azure.com/schemas/common/definitions.json#/definitions/expression"
            }
          ],
          "description": "The dashboard's part y coordinate."
        }
      },
      "required": [
        "colSpan",
        "rowSpan",
        "x",
        "y"
      ],
      "description": "The dashboard's part position."
    },
    "DashboardProperties": {
      "type": "object",
      "properties": {
        "lenses": {
          "oneOf": [
            {
              "type": "object",
              "additionalProperties": {
                "$ref": "#/definitions/DashboardLens"
              },
              "properties": {}
            },
            {
              "$ref": "https://schema.management.azure.com/schemas/common/definitions.json#/definitions/expression"
            }
          ],
          "description": "The dashboard lenses."
        },
        "metadata": {
          "oneOf": [
            {
              "type": "object",
              "additionalProperties": {
                "type": "object",
                "properties": {}
              },
              "properties": {}
            },
            {
              "$ref": "https://schema.management.azure.com/schemas/common/definitions.json#/definitions/expression"
            }
          ],
          "description": "The dashboard metadata."
        }
      },
      "description": "The shared dashboard properties."
    }
  }
}