{
  "id": "https://schema.management.azure.com/schemas/2019-06-01-preview/Microsoft.ManagedNetwork.json#",
  "$schema": "http://json-schema.org/draft-04/schema#",
  "title": "Microsoft.ManagedNetwork",
  "description": "Microsoft ManagedNetwork Resource Types",
  "resourceDefinitions": {
    "managedNetworks": {
      "type": "object",
      "properties": {
        "apiVersion": {
          "type": "string",
          "enum": [
            "2019-06-01-preview"
          ]
        },
        "location": {
          "type": "string",
          "description": "The geo-location where the resource lives"
        },
        "name": {
          "type": "string",
          "description": "The name of the Managed Network."
        },
        "properties": {
          "oneOf": [
            {
              "$ref": "#/definitions/ManagedNetworkProperties"
            },
            {
              "$ref": "https://schema.management.azure.com/schemas/common/definitions.json#/definitions/expression"
            }
          ],
          "description": "Properties of Managed Network"
        },
        "resources": {
          "type": "array",
          "items": {
            "oneOf": [
              {
                "$ref": "#/definitions/managedNetworks_managedNetworkGroups_childResource"
              },
              {
                "$ref": "#/definitions/managedNetworks_managedNetworkPeeringPolicies_childResource"
              }
            ]
          }
        },
        "tags": {
          "oneOf": [
            {
              "type": "object",
              "additionalProperties": {
                "type": "string"
              },
              "properties": {}
            },
            {
              "$ref": "https://schema.management.azure.com/schemas/common/definitions.json#/definitions/expression"
            }
          ],
          "description": "Resource tags"
        },
        "type": {
          "type": "string",
          "enum": [
            "Microsoft.ManagedNetwork/managedNetworks"
          ]
        }
      },
      "required": [
        "apiVersion",
        "name",
        "properties",
        "type"
      ],
      "description": "Microsoft.ManagedNetwork/managedNetworks"
    },
    "managedNetworks_managedNetworkGroups": {
      "type": "object",
      "properties": {
        "apiVersion": {
          "type": "string",
          "enum": [
            "2019-06-01-preview"
          ]
        },
        "kind": {
          "oneOf": [
            {
              "type": "string",
              "enum": [
                "Connectivity"
              ]
            },
            {
              "$ref": "https://schema.management.azure.com/schemas/common/definitions.json#/definitions/expression"
            }
          ],
          "description": "Responsibility role under which this Managed Network Group will be created."
        },
        "location": {
          "type": "string",
          "description": "The geo-location where the resource lives"
        },
        "name": {
          "type": "string",
          "description": "The name of the Managed Network Group."
        },
        "properties": {
          "oneOf": [
            {
              "$ref": "#/definitions/ManagedNetworkGroupProperties"
            },
            {
              "$ref": "https://schema.management.azure.com/schemas/common/definitions.json#/definitions/expression"
            }
          ],
          "description": "Properties of a Managed Network Group"
        },
        "type": {
          "type": "string",
          "enum": [
            "Microsoft.ManagedNetwork/managedNetworks/managedNetworkGroups"
          ]
        }
      },
      "required": [
        "apiVersion",
        "name",
        "properties",
        "type"
      ],
      "description": "Microsoft.ManagedNetwork/managedNetworks/managedNetworkGroups"
    },
    "managedNetworks_managedNetworkPeeringPolicies": {
      "type": "object",
      "properties": {
        "apiVersion": {
          "type": "string",
          "enum": [
            "2019-06-01-preview"
          ]
        },
        "location": {
          "type": "string",
          "description": "The geo-location where the resource lives"
        },
        "name": {
          "type": "string",
          "description": "The name of the Managed Network Peering Policy."
        },
        "properties": {
          "oneOf": [
            {
              "$ref": "#/definitions/ManagedNetworkPeeringPolicyProperties"
            },
            {
              "$ref": "https://schema.management.azure.com/schemas/common/definitions.json#/definitions/expression"
            }
          ],
          "description": "Properties of a Managed Network Peering Policy"
        },
        "type": {
          "type": "string",
          "enum": [
            "Microsoft.ManagedNetwork/managedNetworks/managedNetworkPeeringPolicies"
          ]
        }
      },
      "required": [
        "apiVersion",
        "name",
        "properties",
        "type"
      ],
      "description": "Microsoft.ManagedNetwork/managedNetworks/managedNetworkPeeringPolicies"
    }
  },
  "unknown_resourceDefinitions": {
    "scopeAssignments": {
      "type": "object",
      "properties": {
        "apiVersion": {
          "type": "string",
          "enum": [
            "2019-06-01-preview"
          ]
        },
        "location": {
          "type": "string",
          "description": "The geo-location where the resource lives"
        },
        "name": {
          "type": "string",
          "description": "The name of the scope assignment to create."
        },
        "properties": {
          "oneOf": [
            {
              "$ref": "#/definitions/ScopeAssignmentProperties"
            },
            {
              "$ref": "https://schema.management.azure.com/schemas/common/definitions.json#/definitions/expression"
            }
          ],
          "description": "Properties of Managed Network"
        },
        "type": {
          "type": "string",
          "enum": [
            "Microsoft.ManagedNetwork/scopeAssignments"
          ]
        }
      },
      "required": [
        "apiVersion",
        "name",
        "properties",
        "type"
      ],
      "description": "Microsoft.ManagedNetwork/scopeAssignments"
    }
  },
  "definitions": {
    "ManagedNetworkGroupProperties": {
      "type": "object",
      "properties": {
        "managementGroups": {
          "oneOf": [
            {
              "type": "array",
              "items": {
                "$ref": "#/definitions/ResourceId"
              }
            },
            {
              "$ref": "https://schema.management.azure.com/schemas/common/definitions.json#/definitions/expression"
            }
          ],
          "description": "The collection of management groups covered by the Managed Network"
        },
        "subnets": {
          "oneOf": [
            {
              "type": "array",
              "items": {
                "$ref": "#/definitions/ResourceId"
              }
            },
            {
              "$ref": "https://schema.management.azure.com/schemas/common/definitions.json#/definitions/expression"
            }
          ],
          "description": "The collection of  subnets covered by the Managed Network"
        },
        "subscriptions": {
          "oneOf": [
            {
              "type": "array",
              "items": {
                "$ref": "#/definitions/ResourceId"
              }
            },
            {
              "$ref": "https://schema.management.azure.com/schemas/common/definitions.json#/definitions/expression"
            }
          ],
          "description": "The collection of subscriptions covered by the Managed Network"
        },
        "virtualNetworks": {
          "oneOf": [
            {
              "type": "array",
              "items": {
                "$ref": "#/definitions/ResourceId"
              }
            },
            {
              "$ref": "https://schema.management.azure.com/schemas/common/definitions.json#/definitions/expression"
            }
          ],
          "description": "The collection of virtual nets covered by the Managed Network"
        }
      },
      "description": "Properties of a Managed Network Group"
    },
    "ManagedNetworkPeeringPolicyProperties": {
      "type": "object",
      "properties": {
        "hub": {
          "oneOf": [
            {
              "$ref": "#/definitions/ResourceId"
            },
            {
              "$ref": "https://schema.management.azure.com/schemas/common/definitions.json#/definitions/expression"
            }
          ],
          "description": "Generic pointer to a resource"
        },
        "mesh": {
          "oneOf": [
            {
              "type": "array",
              "items": {
                "$ref": "#/definitions/ResourceId"
              }
            },
            {
              "$ref": "https://schema.management.azure.com/schemas/common/definitions.json#/definitions/expression"
            }
          ],
          "description": "Gets or sets the mesh group IDs"
        },
        "spokes": {
          "oneOf": [
            {
              "type": "array",
              "items": {
                "$ref": "#/definitions/ResourceId"
              }
            },
            {
              "$ref": "https://schema.management.azure.com/schemas/common/definitions.json#/definitions/expression"
            }
          ],
          "description": "Gets or sets the spokes group IDs"
        },
        "type": {
          "oneOf": [
            {
              "type": "string",
              "enum": [
                "HubAndSpokeTopology",
                "MeshTopology"
              ]
            },
            {
              "$ref": "https://schema.management.azure.com/schemas/common/definitions.json#/definitions/expression"
            }
          ],
          "description": "Gets or sets the connectivity type of a network structure policy."
        }
      },
      "required": [
        "type"
      ],
      "description": "Properties of a Managed Network Peering Policy"
    },
    "ManagedNetworkProperties": {
      "type": "object",
      "properties": {
        "scope": {
          "oneOf": [
            {
              "$ref": "#/definitions/Scope"
            },
            {
              "$ref": "https://schema.management.azure.com/schemas/common/definitions.json#/definitions/expression"
            }
          ],
          "description": "Scope of a Managed Network"
        }
      },
      "description": "Properties of Managed Network"
    },
    "managedNetworks_managedNetworkGroups_childResource": {
      "type": "object",
      "properties": {
        "apiVersion": {
          "type": "string",
          "enum": [
            "2019-06-01-preview"
          ]
        },
        "kind": {
          "oneOf": [
            {
              "type": "string",
              "enum": [
                "Connectivity"
              ]
            },
            {
              "$ref": "https://schema.management.azure.com/schemas/common/definitions.json#/definitions/expression"
            }
          ],
          "description": "Responsibility role under which this Managed Network Group will be created."
        },
        "location": {
          "type": "string",
          "description": "The geo-location where the resource lives"
        },
        "name": {
          "type": "string",
          "description": "The name of the Managed Network Group."
        },
        "properties": {
          "oneOf": [
            {
              "$ref": "#/definitions/ManagedNetworkGroupProperties"
            },
            {
              "$ref": "https://schema.management.azure.com/schemas/common/definitions.json#/definitions/expression"
            }
          ],
          "description": "Properties of a Managed Network Group"
        },
        "type": {
          "type": "string",
          "enum": [
            "managedNetworkGroups"
          ]
        }
      },
      "required": [
        "apiVersion",
        "name",
        "properties",
        "type"
      ],
      "description": "Microsoft.ManagedNetwork/managedNetworks/managedNetworkGroups"
    },
    "managedNetworks_managedNetworkPeeringPolicies_childResource": {
      "type": "object",
      "properties": {
        "apiVersion": {
          "type": "string",
          "enum": [
            "2019-06-01-preview"
          ]
        },
        "location": {
          "type": "string",
          "description": "The geo-location where the resource lives"
        },
        "name": {
          "type": "string",
          "description": "The name of the Managed Network Peering Policy."
        },
        "properties": {
          "oneOf": [
            {
              "$ref": "#/definitions/ManagedNetworkPeeringPolicyProperties"
            },
            {
              "$ref": "https://schema.management.azure.com/schemas/common/definitions.json#/definitions/expression"
            }
          ],
          "description": "Properties of a Managed Network Peering Policy"
        },
        "type": {
          "type": "string",
          "enum": [
            "managedNetworkPeeringPolicies"
          ]
        }
      },
      "required": [
        "apiVersion",
        "name",
        "properties",
        "type"
      ],
      "description": "Microsoft.ManagedNetwork/managedNetworks/managedNetworkPeeringPolicies"
    },
    "ResourceId": {
      "type": "object",
      "properties": {
        "id": {
          "type": "string",
          "description": "Resource Id"
        }
      },
      "description": "Generic pointer to a resource"
    },
    "Scope": {
      "type": "object",
      "properties": {
        "managementGroups": {
          "oneOf": [
            {
              "type": "array",
              "items": {
                "$ref": "#/definitions/ResourceId"
              }
            },
            {
              "$ref": "https://schema.management.azure.com/schemas/common/definitions.json#/definitions/expression"
            }
          ],
          "description": "The collection of management groups covered by the Managed Network"
        },
        "subnets": {
          "oneOf": [
            {
              "type": "array",
              "items": {
                "$ref": "#/definitions/ResourceId"
              }
            },
            {
              "$ref": "https://schema.management.azure.com/schemas/common/definitions.json#/definitions/expression"
            }
          ],
          "description": "The collection of  subnets covered by the Managed Network"
        },
        "subscriptions": {
          "oneOf": [
            {
              "type": "array",
              "items": {
                "$ref": "#/definitions/ResourceId"
              }
            },
            {
              "$ref": "https://schema.management.azure.com/schemas/common/definitions.json#/definitions/expression"
            }
          ],
          "description": "The collection of subscriptions covered by the Managed Network"
        },
        "virtualNetworks": {
          "oneOf": [
            {
              "type": "array",
              "items": {
                "$ref": "#/definitions/ResourceId"
              }
            },
            {
              "$ref": "https://schema.management.azure.com/schemas/common/definitions.json#/definitions/expression"
            }
          ],
          "description": "The collection of virtual nets covered by the Managed Network"
        }
      },
      "description": "Scope of a Managed Network"
    },
    "ScopeAssignmentProperties": {
      "type": "object",
      "properties": {
        "assignedManagedNetwork": {
          "type": "string",
          "description": "The managed network ID with scope will be assigned to."
        }
      },
      "description": "Properties of Managed Network"
    }
  }
}