{
  "id": "https://schema.management.azure.com/schemas/2019-05-01-preview/Microsoft.VirtualMachineImages.json#",
  "$schema": "http://json-schema.org/draft-04/schema#",
  "title": "Microsoft.VirtualMachineImages",
  "description": "Microsoft VirtualMachineImages Resource Types",
  "resourceDefinitions": {
    "imageTemplates": {
      "type": "object",
      "properties": {
        "apiVersion": {
          "type": "string",
          "enum": [
            "2019-05-01-preview"
          ]
        },
        "identity": {
          "oneOf": [
            {
              "$ref": "#/definitions/ImageTemplateIdentity"
            },
            {
              "$ref": "https://schema.management.azure.com/schemas/common/definitions.json#/definitions/expression"
            }
          ],
          "description": "Identity for the image template."
        },
        "location": {
          "type": "string",
          "description": "Resource location"
        },
        "name": {
          "oneOf": [
            {
              "type": "string",
              "pattern": "^[A-Za-z0-9-_.]{1,64}$"
            },
            {
              "$ref": "https://schema.management.azure.com/schemas/common/definitions.json#/definitions/expression"
            }
          ],
          "description": "The name of the image Template"
        },
        "properties": {
          "oneOf": [
            {
              "$ref": "#/definitions/ImageTemplateProperties"
            },
            {
              "$ref": "https://schema.management.azure.com/schemas/common/definitions.json#/definitions/expression"
            }
          ],
          "description": "Describes the properties of an image template"
        },
        "tags": {
          "oneOf": [
            {
              "type": "object",
              "additionalProperties": {
                "type": "string"
              },
              "properties": {}
            },
            {
              "$ref": "https://schema.management.azure.com/schemas/common/definitions.json#/definitions/expression"
            }
          ],
          "description": "Resource tags"
        },
        "type": {
          "type": "string",
          "enum": [
            "Microsoft.VirtualMachineImages/imageTemplates"
          ]
        }
      },
      "required": [
        "apiVersion",
        "location",
        "name",
        "properties",
        "type"
      ],
      "description": "Microsoft.VirtualMachineImages/imageTemplates"
    }
  },
  "definitions": {
    "Componentsvrq145schemasimagetemplateidentitypropertiesuserassignedidentitiesadditionalproperties": {
      "type": "object",
      "properties": {}
    },
    "ImageTemplateCustomizer": {
      "type": "object",
      "oneOf": [
        {
          "$ref": "#/definitions/ImageTemplateShellCustomizer"
        },
        {
          "$ref": "#/definitions/ImageTemplateRestartCustomizer"
        },
        {
          "$ref": "#/definitions/ImageTemplatePowerShellCustomizer"
        },
        {
          "$ref": "#/definitions/ImageTemplateFileCustomizer"
        }
      ],
      "properties": {
        "name": {
          "type": "string",
          "description": "Friendly Name to provide context on what this customization step does"
        }
      },
      "description": "Describes a unit of image customization"
    },
    "ImageTemplateDistributor": {
      "type": "object",
      "oneOf": [
        {
          "$ref": "#/definitions/ImageTemplateManagedImageDistributor"
        },
        {
          "$ref": "#/definitions/ImageTemplateSharedImageDistributor"
        },
        {
          "$ref": "#/definitions/ImageTemplateVhdDistributor"
        }
      ],
      "properties": {
        "artifactTags": {
          "oneOf": [
            {
              "type": "object",
              "additionalProperties": {
                "type": "string"
              },
              "properties": {}
            },
            {
              "$ref": "https://schema.management.azure.com/schemas/common/definitions.json#/definitions/expression"
            }
          ],
          "description": "Tags that will be applied to the artifact once it has been created/updated by the distributor."
        },
        "runOutputName": {
          "oneOf": [
            {
              "type": "string",
              "pattern": "^[A-Za-z0-9-_.]{1,64}$"
            },
            {
              "$ref": "https://schema.management.azure.com/schemas/common/definitions.json#/definitions/expression"
            }
          ],
          "description": "The name to be used for the associated RunOutput."
        }
      },
      "required": [
        "runOutputName"
      ],
      "description": "Generic distribution object"
    },
    "ImageTemplateFileCustomizer": {
      "type": "object",
      "properties": {
        "destination": {
          "type": "string",
          "description": "The absolute path to a file (with nested directory structures already created) where the file (from sourceUri) will be uploaded to in the VM"
        },
        "sha256Checksum": {
          "type": "string",
          "description": "SHA256 checksum of the file provided in the sourceUri field above"
        },
        "sourceUri": {
          "type": "string",
          "description": "The URI of the file to be uploaded for customizing the VM. It can be a github link, SAS URI for Azure Storage, etc"
        },
        "type": {
          "type": "string",
          "enum": [
            "File"
          ]
        }
      },
      "required": [
        "type"
      ],
      "description": "Uploads files to VMs (Linux, Windows). Corresponds to Packer file provisioner"
    },
    "ImageTemplateIdentity": {
      "type": "object",
      "properties": {
        "type": {
          "oneOf": [
            {
              "type": "string",
              "enum": [
                "UserAssigned",
                "None"
              ]
            },
            {
              "$ref": "https://schema.management.azure.com/schemas/common/definitions.json#/definitions/expression"
            }
          ],
          "description": "The type of identity used for the image template. The type 'None' will remove any identities from the image template."
        },
        "userAssignedIdentities": {
          "oneOf": [
            {
              "type": "object",
              "additionalProperties": {
                "$ref": "#/definitions/Componentsvrq145schemasimagetemplateidentitypropertiesuserassignedidentitiesadditionalproperties"
              },
              "properties": {}
            },
            {
              "$ref": "https://schema.management.azure.com/schemas/common/definitions.json#/definitions/expression"
            }
          ],
          "description": "The list of user identities associated with the image template. The user identity dictionary key references will be ARM resource ids in the form: '/subscriptions/{subscriptionId}/resourceGroups/{resourceGroupName}/providers/Microsoft.ManagedIdentity/userAssignedIdentities/{identityName}'."
        }
      },
      "description": "Identity for the image template."
    },
    "ImageTemplateIsoSource": {
      "type": "object",
      "properties": {
        "sha256Checksum": {
          "type": "string",
          "description": "SHA256 Checksum of the ISO image."
        },
        "sourceUri": {
          "type": "string",
          "description": "URI to get the ISO image. This URI has to be accessible to the resource provider at the time of the image template creation."
        },
        "type": {
          "type": "string",
          "enum": [
            "ISO"
          ]
        }
      },
      "required": [
        "sha256Checksum",
        "sourceUri",
        "type"
      ],
      "description": "Describes an image source that is an installation ISO. Currently only supports Red Hat Enterprise Linux 7.2-7.5 ISO's."
    },
    "ImageTemplateManagedImageDistributor": {
      "type": "object",
      "properties": {
        "imageId": {
          "type": "string",
          "description": "Resource Id of the Managed Disk Image"
        },
        "location": {
          "type": "string",
          "description": "Azure location for the image, should match if image already exists"
        },
        "type": {
          "type": "string",
          "enum": [
            "ManagedImage"
          ]
        }
      },
      "required": [
        "imageId",
        "location",
        "type"
      ],
      "description": "Distribute as a Managed Disk Image."
    },
    "ImageTemplateManagedImageSource": {
      "type": "object",
      "properties": {
        "imageId": {
          "type": "string",
          "description": "ARM resource id of the managed image in customer subscription"
        },
        "type": {
          "type": "string",
          "enum": [
            "ManagedImage"
          ]
        }
      },
      "required": [
        "imageId",
        "type"
      ],
      "description": "Describes an image source that is a managed image in customer subscription."
    },
    "ImageTemplatePlatformImageSource": {
      "type": "object",
      "properties": {
        "offer": {
          "type": "string",
          "description": "Image offer from the [Azure Gallery Images](https://docs.microsoft.com/en-us/rest/api/compute/virtualmachineimages)."
        },
        "publisher": {
          "type": "string",
          "description": "Image Publisher in [Azure Gallery Images](https://docs.microsoft.com/en-us/rest/api/compute/virtualmachineimages)."
        },
        "sku": {
          "type": "string",
          "description": "Image sku from the [Azure Gallery Images](https://docs.microsoft.com/en-us/rest/api/compute/virtualmachineimages)."
        },
        "type": {
          "type": "string",
          "enum": [
            "PlatformImage"
          ]
        },
        "version": {
          "type": "string",
          "description": "Image version from the [Azure Gallery Images](https://docs.microsoft.com/en-us/rest/api/compute/virtualmachineimages)."
        }
      },
      "required": [
        "type"
      ],
      "description": "Describes an image source from [Azure Gallery Images](https://docs.microsoft.com/en-us/rest/api/compute/virtualmachineimages)."
    },
    "ImageTemplatePowerShellCustomizer": {
      "type": "object",
      "properties": {
        "inline": {
          "oneOf": [
            {
              "type": "array",
              "items": {
                "type": "string"
              }
            },
            {
              "$ref": "https://schema.management.azure.com/schemas/common/definitions.json#/definitions/expression"
            }
          ],
          "description": "Array of PowerShell commands to execute"
        },
        "runElevated": {
          "oneOf": [
            {
              "type": "boolean"
            },
            {
              "$ref": "https://schema.management.azure.com/schemas/common/definitions.json#/definitions/expression"
            }
          ],
          "description": "If specified, the PowerShell script will be run with elevated privileges"
        },
        "scriptUri": {
          "type": "string",
          "description": "URI of the PowerShell script to be run for customizing. It can be a github link, SAS URI for Azure Storage, etc"
        },
        "sha256Checksum": {
          "type": "string",
          "description": "SHA256 checksum of the power shell script provided in the scriptUri field above"
        },
        "type": {
          "type": "string",
          "enum": [
            "PowerShell"
          ]
        },
        "validExitCodes": {
          "oneOf": [
            {
              "type": "array",
              "items": {
                "type": "integer"
              }
            },
            {
              "$ref": "https://schema.management.azure.com/schemas/common/definitions.json#/definitions/expression"
            }
          ],
          "description": "Valid exit codes for the PowerShell script. [Default: 0]"
        }
      },
      "required": [
        "type"
      ],
      "description": "Runs the specified PowerShell on the VM (Windows). Corresponds to Packer powershell provisioner. Exactly one of 'scriptUri' or 'inline' can be specified."
    },
    "ImageTemplateProperties": {
      "type": "object",
      "properties": {
        "buildTimeoutInMinutes": {
          "oneOf": [
            {
              "type": "integer",
              "minimum": 0,
              "maximum": 960
            },
            {
              "$ref": "https://schema.management.azure.com/schemas/common/definitions.json#/definitions/expression"
            }
          ],
          "description": "Maximum duration to wait while building the image template. Omit or specify 0 to use the default (4 hours)."
        },
        "customize": {
          "oneOf": [
            {
              "type": "array",
              "items": {
                "$ref": "#/definitions/ImageTemplateCustomizer"
              }
            },
            {
              "$ref": "https://schema.management.azure.com/schemas/common/definitions.json#/definitions/expression"
            }
          ],
          "description": "Specifies the properties used to describe the customization steps of the image, like Image source etc"
        },
        "distribute": {
          "oneOf": [
            {
              "type": "array",
              "items": {
                "$ref": "#/definitions/ImageTemplateDistributor"
              }
            },
            {
              "$ref": "https://schema.management.azure.com/schemas/common/definitions.json#/definitions/expression"
            }
          ],
          "description": "The distribution targets where the image output needs to go to."
        },
        "source": {
          "oneOf": [
            {
              "$ref": "#/definitions/ImageTemplateSource"
            },
            {
              "$ref": "https://schema.management.azure.com/schemas/common/definitions.json#/definitions/expression"
            }
          ],
          "description": "Describes a virtual machine image source for building, customizing and distributing"
        },
        "vmProfile": {
          "oneOf": [
            {
              "$ref": "#/definitions/ImageTemplateVmProfile"
            },
            {
              "$ref": "https://schema.management.azure.com/schemas/common/definitions.json#/definitions/expression"
            }
          ],
          "description": "Describes the virtual machine used to build, customize and capture images"
        }
      },
      "required": [
        "distribute",
        "source"
      ],
      "description": "Describes the properties of an image template"
    },
    "ImageTemplateRestartCustomizer": {
      "type": "object",
      "properties": {
        "restartCheckCommand": {
          "type": "string",
          "description": "Command to check if restart succeeded [Default: '']"
        },
        "restartCommand": {
          "type": "string",
          "description": "Command to execute the restart [Default: 'shutdown /r /f /t 0 /c \"packer restart\"']"
        },
        "restartTimeout": {
          "type": "string",
          "description": "Restart timeout specified as a string of magnitude and unit, e.g. '5m' (5 minutes) or '2h' (2 hours) [Default: '5m']"
        },
        "type": {
          "type": "string",
          "enum": [
            "WindowsRestart"
          ]
        }
      },
      "required": [
        "type"
      ],
      "description": "Reboots a VM and waits for it to come back online (Windows). Corresponds to Packer windows-restart provisioner"
    },
    "ImageTemplateSharedImageDistributor": {
      "type": "object",
      "properties": {
        "galleryImageId": {
          "type": "string",
          "description": "Resource Id of the Shared Image Gallery image"
        },
        "replicationRegions": {
          "oneOf": [
            {
              "type": "array",
              "items": {
                "type": "string"
              }
            },
            {
              "$ref": "https://schema.management.azure.com/schemas/common/definitions.json#/definitions/expression"
            }
          ],
          "description": "A list of regions that the image will be replicated to"
        },
        "type": {
          "type": "string",
          "enum": [
            "SharedImage"
          ]
        }
      },
      "required": [
        "galleryImageId",
        "replicationRegions",
        "type"
      ],
      "description": "Distribute via Shared Image Gallery."
    },
    "ImageTemplateSharedImageVersionSource": {
      "type": "object",
      "properties": {
        "imageVersionId": {
          "type": "string",
          "description": "ARM resource id of the image version in the shared image gallery"
        },
        "type": {
          "type": "string",
          "enum": [
            "SharedImageVersion"
          ]
        }
      },
      "required": [
        "imageVersionId",
        "type"
      ],
      "description": "Describes an image source that is an image version in a shared image gallery."
    },
    "ImageTemplateShellCustomizer": {
      "type": "object",
      "properties": {
        "inline": {
          "oneOf": [
            {
              "type": "array",
              "items": {
                "type": "string"
              }
            },
            {
              "$ref": "https://schema.management.azure.com/schemas/common/definitions.json#/definitions/expression"
            }
          ],
          "description": "Array of shell commands to execute"
        },
        "scriptUri": {
          "type": "string",
          "description": "URI of the shell script to be run for customizing. It can be a github link, SAS URI for Azure Storage, etc"
        },
        "sha256Checksum": {
          "type": "string",
          "description": "SHA256 checksum of the shell script provided in the scriptUri field"
        },
        "type": {
          "type": "string",
          "enum": [
            "Shell"
          ]
        }
      },
      "required": [
        "type"
      ],
      "description": "Runs a shell script during the customization phase (Linux). Corresponds to Packer shell provisioner. Exactly one of 'scriptUri' or 'inline' can be specified."
    },
    "ImageTemplateSource": {
      "type": "object",
      "oneOf": [
        {
          "$ref": "#/definitions/ImageTemplateIsoSource"
        },
        {
          "$ref": "#/definitions/ImageTemplatePlatformImageSource"
        },
        {
          "$ref": "#/definitions/ImageTemplateManagedImageSource"
        },
        {
          "$ref": "#/definitions/ImageTemplateSharedImageVersionSource"
        }
      ],
      "properties": {},
      "description": "Describes a virtual machine image source for building, customizing and distributing"
    },
    "ImageTemplateVhdDistributor": {
      "type": "object",
      "properties": {
        "type": {
          "type": "string",
          "enum": [
            "VHD"
          ]
        }
      },
      "required": [
        "type"
      ],
      "description": "Distribute via VHD in a storage account."
    },
    "ImageTemplateVmProfile": {
      "type": "object",
      "properties": {
        "vmSize": {
          "type": "string",
          "description": "Size of the virtual machine used to build, customize and capture images. Omit or specify empty string to use the default (Standard_D1_v2)."
        }
      },
      "description": "Describes the virtual machine used to build, customize and capture images"
    }
  }
}