{
  "id": "https://schema.management.azure.com/schemas/2015-02-28/Microsoft.Search.json#",
  "$schema": "http://json-schema.org/draft-04/schema#",
  "title": "Microsoft.Search",
  "description": "Microsoft Search Resource Types",
  "resourceDefinitions": {
    "searchServices": {
      "type": "object",
      "properties": {
        "apiVersion": {
          "type": "string",
          "enum": [
            "2015-02-28"
          ]
        },
        "location": {
          "type": "string",
          "description": "The geographic location of the Search service."
        },
        "name": {
          "type": "string",
          "description": "The name of the Search service to create or update."
        },
        "properties": {
          "oneOf": [
            {
              "$ref": "#/definitions/SearchServiceProperties"
            },
            {
              "$ref": "https://schema.management.azure.com/schemas/common/definitions.json#/definitions/expression"
            }
          ],
          "description": "Defines properties of an Azure Search service that can be modified."
        },
        "tags": {
          "oneOf": [
            {
              "type": "object",
              "additionalProperties": {
                "type": "string"
              },
              "properties": {}
            },
            {
              "$ref": "https://schema.management.azure.com/schemas/common/definitions.json#/definitions/expression"
            }
          ],
          "description": "Tags to help categorize the Search service in the Azure Portal."
        },
        "type": {
          "type": "string",
          "enum": [
            "Microsoft.Search/searchServices"
          ]
        }
      },
      "required": [
        "apiVersion",
        "name",
        "properties",
        "type"
      ],
      "description": "Microsoft.Search/searchServices"
    }
  },
  "definitions": {
    "SearchServiceProperties": {
      "type": "object",
      "properties": {
        "partitionCount": {
          "oneOf": [
            {
              "type": "integer"
            },
            {
              "$ref": "https://schema.management.azure.com/schemas/common/definitions.json#/definitions/expression"
            }
          ],
          "description": "The number of partitions in the Search service; if specified, it can be 1, 2, 3, 4, 6, or 12."
        },
        "replicaCount": {
          "oneOf": [
            {
              "type": "integer"
            },
            {
              "$ref": "https://schema.management.azure.com/schemas/common/definitions.json#/definitions/expression"
            }
          ],
          "description": "The number of replicas in the Search service. If specified, it must be a value between 1 and 6 inclusive."
        },
        "sku": {
          "oneOf": [
            {
              "$ref": "#/definitions/Sku"
            },
            {
              "$ref": "https://schema.management.azure.com/schemas/common/definitions.json#/definitions/expression"
            }
          ],
          "description": "Defines the SKU of an Azure Search Service, which determines price tier and capacity limits."
        }
      },
      "description": "Defines properties of an Azure Search service that can be modified."
    },
    "Sku": {
      "type": "object",
      "properties": {
        "name": {
          "oneOf": [
            {
              "type": "string",
              "enum": [
                "free",
                "standard",
                "standard2"
              ]
            },
            {
              "$ref": "https://schema.management.azure.com/schemas/common/definitions.json#/definitions/expression"
            }
          ],
          "description": "The SKU of the Search service."
        }
      },
      "description": "Defines the SKU of an Azure Search Service, which determines price tier and capacity limits."
    }
  }
}