{
  "id": "https://schema.management.azure.com/schemas/2015-08-01/Microsoft.Cache.json#",
  "$schema": "http://json-schema.org/draft-04/schema#",
  "title": "Microsoft.Cache",
  "description": "Microsoft Cache Resource Types",
  "resourceDefinitions": {
    "Redis": {
      "type": "object",
      "properties": {
        "apiVersion": {
          "type": "string",
          "enum": [
            "2015-08-01"
          ]
        },
        "location": {
          "type": "string",
          "description": "Resource location."
        },
        "name": {
          "type": "string",
          "description": "The name of the Redis cache."
        },
        "properties": {
          "oneOf": [
            {
              "$ref": "#/definitions/RedisProperties"
            },
            {
              "$ref": "https://schema.management.azure.com/schemas/common/definitions.json#/definitions/expression"
            }
          ],
          "description": "Parameters supplied to CreateOrUpdate Redis operation."
        },
        "tags": {
          "oneOf": [
            {
              "type": "object",
              "additionalProperties": {
                "type": "string"
              },
              "properties": {}
            },
            {
              "$ref": "https://schema.management.azure.com/schemas/common/definitions.json#/definitions/expression"
            }
          ],
          "description": "Resource tags."
        },
        "type": {
          "type": "string",
          "enum": [
            "Microsoft.Cache/Redis"
          ]
        }
      },
      "required": [
        "apiVersion",
        "location",
        "name",
        "properties",
        "type"
      ],
      "description": "Microsoft.Cache/Redis"
    }
  },
  "definitions": {
    "RedisProperties": {
      "type": "object",
      "properties": {
        "enableNonSslPort": {
          "oneOf": [
            {
              "type": "boolean"
            },
            {
              "$ref": "https://schema.management.azure.com/schemas/common/definitions.json#/definitions/expression"
            }
          ],
          "description": "If the value is true, then the non-SLL Redis server port (6379) will be enabled."
        },
        "redisConfiguration": {
          "oneOf": [
            {
              "type": "object",
              "additionalProperties": {
                "type": "string"
              },
              "properties": {}
            },
            {
              "$ref": "https://schema.management.azure.com/schemas/common/definitions.json#/definitions/expression"
            }
          ],
          "description": "All Redis Settings. Few possible keys: rdb-backup-enabled,rdb-storage-connection-string,rdb-backup-frequency,maxmemory-delta,maxmemory-policy,notify-keyspace-events,maxmemory-samples,slowlog-log-slower-than,slowlog-max-len,list-max-ziplist-entries,list-max-ziplist-value,hash-max-ziplist-entries,hash-max-ziplist-value,set-max-intset-entries,zset-max-ziplist-entries,zset-max-ziplist-value etc."
        },
        "redisVersion": {
          "type": "string",
          "description": "RedisVersion parameter has been deprecated. As such, it is no longer necessary to provide this parameter and any value specified is ignored."
        },
        "shardCount": {
          "oneOf": [
            {
              "type": "integer"
            },
            {
              "$ref": "https://schema.management.azure.com/schemas/common/definitions.json#/definitions/expression"
            }
          ],
          "description": "The number of shards to be created on a Premium Cluster Cache."
        },
        "sku": {
          "oneOf": [
            {
              "$ref": "#/definitions/Sku"
            },
            {
              "$ref": "https://schema.management.azure.com/schemas/common/definitions.json#/definitions/expression"
            }
          ],
          "description": "SKU parameters supplied to the create Redis operation."
        },
        "staticIP": {
          "type": "string",
          "description": "Required when deploying a Redis cache inside an existing Azure Virtual Network."
        },
        "subnet": {
          "type": "string",
          "description": "Required when deploying a Redis cache inside an existing Azure Virtual Network."
        },
        "tenantSettings": {
          "oneOf": [
            {
              "type": "object",
              "additionalProperties": {
                "type": "string"
              },
              "properties": {}
            },
            {
              "$ref": "https://schema.management.azure.com/schemas/common/definitions.json#/definitions/expression"
            }
          ],
          "description": "tenantSettings"
        },
        "virtualNetwork": {
          "type": "string",
          "description": "The exact ARM resource ID of the virtual network to deploy the Redis cache in. Example format: /subscriptions/{subscriptionId}/resourceGroups/{resourceGroupName}/Microsoft.ClassicNetwork/VirtualNetworks/vnet1"
        }
      },
      "required": [
        "sku"
      ],
      "description": "Parameters supplied to CreateOrUpdate Redis operation."
    },
    "Sku": {
      "type": "object",
      "properties": {
        "capacity": {
          "oneOf": [
            {
              "type": "integer"
            },
            {
              "$ref": "https://schema.management.azure.com/schemas/common/definitions.json#/definitions/expression"
            }
          ],
          "description": "What size of Redis cache to deploy. Valid values: for C family (0, 1, 2, 3, 4, 5, 6), for P family (1, 2, 3, 4)."
        },
        "family": {
          "oneOf": [
            {
              "type": "string",
              "enum": [
                "C",
                "P"
              ]
            },
            {
              "$ref": "https://schema.management.azure.com/schemas/common/definitions.json#/definitions/expression"
            }
          ],
          "description": "Which family to use. Valid values: (C, P)."
        },
        "name": {
          "oneOf": [
            {
              "type": "string",
              "enum": [
                "Basic",
                "Standard",
                "Premium"
              ]
            },
            {
              "$ref": "https://schema.management.azure.com/schemas/common/definitions.json#/definitions/expression"
            }
          ],
          "description": "What type of Redis cache to deploy. Valid values: (Basic, Standard, Premium)."
        }
      },
      "required": [
        "capacity",
        "family",
        "name"
      ],
      "description": "SKU parameters supplied to the create Redis operation."
    }
  }
}