{
  "id": "https://schema.management.azure.com/schemas/2015-06-01/Microsoft.KeyVault.json#",
  "$schema": "http://json-schema.org/draft-04/schema#",
  "title": "Microsoft.KeyVault",
  "description": "Microsoft KeyVault Resource Types",
  "resourceDefinitions": {
    "vaults": {
      "type": "object",
      "properties": {
        "apiVersion": {
          "type": "string",
          "enum": [
            "2015-06-01"
          ]
        },
        "location": {
          "type": "string",
          "description": "The supported Azure location where the key vault should be created."
        },
        "name": {
          "oneOf": [
            {
              "type": "string",
              "pattern": "^[a-zA-Z0-9-]{3,24}$"
            },
            {
              "$ref": "https://schema.management.azure.com/schemas/common/definitions.json#/definitions/expression"
            }
          ],
          "description": "Name of the vault"
        },
        "properties": {
          "oneOf": [
            {
              "$ref": "#/definitions/VaultProperties"
            },
            {
              "$ref": "https://schema.management.azure.com/schemas/common/definitions.json#/definitions/expression"
            }
          ],
          "description": "Properties of the vault"
        },
        "tags": {
          "oneOf": [
            {
              "type": "object",
              "additionalProperties": {
                "type": "string"
              },
              "properties": {}
            },
            {
              "$ref": "https://schema.management.azure.com/schemas/common/definitions.json#/definitions/expression"
            }
          ],
          "description": "The tags that will be assigned to the key vault. "
        },
        "type": {
          "type": "string",
          "enum": [
            "Microsoft.KeyVault/vaults"
          ]
        }
      },
      "required": [
        "apiVersion",
        "location",
        "name",
        "properties",
        "type"
      ],
      "description": "Microsoft.KeyVault/vaults"
    }
  },
  "definitions": {
    "AccessPolicyEntry": {
      "type": "object",
      "properties": {
        "applicationId": {
          "oneOf": [
            {
              "type": "string",
              "pattern": "^[0-9a-fA-F]{8}(-[0-9a-fA-F]{4}){3}-[0-9a-fA-F]{12}$"
            },
            {
              "$ref": "https://schema.management.azure.com/schemas/common/definitions.json#/definitions/expression"
            }
          ],
          "description": " Application ID of the client making request on behalf of a principal"
        },
        "objectId": {
          "type": "string",
          "description": "The object ID of a user, service principal or security group in the Azure Active Directory tenant for the vault. The object ID must be unique for the list of access policies."
        },
        "permissions": {
          "oneOf": [
            {
              "$ref": "#/definitions/Permissions"
            },
            {
              "$ref": "https://schema.management.azure.com/schemas/common/definitions.json#/definitions/expression"
            }
          ],
          "description": "Permissions the identity has for keys, secrets and certificates."
        },
        "tenantId": {
          "oneOf": [
            {
              "type": "string",
              "pattern": "^[0-9a-fA-F]{8}(-[0-9a-fA-F]{4}){3}-[0-9a-fA-F]{12}$"
            },
            {
              "$ref": "https://schema.management.azure.com/schemas/common/definitions.json#/definitions/expression"
            }
          ],
          "description": "The Azure Active Directory tenant ID that should be used for authenticating requests to the key vault."
        }
      },
      "required": [
        "objectId",
        "permissions",
        "tenantId"
      ],
      "description": "An identity that have access to the key vault. All identities in the array must use the same tenant ID as the key vault's tenant ID."
    },
    "Permissions": {
      "type": "object",
      "properties": {
        "certificates": {
          "oneOf": [
            {
              "type": "array",
              "items": {
                "type": "string",
                "enum": [
                  "all",
                  "get",
                  "list",
                  "delete",
                  "create",
                  "import",
                  "update",
                  "managecontacts",
                  "getissuers",
                  "listissuers",
                  "setissuers",
                  "deleteissuers",
                  "manageissuers",
                  "recover",
                  "purge"
                ]
              }
            },
            {
              "$ref": "https://schema.management.azure.com/schemas/common/definitions.json#/definitions/expression"
            }
          ],
          "description": "Permissions to certificates"
        },
        "keys": {
          "oneOf": [
            {
              "type": "array",
              "items": {
                "type": "string",
                "enum": [
                  "all",
                  "encrypt",
                  "decrypt",
                  "wrapKey",
                  "unwrapKey",
                  "sign",
                  "verify",
                  "get",
                  "list",
                  "create",
                  "update",
                  "import",
                  "delete",
                  "backup",
                  "restore",
                  "recover",
                  "purge"
                ]
              }
            },
            {
              "$ref": "https://schema.management.azure.com/schemas/common/definitions.json#/definitions/expression"
            }
          ],
          "description": "Permissions to keys"
        },
        "secrets": {
          "oneOf": [
            {
              "type": "array",
              "items": {
                "type": "string",
                "enum": [
                  "all",
                  "get",
                  "list",
                  "set",
                  "delete",
                  "backup",
                  "restore",
                  "recover",
                  "purge"
                ]
              }
            },
            {
              "$ref": "https://schema.management.azure.com/schemas/common/definitions.json#/definitions/expression"
            }
          ],
          "description": "Permissions to secrets"
        }
      },
      "description": "Permissions the identity has for keys, secrets and certificates."
    },
    "Sku": {
      "type": "object",
      "properties": {
        "family": {
          "oneOf": [
            {
              "type": "string",
              "enum": [
                "A"
              ]
            },
            {
              "$ref": "https://schema.management.azure.com/schemas/common/definitions.json#/definitions/expression"
            }
          ],
          "description": "SKU family name"
        },
        "name": {
          "oneOf": [
            {
              "type": "string",
              "enum": [
                "standard",
                "premium"
              ]
            },
            {
              "$ref": "https://schema.management.azure.com/schemas/common/definitions.json#/definitions/expression"
            }
          ],
          "description": "SKU name to specify whether the key vault is a standard vault or a premium vault."
        }
      },
      "required": [
        "family",
        "name"
      ],
      "description": "SKU details"
    },
    "VaultProperties": {
      "type": "object",
      "properties": {
        "accessPolicies": {
          "oneOf": [
            {
              "type": "array",
              "items": {
                "$ref": "#/definitions/AccessPolicyEntry"
              }
            },
            {
              "$ref": "https://schema.management.azure.com/schemas/common/definitions.json#/definitions/expression"
            }
          ],
          "description": "An array of 0 to 16 identities that have access to the key vault. All identities in the array must use the same tenant ID as the key vault's tenant ID."
        },
        "enabledForDeployment": {
          "oneOf": [
            {
              "type": "boolean"
            },
            {
              "$ref": "https://schema.management.azure.com/schemas/common/definitions.json#/definitions/expression"
            }
          ],
          "description": "Property to specify whether Azure Virtual Machines are permitted to retrieve certificates stored as secrets from the key vault."
        },
        "enabledForDiskEncryption": {
          "oneOf": [
            {
              "type": "boolean"
            },
            {
              "$ref": "https://schema.management.azure.com/schemas/common/definitions.json#/definitions/expression"
            }
          ],
          "description": "Property to specify whether Azure Disk Encryption is permitted to retrieve secrets from the vault and unwrap keys."
        },
        "enabledForTemplateDeployment": {
          "oneOf": [
            {
              "type": "boolean"
            },
            {
              "$ref": "https://schema.management.azure.com/schemas/common/definitions.json#/definitions/expression"
            }
          ],
          "description": "Property to specify whether Azure Resource Manager is permitted to retrieve secrets from the key vault."
        },
        "enableSoftDelete": {
          "oneOf": [
            {
              "type": "boolean"
            },
            {
              "$ref": "https://schema.management.azure.com/schemas/common/definitions.json#/definitions/expression"
            }
          ],
          "description": "Property to specify whether the 'soft delete' functionality is enabled for this key vault."
        },
        "sku": {
          "oneOf": [
            {
              "$ref": "#/definitions/Sku"
            },
            {
              "$ref": "https://schema.management.azure.com/schemas/common/definitions.json#/definitions/expression"
            }
          ],
          "description": "SKU details"
        },
        "tenantId": {
          "oneOf": [
            {
              "type": "string",
              "pattern": "^[0-9a-fA-F]{8}(-[0-9a-fA-F]{4}){3}-[0-9a-fA-F]{12}$"
            },
            {
              "$ref": "https://schema.management.azure.com/schemas/common/definitions.json#/definitions/expression"
            }
          ],
          "description": "The Azure Active Directory tenant ID that should be used for authenticating requests to the key vault."
        },
        "vaultUri": {
          "type": "string",
          "description": "The URI of the vault for performing operations on keys and secrets."
        }
      },
      "required": [
        "accessPolicies",
        "sku",
        "tenantId"
      ],
      "description": "Properties of the vault"
    }
  }
}