{
  "id": "https://schema.management.azure.com/schemas/2015-01-01/Microsoft.Resources.json",
  "$schema": "http://json-schema.org/draft-04/schema#",
  "title": "Microsoft.Resources",
  "description": "Microsoft Resources Resource Types",
  "resourceDefinitions": {
    "deployments": {
      "type": "object",
      "properties": {
        "type": {
          "enum": [
            "Microsoft.Resources/deployments"
          ]
        },
        "apiVersion": {
          "enum": [
            "2015-01-01"
          ]
        },
        "name": {
          "type": "string",
          "minLength": 1,
          "description": "Name of the deployment"
        },
        "dependsOn": {
          "type": "array",
          "items": {
            "type": "string",
            "minLength": 1
          },
          "description": "Collection of resources this deployment depends on"
        },
        "properties": {
          "type": "object",
          "properties": {
            "expressionEvaluationOptions": {
              "oneOf": [
                {
                  "$ref": "#/definitions/TemplateExpressionEvaluationOptions"
                },
                {
                  "$ref": "https://schema.management.azure.com/schemas/common/definitions.json#/definitions/expression"
                }
              ],
              "description": "Template expression evaluation options'"
            },
            "mode": {
              "oneOf": [
                {
                  "enum": [
                    "Incremental",
                    "Complete"
                  ]
                },
                {
                  "$ref": "https://schema.management.azure.com/schemas/common/definitions.json#/definitions/expression"
                }
              ],
              "description": "Deployment mode"
            },
            "templateLink": {
              "oneOf": [
                {
                  "$ref": "#/definitions/templateLink"
                },
                {
                  "$ref": "https://schema.management.azure.com/schemas/common/definitions.json#/definitions/expression"
                }
              ],
              "description": "Deployment template link"
            },
            "template": {
              "oneOf": [
                {
                  "type": "object"
                },
                {
                  "$ref": "https://schema.management.azure.com/schemas/common/definitions.json#/definitions/expression"
                }
              ],
              "description": "Deployment template"
            },
            "parametersLink": {
              "oneOf": [
                {
                  "$ref": "#/definitions/parametersLink"
                },
                {
                  "$ref": "https://schema.management.azure.com/schemas/common/definitions.json#/definitions/expression"
                }
              ],
              "description": "Deployment parameters link"
            },
            "parameters": {
              "oneOf": [
                {
                  "type": "object"
                },
                {
                  "$ref": "https://schema.management.azure.com/schemas/common/definitions.json#/definitions/expression"
                }
              ],
              "description": "Deployment parameters"
            }
          },
          "required": [
            "mode"
          ]
        }
      },
      "required": [
        "type",
        "apiVersion",
        "name",
        "properties"
      ],
      "description": "Microsoft.Resources/deployments"
    },
    "links": {
      "type": "object",
      "properties": {
        "type": {
          "enum": [
            "Microsoft.Resources/links"
          ]
        },
        "apiVersion": {
          "enum": [
            "2015-01-01"
          ]
        },
        "name": {
          "type": "string",
          "minLength": 1,
          "maxLength": 64,
          "description": "Name of the link"
        },
        "dependsOn": {
          "type": "array",
          "items": {
            "type": "string",
            "minLength": 1
          },
          "description": "Collection of resources this link depends on"
        },
        "properties": {
          "type": "object",
          "properties": {
            "targetId": {
              "type": "string",
              "minLength": 1,
              "description": "Target resource id to link to"
            },
            "notes": {
              "type": "string",
              "minLength": 1,
              "maxLength": 512,
              "description": "Notes for this link"
            }
          },
          "required": [
            "targetId"
          ]
        }
      },
      "required": [
        "type",
        "apiVersion",
        "name",
        "properties"
      ],
      "description": "Microsoft.Resources/links"
    }
  },
  "definitions": {
    "templateLink": {
      "type": "object",
      "properties": {
        "uri": {
          "type": "string",
          "minLength": 1,
          "description": "URI referencing the deployment template"
        },
        "contentVersion": {
          "type": "string",
          "pattern": "(^[0-9]+\\.[0-9]+\\.[0-9]+\\.[0-9]+$)",
          "description": "If included it must match the contentVersion in the template"
        }
      },
      "required": [
        "uri"
      ],
      "description": "Template file reference in a deployment"
    },
    "parametersLink": {
      "type": "object",
      "properties": {
        "uri": {
          "type": "string",
          "minLength": 1,
          "description": "URI referencing the deployment template parameters"
        },
        "contentVersion": {
          "type": "string",
          "pattern": "(^[0-9]+\\.[0-9]+\\.[0-9]+\\.[0-9]+$)",
          "description": "If included it must match the contentVersion in the parameters file"
        }
      },
      "required": [
        "uri"
      ],
      "description": "Parameter file reference in a deployment"
    },
    "TemplateExpressionEvaluationOptions": {
      "type": "object",
      "properties": {
        "scope": {
          "$ref": "#/definitions/TemplateExpressionEvaluationScope"
        }
      },
      "required": [
        "scope"
      ],
      "description": "Template expression evaluation options"
    },
    "TemplateExpressionEvaluationScope": {
      "type": "string",
      "enum": [
        "inner",
        "outer"
      ],
      "description": "Template expression evaluation scope"
    }
  }
}