{
  "id": "https://schema.management.azure.com/schemas/2019-04-01-preview/Microsoft.CostManagement.json#",
  "$schema": "http://json-schema.org/draft-04/schema#",
  "title": "Microsoft.CostManagement",
  "description": "Microsoft CostManagement Resource Types",
  "resourceDefinitions": {},
  "tenant_resourceDefinitions": {
    "views": {
      "type": "object",
      "properties": {
        "apiVersion": {
          "type": "string",
          "enum": [
            "2019-04-01-preview"
          ]
        },
        "eTag": {
          "type": "string",
          "description": "eTag of the resource. To handle concurrent update scenario, this field will be used to determine whether the user is updating the latest version or not."
        },
        "name": {
          "type": "string",
          "description": "View name"
        },
        "properties": {
          "oneOf": [
            {
              "$ref": "#/definitions/ViewProperties"
            },
            {
              "$ref": "https://schema.management.azure.com/schemas/common/definitions.json#/definitions/expression"
            }
          ],
          "description": "The properties of the view."
        },
        "type": {
          "type": "string",
          "enum": [
            "Microsoft.CostManagement/views"
          ]
        }
      },
      "required": [
        "apiVersion",
        "name",
        "properties",
        "type"
      ],
      "description": "Microsoft.CostManagement/views"
    }
  },
  "unknown_resourceDefinitions": {
    "budgets": {
      "type": "object",
      "properties": {
        "apiVersion": {
          "type": "string",
          "enum": [
            "2019-04-01-preview"
          ]
        },
        "eTag": {
          "type": "string",
          "description": "eTag of the resource. To handle concurrent update scenario, this field will be used to determine whether the user is updating the latest version or not."
        },
        "name": {
          "type": "string",
          "description": "Budget Name."
        },
        "properties": {
          "oneOf": [
            {
              "$ref": "#/definitions/BudgetProperties"
            },
            {
              "$ref": "https://schema.management.azure.com/schemas/common/definitions.json#/definitions/expression"
            }
          ],
          "description": "The properties of the budget."
        },
        "type": {
          "type": "string",
          "enum": [
            "Microsoft.CostManagement/budgets"
          ]
        }
      },
      "required": [
        "apiVersion",
        "name",
        "properties",
        "type"
      ],
      "description": "Microsoft.CostManagement/budgets"
    },
    "views": {
      "type": "object",
      "properties": {
        "apiVersion": {
          "type": "string",
          "enum": [
            "2019-04-01-preview"
          ]
        },
        "eTag": {
          "type": "string",
          "description": "eTag of the resource. To handle concurrent update scenario, this field will be used to determine whether the user is updating the latest version or not."
        },
        "name": {
          "type": "string",
          "description": "View name"
        },
        "properties": {
          "oneOf": [
            {
              "$ref": "#/definitions/ViewProperties"
            },
            {
              "$ref": "https://schema.management.azure.com/schemas/common/definitions.json#/definitions/expression"
            }
          ],
          "description": "The properties of the view."
        },
        "type": {
          "type": "string",
          "enum": [
            "Microsoft.CostManagement/views"
          ]
        }
      },
      "required": [
        "apiVersion",
        "name",
        "properties",
        "type"
      ],
      "description": "Microsoft.CostManagement/views"
    }
  },
  "definitions": {
    "BudgetProperties": {
      "type": "object",
      "properties": {
        "amount": {
          "oneOf": [
            {
              "type": "number"
            },
            {
              "$ref": "https://schema.management.azure.com/schemas/common/definitions.json#/definitions/expression"
            }
          ],
          "description": "The total amount of cost to track with the budget"
        },
        "category": {
          "oneOf": [
            {
              "type": "string",
              "enum": [
                "Cost",
                "Usage"
              ]
            },
            {
              "$ref": "https://schema.management.azure.com/schemas/common/definitions.json#/definitions/expression"
            }
          ],
          "description": "The category of the budget, whether the budget tracks cost or usage."
        },
        "filter": {
          "oneOf": [
            {
              "$ref": "#/definitions/ReportConfigFilter"
            },
            {
              "$ref": "https://schema.management.azure.com/schemas/common/definitions.json#/definitions/expression"
            }
          ],
          "description": "The filter expression to be used in the report."
        },
        "notifications": {
          "oneOf": [
            {
              "type": "object",
              "additionalProperties": {
                "$ref": "#/definitions/Notification"
              },
              "properties": {}
            },
            {
              "$ref": "https://schema.management.azure.com/schemas/common/definitions.json#/definitions/expression"
            }
          ],
          "description": "Dictionary of notifications associated with the budget. Budget can have up to five notifications."
        },
        "timeGrain": {
          "oneOf": [
            {
              "type": "string",
              "enum": [
                "Monthly",
                "Quarterly",
                "Annually"
              ]
            },
            {
              "$ref": "https://schema.management.azure.com/schemas/common/definitions.json#/definitions/expression"
            }
          ],
          "description": "The time covered by a budget. Tracking of the amount will be reset based on the time grain."
        },
        "timePeriod": {
          "oneOf": [
            {
              "$ref": "#/definitions/BudgetTimePeriod"
            },
            {
              "$ref": "https://schema.management.azure.com/schemas/common/definitions.json#/definitions/expression"
            }
          ],
          "description": "The start and end date for a budget."
        }
      },
      "required": [
        "amount",
        "category",
        "timeGrain",
        "timePeriod"
      ],
      "description": "The properties of the budget."
    },
    "BudgetTimePeriod": {
      "type": "object",
      "properties": {
        "endDate": {
          "type": "string",
          "format": "date-time",
          "description": "The end date for the budget. If not provided, we default this to 10 years from the start date."
        },
        "startDate": {
          "type": "string",
          "format": "date-time",
          "description": "The start date for the budget."
        }
      },
      "required": [
        "startDate"
      ],
      "description": "The start and end date for a budget."
    },
    "KpiProperties": {
      "type": "object",
      "properties": {
        "enabled": {
          "oneOf": [
            {
              "type": "boolean"
            },
            {
              "$ref": "https://schema.management.azure.com/schemas/common/definitions.json#/definitions/expression"
            }
          ],
          "description": "show the KPI in the UI?"
        },
        "id": {
          "type": "string",
          "description": "ID of resource related to metric (budget)."
        },
        "type": {
          "oneOf": [
            {
              "type": "string",
              "enum": [
                "Forecast",
                "Budget"
              ]
            },
            {
              "$ref": "https://schema.management.azure.com/schemas/common/definitions.json#/definitions/expression"
            }
          ],
          "description": "KPI type (Forecast, Budget)."
        }
      },
      "description": "Each KPI must contain a 'type' and 'enabled' key."
    },
    "Notification": {
      "type": "object",
      "properties": {
        "contactEmails": {
          "oneOf": [
            {
              "type": "array",
              "items": {
                "type": "string"
              }
            },
            {
              "$ref": "https://schema.management.azure.com/schemas/common/definitions.json#/definitions/expression"
            }
          ],
          "description": "Email addresses to send the budget notification to when the threshold is exceeded."
        },
        "contactGroups": {
          "oneOf": [
            {
              "type": "array",
              "items": {
                "type": "string"
              }
            },
            {
              "$ref": "https://schema.management.azure.com/schemas/common/definitions.json#/definitions/expression"
            }
          ],
          "description": "Action groups to send the budget notification to when the threshold is exceeded."
        },
        "contactRoles": {
          "oneOf": [
            {
              "type": "array",
              "items": {
                "type": "string"
              }
            },
            {
              "$ref": "https://schema.management.azure.com/schemas/common/definitions.json#/definitions/expression"
            }
          ],
          "description": "Contact roles to send the budget notification to when the threshold is exceeded."
        },
        "enabled": {
          "oneOf": [
            {
              "type": "boolean"
            },
            {
              "$ref": "https://schema.management.azure.com/schemas/common/definitions.json#/definitions/expression"
            }
          ],
          "description": "The notification is enabled or not."
        },
        "operator": {
          "oneOf": [
            {
              "type": "string",
              "enum": [
                "EqualTo",
                "GreaterThan",
                "GreaterThanOrEqualTo"
              ]
            },
            {
              "$ref": "https://schema.management.azure.com/schemas/common/definitions.json#/definitions/expression"
            }
          ],
          "description": "The comparison operator."
        },
        "threshold": {
          "oneOf": [
            {
              "type": "number"
            },
            {
              "$ref": "https://schema.management.azure.com/schemas/common/definitions.json#/definitions/expression"
            }
          ],
          "description": "Threshold value associated with a notification. Notification is sent when the cost exceeded the threshold. It is always percent and has to be between 0 and 1000."
        }
      },
      "required": [
        "contactEmails",
        "enabled",
        "operator",
        "threshold"
      ],
      "description": "The notification associated with a budget."
    },
    "PivotProperties": {
      "type": "object",
      "properties": {
        "name": {
          "type": "string",
          "description": "Data field to show in view."
        },
        "type": {
          "oneOf": [
            {
              "type": "string",
              "enum": [
                "Dimension",
                "TagKey"
              ]
            },
            {
              "$ref": "https://schema.management.azure.com/schemas/common/definitions.json#/definitions/expression"
            }
          ],
          "description": "Data type to show in view."
        }
      },
      "description": "Each pivot must contain a 'type' and 'name'."
    },
    "ReportConfigAggregation": {
      "type": "object",
      "properties": {
        "function": {
          "oneOf": [
            {
              "type": "string",
              "enum": [
                "Sum"
              ]
            },
            {
              "$ref": "https://schema.management.azure.com/schemas/common/definitions.json#/definitions/expression"
            }
          ],
          "description": "The name of the aggregation function to use."
        },
        "name": {
          "type": "string",
          "description": "The name of the column to aggregate."
        }
      },
      "required": [
        "function",
        "name"
      ],
      "description": "The aggregation expression to be used in the report."
    },
    "ReportConfigComparisonExpression": {
      "type": "object",
      "properties": {
        "name": {
          "type": "string",
          "description": "The name of the column to use in comparison."
        },
        "operator": {
          "oneOf": [
            {
              "type": "string",
              "enum": [
                "In",
                "Contains"
              ]
            },
            {
              "$ref": "https://schema.management.azure.com/schemas/common/definitions.json#/definitions/expression"
            }
          ],
          "description": "The operator to use for comparison."
        },
        "values": {
          "oneOf": [
            {
              "type": "array",
              "items": {
                "type": "string"
              }
            },
            {
              "$ref": "https://schema.management.azure.com/schemas/common/definitions.json#/definitions/expression"
            }
          ],
          "description": "Array of values to use for comparison"
        }
      },
      "required": [
        "name",
        "operator",
        "values"
      ],
      "description": "The comparison expression to be used in the report."
    },
    "ReportConfigDataset": {
      "type": "object",
      "properties": {
        "aggregation": {
          "oneOf": [
            {
              "type": "object",
              "additionalProperties": {
                "$ref": "#/definitions/ReportConfigAggregation"
              },
              "properties": {}
            },
            {
              "$ref": "https://schema.management.azure.com/schemas/common/definitions.json#/definitions/expression"
            }
          ],
          "description": "Dictionary of aggregation expression to use in the report. The key of each item in the dictionary is the alias for the aggregated column. Report can have up to 2 aggregation clauses."
        },
        "configuration": {
          "oneOf": [
            {
              "$ref": "#/definitions/ReportConfigDatasetConfiguration"
            },
            {
              "$ref": "https://schema.management.azure.com/schemas/common/definitions.json#/definitions/expression"
            }
          ],
          "description": "The configuration of dataset in the report."
        },
        "filter": {
          "oneOf": [
            {
              "$ref": "#/definitions/ReportConfigFilter"
            },
            {
              "$ref": "https://schema.management.azure.com/schemas/common/definitions.json#/definitions/expression"
            }
          ],
          "description": "The filter expression to be used in the report."
        },
        "granularity": {
          "oneOf": [
            {
              "type": "string",
              "enum": [
                "Daily",
                "Monthly"
              ]
            },
            {
              "$ref": "https://schema.management.azure.com/schemas/common/definitions.json#/definitions/expression"
            }
          ],
          "description": "The granularity of rows in the report."
        },
        "grouping": {
          "oneOf": [
            {
              "type": "array",
              "items": {
                "$ref": "#/definitions/ReportConfigGrouping"
              }
            },
            {
              "$ref": "https://schema.management.azure.com/schemas/common/definitions.json#/definitions/expression"
            }
          ],
          "description": "Array of group by expression to use in the report. Report can have up to 2 group by clauses."
        },
        "sorting": {
          "oneOf": [
            {
              "type": "array",
              "items": {
                "$ref": "#/definitions/ReportConfigSorting"
              }
            },
            {
              "$ref": "https://schema.management.azure.com/schemas/common/definitions.json#/definitions/expression"
            }
          ],
          "description": "Array of order by expression to use in the report."
        }
      },
      "description": "The definition of data present in the report."
    },
    "ReportConfigDatasetConfiguration": {
      "type": "object",
      "properties": {
        "columns": {
          "oneOf": [
            {
              "type": "array",
              "items": {
                "type": "string"
              }
            },
            {
              "$ref": "https://schema.management.azure.com/schemas/common/definitions.json#/definitions/expression"
            }
          ],
          "description": "Array of column names to be included in the report. Any valid report column name is allowed. If not provided, then report includes all columns."
        }
      },
      "description": "The configuration of dataset in the report."
    },
    "ReportConfigDefinition": {
      "type": "object",
      "properties": {
        "dataset": {
          "oneOf": [
            {
              "$ref": "#/definitions/ReportConfigDataset"
            },
            {
              "$ref": "https://schema.management.azure.com/schemas/common/definitions.json#/definitions/expression"
            }
          ],
          "description": "The definition of data present in the report."
        },
        "timeframe": {
          "oneOf": [
            {
              "type": "string",
              "enum": [
                "WeekToDate",
                "MonthToDate",
                "YearToDate",
                "Custom"
              ]
            },
            {
              "$ref": "https://schema.management.azure.com/schemas/common/definitions.json#/definitions/expression"
            }
          ],
          "description": "The time frame for pulling data for the report. If custom, then a specific time period must be provided."
        },
        "timePeriod": {
          "oneOf": [
            {
              "$ref": "#/definitions/ReportConfigTimePeriod"
            },
            {
              "$ref": "https://schema.management.azure.com/schemas/common/definitions.json#/definitions/expression"
            }
          ],
          "description": "The start and end date for pulling data for the report."
        },
        "type": {
          "oneOf": [
            {
              "type": "string",
              "enum": [
                "Usage"
              ]
            },
            {
              "$ref": "https://schema.management.azure.com/schemas/common/definitions.json#/definitions/expression"
            }
          ],
          "description": "The type of the report. Usage represents actual usage, forecast represents forecasted data and UsageAndForecast represents both usage and forecasted data. Actual usage and forecasted data can be differentiated based on dates."
        }
      },
      "required": [
        "timeframe",
        "type"
      ],
      "description": "The definition of a report config."
    },
    "ReportConfigFilter": {
      "type": "object",
      "properties": {
        "and": {
          "oneOf": [
            {
              "type": "array",
              "items": {
                "type": "object"
              }
            },
            {
              "$ref": "https://schema.management.azure.com/schemas/common/definitions.json#/definitions/expression"
            }
          ],
          "description": "The logical \"AND\" expression. Must have at least 2 items."
        },
        "dimension": {
          "oneOf": [
            {
              "$ref": "#/definitions/ReportConfigComparisonExpression"
            },
            {
              "$ref": "https://schema.management.azure.com/schemas/common/definitions.json#/definitions/expression"
            }
          ],
          "description": "The comparison expression to be used in the report."
        },
        "not": {
          "oneOf": [
            {
              "type": "object"
            },
            {
              "$ref": "https://schema.management.azure.com/schemas/common/definitions.json#/definitions/expression"
            }
          ],
          "description": "The filter expression to be used in the report."
        },
        "or": {
          "oneOf": [
            {
              "type": "array",
              "items": {
                "type": "object"
              }
            },
            {
              "$ref": "https://schema.management.azure.com/schemas/common/definitions.json#/definitions/expression"
            }
          ],
          "description": "The logical \"OR\" expression. Must have at least 2 items."
        },
        "tag": {
          "oneOf": [
            {
              "$ref": "#/definitions/ReportConfigComparisonExpression"
            },
            {
              "$ref": "https://schema.management.azure.com/schemas/common/definitions.json#/definitions/expression"
            }
          ],
          "description": "The comparison expression to be used in the report."
        }
      },
      "description": "The filter expression to be used in the report."
    },
    "ReportConfigGrouping": {
      "type": "object",
      "properties": {
        "name": {
          "type": "string",
          "description": "The name of the column to group. This version supports subscription lowest possible grain."
        },
        "type": {
          "oneOf": [
            {
              "type": "string",
              "enum": [
                "Tag",
                "Dimension"
              ]
            },
            {
              "$ref": "https://schema.management.azure.com/schemas/common/definitions.json#/definitions/expression"
            }
          ],
          "description": "Has type of the column to group."
        }
      },
      "required": [
        "name",
        "type"
      ],
      "description": "The group by expression to be used in the report."
    },
    "ReportConfigSorting": {
      "type": "object",
      "properties": {
        "direction": {
          "oneOf": [
            {
              "type": "string",
              "enum": [
                "Ascending",
                "Descending"
              ]
            },
            {
              "$ref": "https://schema.management.azure.com/schemas/common/definitions.json#/definitions/expression"
            }
          ],
          "description": "Direction of sort."
        },
        "name": {
          "type": "string",
          "description": "The name of the column to sort."
        }
      },
      "required": [
        "name"
      ],
      "description": "The order by expression to be used in the report."
    },
    "ReportConfigTimePeriod": {
      "type": "object",
      "properties": {
        "from": {
          "type": "string",
          "format": "date-time",
          "description": "The start date to pull data from."
        },
        "to": {
          "type": "string",
          "format": "date-time",
          "description": "The end date to pull data to."
        }
      },
      "required": [
        "from",
        "to"
      ],
      "description": "The start and end date for pulling data for the report."
    },
    "ViewProperties": {
      "type": "object",
      "properties": {
        "accumulated": {
          "oneOf": [
            {
              "type": "string",
              "enum": [
                "true",
                "false"
              ]
            },
            {
              "$ref": "https://schema.management.azure.com/schemas/common/definitions.json#/definitions/expression"
            }
          ],
          "description": "Show costs accumulated over time."
        },
        "chart": {
          "oneOf": [
            {
              "type": "string",
              "enum": [
                "Area",
                "Line",
                "StackedColumn",
                "GroupedColumn",
                "Table"
              ]
            },
            {
              "$ref": "https://schema.management.azure.com/schemas/common/definitions.json#/definitions/expression"
            }
          ],
          "description": "Chart type of the main view in Cost Analysis. Required."
        },
        "displayName": {
          "type": "string",
          "description": "User input name of the view. Required."
        },
        "kpis": {
          "oneOf": [
            {
              "type": "array",
              "items": {
                "$ref": "#/definitions/KpiProperties"
              }
            },
            {
              "$ref": "https://schema.management.azure.com/schemas/common/definitions.json#/definitions/expression"
            }
          ],
          "description": "List of KPIs to show in Cost Analysis UI."
        },
        "metric": {
          "oneOf": [
            {
              "type": "string",
              "enum": [
                "ActualCost",
                "AmortizedCost",
                "AHUB"
              ]
            },
            {
              "$ref": "https://schema.management.azure.com/schemas/common/definitions.json#/definitions/expression"
            }
          ],
          "description": "Metric to use when displaying costs."
        },
        "pivots": {
          "oneOf": [
            {
              "type": "array",
              "items": {
                "$ref": "#/definitions/PivotProperties"
              }
            },
            {
              "$ref": "https://schema.management.azure.com/schemas/common/definitions.json#/definitions/expression"
            }
          ],
          "description": "Configuration of 3 sub-views in the Cost Analysis UI."
        },
        "query": {
          "oneOf": [
            {
              "$ref": "#/definitions/ReportConfigDefinition"
            },
            {
              "$ref": "https://schema.management.azure.com/schemas/common/definitions.json#/definitions/expression"
            }
          ],
          "description": "The definition of a report config."
        },
        "scope": {
          "type": "string",
          "description": "Cost Management scope to save the view on. This includes 'subscriptions/{subscriptionId}' for subscription scope, 'subscriptions/{subscriptionId}/resourceGroups/{resourceGroupName}' for resourceGroup scope, 'providers/Microsoft.Billing/billingAccounts/{billingAccountId}' for Billing Account scope, 'providers/Microsoft.Billing/billingAccounts/{billingAccountId}/departments/{departmentId}' for Department scope, 'providers/Microsoft.Billing/billingAccounts/{billingAccountId}/enrollmentAccounts/{enrollmentAccountId}' for EnrollmentAccount scope, 'providers/Microsoft.Billing/billingAccounts/{billingAccountId}/billingProfiles/{billingProfileId}' for BillingProfile scope, 'providers/Microsoft.Billing/billingAccounts/{billingAccountId}/invoiceSections/{invoiceSectionId}' for InvoiceSection scope, 'providers/Microsoft.Management/managementGroups/{managementGroupId}' for Management Group scope, '/providers/Microsoft.CostManagement/externalBillingAccounts/{externalBillingAccountName}' for ExternalBillingAccount scope, and '/providers/Microsoft.CostManagement/externalSubscriptions/{externalSubscriptionName}' for ExternalSubscription scope."
        }
      },
      "description": "The properties of the view."
    }
  }
}