{
  "id": "https://schema.management.azure.com/schemas/2017-06-15-preview/Microsoft.EventGrid.json#",
  "$schema": "http://json-schema.org/draft-04/schema#",
  "title": "Microsoft.EventGrid",
  "description": "Microsoft EventGrid Resource Types",
  "resourceDefinitions": {
    "topics": {
      "type": "object",
      "properties": {
        "apiVersion": {
          "type": "string",
          "enum": [
            "2017-06-15-preview"
          ]
        },
        "location": {
          "type": "string",
          "description": "Location of the resource"
        },
        "name": {
          "type": "string",
          "description": "Name of the topic"
        },
        "properties": {
          "oneOf": [
            {
              "$ref": "#/definitions/TopicProperties"
            },
            {
              "$ref": "https://schema.management.azure.com/schemas/common/definitions.json#/definitions/expression"
            }
          ],
          "description": "Properties of the Topic"
        },
        "tags": {
          "oneOf": [
            {
              "type": "object",
              "additionalProperties": {
                "type": "string"
              },
              "properties": {}
            },
            {
              "$ref": "https://schema.management.azure.com/schemas/common/definitions.json#/definitions/expression"
            }
          ],
          "description": "Tags of the resource"
        },
        "type": {
          "type": "string",
          "enum": [
            "Microsoft.EventGrid/topics"
          ]
        }
      },
      "required": [
        "apiVersion",
        "location",
        "name",
        "properties",
        "type"
      ],
      "description": "Microsoft.EventGrid/topics"
    }
  },
  "unknown_resourceDefinitions": {
    "eventSubscriptions": {
      "type": "object",
      "properties": {
        "apiVersion": {
          "type": "string",
          "enum": [
            "2017-06-15-preview"
          ]
        },
        "name": {
          "type": "string",
          "description": "Name of the event subscription to be created. Event subscription names must be between 3 and 64 characters in length and use alphanumeric letters only."
        },
        "properties": {
          "oneOf": [
            {
              "$ref": "#/definitions/EventSubscriptionProperties"
            },
            {
              "$ref": "https://schema.management.azure.com/schemas/common/definitions.json#/definitions/expression"
            }
          ],
          "description": "Properties of the Event Subscription"
        },
        "type": {
          "type": "string",
          "enum": [
            "Microsoft.EventGrid/eventSubscriptions"
          ]
        }
      },
      "required": [
        "apiVersion",
        "name",
        "properties",
        "type"
      ],
      "description": "Microsoft.EventGrid/eventSubscriptions"
    }
  },
  "definitions": {
    "EventSubscriptionDestination": {
      "type": "object",
      "properties": {
        "endpointType": {
          "oneOf": [
            {
              "type": "string",
              "enum": [
                "WebHook"
              ]
            },
            {
              "$ref": "https://schema.management.azure.com/schemas/common/definitions.json#/definitions/expression"
            }
          ],
          "description": "Type of the endpoint for the event subscription destination."
        },
        "properties": {
          "oneOf": [
            {
              "$ref": "#/definitions/EventSubscriptionDestinationProperties"
            },
            {
              "$ref": "https://schema.management.azure.com/schemas/common/definitions.json#/definitions/expression"
            }
          ],
          "description": "Properties of the event subscription destination"
        }
      },
      "description": "Information about the destination for an event subscription"
    },
    "EventSubscriptionDestinationProperties": {
      "type": "object",
      "properties": {
        "endpointUrl": {
          "type": "string",
          "description": "The URL that represents the endpoint of the destination of an event subscription."
        }
      },
      "description": "Properties of the event subscription destination"
    },
    "EventSubscriptionFilter": {
      "type": "object",
      "properties": {
        "includedEventTypes": {
          "oneOf": [
            {
              "type": "array",
              "items": {
                "type": "string"
              }
            },
            {
              "$ref": "https://schema.management.azure.com/schemas/common/definitions.json#/definitions/expression"
            }
          ],
          "description": "A list of applicable event types that need to be part of the event subscription. \r\nIf it is desired to subscribe to all event types, the string \"all\" needs to be specified as an element in this list."
        },
        "isSubjectCaseSensitive": {
          "oneOf": [
            {
              "type": "boolean",
              "default": false
            },
            {
              "$ref": "https://schema.management.azure.com/schemas/common/definitions.json#/definitions/expression"
            }
          ],
          "description": "Specifies if the SubjectBeginsWith and SubjectEndsWith properties of the filter \r\nshould be compared in a case sensitive manner."
        },
        "subjectBeginsWith": {
          "type": "string",
          "description": "An optional string to filter events for an event subscription based on a resource path prefix.\r\nThe format of this depends on the publisher of the events. \r\nWildcard characters are not supported in this path."
        },
        "subjectEndsWith": {
          "type": "string",
          "description": "An optional string to filter events for an event subscription based on a resource path suffix.\r\nWildcard characters are not supported in this path."
        }
      },
      "description": "Filter for the Event Subscription"
    },
    "EventSubscriptionProperties": {
      "type": "object",
      "properties": {
        "destination": {
          "oneOf": [
            {
              "$ref": "#/definitions/EventSubscriptionDestination"
            },
            {
              "$ref": "https://schema.management.azure.com/schemas/common/definitions.json#/definitions/expression"
            }
          ],
          "description": "Information about the destination for an event subscription"
        },
        "filter": {
          "oneOf": [
            {
              "$ref": "#/definitions/EventSubscriptionFilter"
            },
            {
              "$ref": "https://schema.management.azure.com/schemas/common/definitions.json#/definitions/expression"
            }
          ],
          "description": "Filter for the Event Subscription"
        },
        "labels": {
          "oneOf": [
            {
              "type": "array",
              "items": {
                "type": "string"
              }
            },
            {
              "$ref": "https://schema.management.azure.com/schemas/common/definitions.json#/definitions/expression"
            }
          ],
          "description": "List of user defined labels."
        }
      },
      "description": "Properties of the Event Subscription"
    },
    "TopicProperties": {
      "type": "object",
      "properties": {},
      "description": "Properties of the Topic"
    }
  }
}