{
  "id": "https://schema.management.azure.com/schemas/2018-04-19/Microsoft.DataMigration.json#",
  "$schema": "http://json-schema.org/draft-04/schema#",
  "title": "Microsoft.DataMigration",
  "description": "Microsoft DataMigration Resource Types",
  "resourceDefinitions": {
    "services": {
      "type": "object",
      "properties": {
        "apiVersion": {
          "type": "string",
          "enum": [
            "2018-04-19"
          ]
        },
        "etag": {
          "type": "string",
          "description": "HTTP strong entity tag value. Ignored if submitted"
        },
        "kind": {
          "type": "string",
          "description": "The resource kind. Only 'vm' (the default) is supported."
        },
        "location": {
          "type": "string",
          "description": "Resource location."
        },
        "name": {
          "type": "string",
          "description": "Name of the service"
        },
        "properties": {
          "oneOf": [
            {
              "$ref": "#/definitions/DataMigrationServiceProperties"
            },
            {
              "$ref": "https://schema.management.azure.com/schemas/common/definitions.json#/definitions/expression"
            }
          ],
          "description": "Properties of the Data Migration service instance"
        },
        "resources": {
          "type": "array",
          "items": {
            "oneOf": [
              {
                "$ref": "#/definitions/services_projects_childResource"
              }
            ]
          }
        },
        "sku": {
          "oneOf": [
            {
              "$ref": "#/definitions/ServiceSku"
            },
            {
              "$ref": "https://schema.management.azure.com/schemas/common/definitions.json#/definitions/expression"
            }
          ],
          "description": "An Azure SKU instance"
        },
        "tags": {
          "oneOf": [
            {
              "type": "object",
              "additionalProperties": {
                "type": "string"
              },
              "properties": {}
            },
            {
              "$ref": "https://schema.management.azure.com/schemas/common/definitions.json#/definitions/expression"
            }
          ],
          "description": "Resource tags."
        },
        "type": {
          "type": "string",
          "enum": [
            "Microsoft.DataMigration/services"
          ]
        }
      },
      "required": [
        "apiVersion",
        "location",
        "name",
        "properties",
        "type"
      ],
      "description": "Microsoft.DataMigration/services"
    },
    "services_projects": {
      "type": "object",
      "properties": {
        "apiVersion": {
          "type": "string",
          "enum": [
            "2018-04-19"
          ]
        },
        "location": {
          "type": "string",
          "description": "Resource location."
        },
        "name": {
          "type": "string",
          "description": "Name of the project"
        },
        "properties": {
          "oneOf": [
            {
              "$ref": "#/definitions/ProjectProperties"
            },
            {
              "$ref": "https://schema.management.azure.com/schemas/common/definitions.json#/definitions/expression"
            }
          ],
          "description": "Project-specific properties"
        },
        "resources": {
          "type": "array",
          "items": {
            "oneOf": [
              {
                "$ref": "#/definitions/services_projects_tasks_childResource"
              }
            ]
          }
        },
        "tags": {
          "oneOf": [
            {
              "type": "object",
              "additionalProperties": {
                "type": "string"
              },
              "properties": {}
            },
            {
              "$ref": "https://schema.management.azure.com/schemas/common/definitions.json#/definitions/expression"
            }
          ],
          "description": "Resource tags."
        },
        "type": {
          "type": "string",
          "enum": [
            "Microsoft.DataMigration/services/projects"
          ]
        }
      },
      "required": [
        "apiVersion",
        "location",
        "name",
        "properties",
        "type"
      ],
      "description": "Microsoft.DataMigration/services/projects"
    },
    "services_projects_tasks": {
      "type": "object",
      "properties": {
        "apiVersion": {
          "type": "string",
          "enum": [
            "2018-04-19"
          ]
        },
        "etag": {
          "type": "string",
          "description": "HTTP strong entity tag value. This is ignored if submitted."
        },
        "name": {
          "type": "string",
          "description": "Name of the Task"
        },
        "properties": {
          "oneOf": [
            {
              "$ref": "#/definitions/ProjectTaskProperties"
            },
            {
              "$ref": "https://schema.management.azure.com/schemas/common/definitions.json#/definitions/expression"
            }
          ],
          "description": "Base class for all types of DMS task properties. If task is not supported by current client, this object is returned."
        },
        "type": {
          "type": "string",
          "enum": [
            "Microsoft.DataMigration/services/projects/tasks"
          ]
        }
      },
      "required": [
        "apiVersion",
        "name",
        "properties",
        "type"
      ],
      "description": "Microsoft.DataMigration/services/projects/tasks"
    }
  },
  "definitions": {
    "AzureActiveDirectoryApp": {
      "type": "object",
      "properties": {
        "appKey": {
          "type": "string",
          "description": "Key used to authenticate to the Azure Active Directory Application"
        },
        "applicationId": {
          "type": "string",
          "description": "Application ID of the Azure Active Directory Application"
        },
        "tenantId": {
          "type": "string",
          "description": "Tenant id of the customer"
        }
      },
      "required": [
        "appKey",
        "applicationId",
        "tenantId"
      ],
      "description": "Azure Active Directory Application"
    },
    "BlobShare": {
      "type": "object",
      "properties": {
        "sasUri": {
          "type": "string",
          "description": "SAS URI of Azure Storage Account Container."
        }
      },
      "required": [
        "sasUri"
      ],
      "description": "Blob container storage information."
    },
    "ConnectionInfo": {
      "type": "object",
      "oneOf": [
        {
          "$ref": "#/definitions/SqlConnectionInfo"
        },
        {
          "$ref": "#/definitions/MySqlConnectionInfo"
        },
        {
          "$ref": "#/definitions/PostgreSqlConnectionInfo"
        },
        {
          "$ref": "#/definitions/MiSqlConnectionInfo"
        }
      ],
      "properties": {
        "password": {
          "type": "string",
          "description": "Password credential."
        },
        "userName": {
          "type": "string",
          "description": "User name"
        }
      },
      "description": "Defines the connection properties of a server"
    },
    "ConnectToSourceMySqlTaskInput": {
      "type": "object",
      "properties": {
        "checkPermissionsGroup": {
          "oneOf": [
            {
              "type": "string",
              "enum": [
                "Default",
                "MigrationFromSqlServerToAzureDB",
                "MigrationFromSqlServerToAzureMI",
                "MigrationFromMySQLToAzureDBForMySQL"
              ]
            },
            {
              "$ref": "https://schema.management.azure.com/schemas/common/definitions.json#/definitions/expression"
            }
          ],
          "description": "Permission group for validations."
        },
        "sourceConnectionInfo": {
          "oneOf": [
            {
              "$ref": "#/definitions/MySqlConnectionInfo"
            },
            {
              "$ref": "https://schema.management.azure.com/schemas/common/definitions.json#/definitions/expression"
            }
          ],
          "description": "Information for connecting to MySQL server"
        },
        "targetPlatform": {
          "oneOf": [
            {
              "type": "string",
              "enum": [
                "SqlServer",
                "AzureDbForMySQL"
              ]
            },
            {
              "$ref": "https://schema.management.azure.com/schemas/common/definitions.json#/definitions/expression"
            }
          ],
          "description": "Target Platform for the migration."
        }
      },
      "required": [
        "sourceConnectionInfo"
      ],
      "description": "Input for the task that validates MySQL database connection"
    },
    "ConnectToSourceMySqlTaskProperties": {
      "type": "object",
      "properties": {
        "input": {
          "oneOf": [
            {
              "$ref": "#/definitions/ConnectToSourceMySqlTaskInput"
            },
            {
              "$ref": "https://schema.management.azure.com/schemas/common/definitions.json#/definitions/expression"
            }
          ],
          "description": "Input for the task that validates MySQL database connection"
        },
        "taskType": {
          "type": "string",
          "enum": [
            "ConnectToSource.MySql"
          ]
        }
      },
      "required": [
        "taskType"
      ],
      "description": "Properties for the task that validates MySQL database connection"
    },
    "ConnectToSourcePostgreSqlSyncTaskInput": {
      "type": "object",
      "properties": {
        "sourceConnectionInfo": {
          "oneOf": [
            {
              "$ref": "#/definitions/PostgreSqlConnectionInfo"
            },
            {
              "$ref": "https://schema.management.azure.com/schemas/common/definitions.json#/definitions/expression"
            }
          ],
          "description": "Information for connecting to PostgreSQL server"
        }
      },
      "required": [
        "sourceConnectionInfo"
      ],
      "description": "Input for the task that validates connection to PostgreSQL and source server requirements"
    },
    "ConnectToSourcePostgreSqlSyncTaskProperties": {
      "type": "object",
      "properties": {
        "input": {
          "oneOf": [
            {
              "$ref": "#/definitions/ConnectToSourcePostgreSqlSyncTaskInput"
            },
            {
              "$ref": "https://schema.management.azure.com/schemas/common/definitions.json#/definitions/expression"
            }
          ],
          "description": "Input for the task that validates connection to PostgreSQL and source server requirements"
        },
        "taskType": {
          "type": "string",
          "enum": [
            "ConnectToSource.PostgreSql.Sync"
          ]
        }
      },
      "required": [
        "taskType"
      ],
      "description": "Properties for the task that validates connection to PostgreSQL server and source server requirements for online migration"
    },
    "ConnectToSourceSqlServerSyncTaskProperties": {
      "type": "object",
      "properties": {
        "input": {
          "oneOf": [
            {
              "$ref": "#/definitions/ConnectToSourceSqlServerTaskInput"
            },
            {
              "$ref": "https://schema.management.azure.com/schemas/common/definitions.json#/definitions/expression"
            }
          ],
          "description": "Input for the task that validates connection to SQL Server and also validates source server requirements"
        },
        "taskType": {
          "type": "string",
          "enum": [
            "ConnectToSource.SqlServer.Sync"
          ]
        }
      },
      "required": [
        "taskType"
      ],
      "description": "Properties for the task that validates connection to SQL Server and source server requirements for online migration"
    },
    "ConnectToSourceSqlServerTaskInput": {
      "type": "object",
      "properties": {
        "checkPermissionsGroup": {
          "oneOf": [
            {
              "type": "string",
              "enum": [
                "Default",
                "MigrationFromSqlServerToAzureDB",
                "MigrationFromSqlServerToAzureMI",
                "MigrationFromMySQLToAzureDBForMySQL"
              ]
            },
            {
              "$ref": "https://schema.management.azure.com/schemas/common/definitions.json#/definitions/expression"
            }
          ],
          "description": "Permission group for validations."
        },
        "collectAgentJobs": {
          "oneOf": [
            {
              "type": "boolean",
              "default": false
            },
            {
              "$ref": "https://schema.management.azure.com/schemas/common/definitions.json#/definitions/expression"
            }
          ],
          "description": "Flag for whether to collect agent jobs from source server."
        },
        "collectLogins": {
          "oneOf": [
            {
              "type": "boolean",
              "default": false
            },
            {
              "$ref": "https://schema.management.azure.com/schemas/common/definitions.json#/definitions/expression"
            }
          ],
          "description": "Flag for whether to collect logins from source server."
        },
        "sourceConnectionInfo": {
          "oneOf": [
            {
              "$ref": "#/definitions/SqlConnectionInfo"
            },
            {
              "$ref": "https://schema.management.azure.com/schemas/common/definitions.json#/definitions/expression"
            }
          ],
          "description": "Information for connecting to SQL database server"
        }
      },
      "required": [
        "sourceConnectionInfo"
      ],
      "description": "Input for the task that validates connection to SQL Server and also validates source server requirements"
    },
    "ConnectToSourceSqlServerTaskProperties": {
      "type": "object",
      "properties": {
        "input": {
          "oneOf": [
            {
              "$ref": "#/definitions/ConnectToSourceSqlServerTaskInput"
            },
            {
              "$ref": "https://schema.management.azure.com/schemas/common/definitions.json#/definitions/expression"
            }
          ],
          "description": "Input for the task that validates connection to SQL Server and also validates source server requirements"
        },
        "taskType": {
          "type": "string",
          "enum": [
            "ConnectToSource.SqlServer"
          ]
        }
      },
      "required": [
        "taskType"
      ],
      "description": "Properties for the task that validates connection to SQL Server and also validates source server requirements"
    },
    "ConnectToTargetAzureDbForMySqlTaskInput": {
      "type": "object",
      "properties": {
        "sourceConnectionInfo": {
          "oneOf": [
            {
              "$ref": "#/definitions/MySqlConnectionInfo"
            },
            {
              "$ref": "https://schema.management.azure.com/schemas/common/definitions.json#/definitions/expression"
            }
          ],
          "description": "Information for connecting to MySQL server"
        },
        "targetConnectionInfo": {
          "oneOf": [
            {
              "$ref": "#/definitions/MySqlConnectionInfo"
            },
            {
              "$ref": "https://schema.management.azure.com/schemas/common/definitions.json#/definitions/expression"
            }
          ],
          "description": "Information for connecting to MySQL server"
        }
      },
      "required": [
        "sourceConnectionInfo",
        "targetConnectionInfo"
      ],
      "description": "Input for the task that validates connection to Azure Database for MySQL and target server requirements"
    },
    "ConnectToTargetAzureDbForMySqlTaskProperties": {
      "type": "object",
      "properties": {
        "input": {
          "oneOf": [
            {
              "$ref": "#/definitions/ConnectToTargetAzureDbForMySqlTaskInput"
            },
            {
              "$ref": "https://schema.management.azure.com/schemas/common/definitions.json#/definitions/expression"
            }
          ],
          "description": "Input for the task that validates connection to Azure Database for MySQL and target server requirements"
        },
        "taskType": {
          "type": "string",
          "enum": [
            "ConnectToTarget.AzureDbForMySql"
          ]
        }
      },
      "required": [
        "taskType"
      ],
      "description": "Properties for the task that validates connection to Azure Database for MySQL and target server requirements"
    },
    "ConnectToTargetAzureDbForPostgreSqlSyncTaskInput": {
      "type": "object",
      "properties": {
        "sourceConnectionInfo": {
          "oneOf": [
            {
              "$ref": "#/definitions/PostgreSqlConnectionInfo"
            },
            {
              "$ref": "https://schema.management.azure.com/schemas/common/definitions.json#/definitions/expression"
            }
          ],
          "description": "Information for connecting to PostgreSQL server"
        },
        "targetConnectionInfo": {
          "oneOf": [
            {
              "$ref": "#/definitions/PostgreSqlConnectionInfo"
            },
            {
              "$ref": "https://schema.management.azure.com/schemas/common/definitions.json#/definitions/expression"
            }
          ],
          "description": "Information for connecting to PostgreSQL server"
        }
      },
      "required": [
        "sourceConnectionInfo",
        "targetConnectionInfo"
      ],
      "description": "Input for the task that validates connection to Azure Database for PostgreSQL and target server requirements"
    },
    "ConnectToTargetAzureDbForPostgreSqlSyncTaskProperties": {
      "type": "object",
      "properties": {
        "input": {
          "oneOf": [
            {
              "$ref": "#/definitions/ConnectToTargetAzureDbForPostgreSqlSyncTaskInput"
            },
            {
              "$ref": "https://schema.management.azure.com/schemas/common/definitions.json#/definitions/expression"
            }
          ],
          "description": "Input for the task that validates connection to Azure Database for PostgreSQL and target server requirements"
        },
        "taskType": {
          "type": "string",
          "enum": [
            "ConnectToTarget.AzureDbForPostgreSql.Sync"
          ]
        }
      },
      "required": [
        "taskType"
      ],
      "description": "Properties for the task that validates connection to Azure Database For PostgreSQL server and target server requirements for online migration"
    },
    "ConnectToTargetSqlDbTaskInput": {
      "type": "object",
      "properties": {
        "targetConnectionInfo": {
          "oneOf": [
            {
              "$ref": "#/definitions/SqlConnectionInfo"
            },
            {
              "$ref": "https://schema.management.azure.com/schemas/common/definitions.json#/definitions/expression"
            }
          ],
          "description": "Information for connecting to SQL database server"
        }
      },
      "required": [
        "targetConnectionInfo"
      ],
      "description": "Input for the task that validates connection to SQL DB and target server requirements"
    },
    "ConnectToTargetSqlDbTaskProperties": {
      "type": "object",
      "properties": {
        "input": {
          "oneOf": [
            {
              "$ref": "#/definitions/ConnectToTargetSqlDbTaskInput"
            },
            {
              "$ref": "https://schema.management.azure.com/schemas/common/definitions.json#/definitions/expression"
            }
          ],
          "description": "Input for the task that validates connection to SQL DB and target server requirements"
        },
        "taskType": {
          "type": "string",
          "enum": [
            "ConnectToTarget.SqlDb"
          ]
        }
      },
      "required": [
        "taskType"
      ],
      "description": "Properties for the task that validates connection to SQL DB and target server requirements"
    },
    "ConnectToTargetSqlMISyncTaskInput": {
      "type": "object",
      "properties": {
        "azureApp": {
          "oneOf": [
            {
              "$ref": "#/definitions/AzureActiveDirectoryApp"
            },
            {
              "$ref": "https://schema.management.azure.com/schemas/common/definitions.json#/definitions/expression"
            }
          ],
          "description": "Azure Active Directory Application"
        },
        "targetConnectionInfo": {
          "oneOf": [
            {
              "$ref": "#/definitions/MiSqlConnectionInfo"
            },
            {
              "$ref": "https://schema.management.azure.com/schemas/common/definitions.json#/definitions/expression"
            }
          ],
          "description": "Properties required to create a connection to Azure SQL database Managed instance"
        }
      },
      "required": [
        "azureApp",
        "targetConnectionInfo"
      ],
      "description": "Input for the task that validates connection to Azure SQL Database Managed Instance online scenario."
    },
    "ConnectToTargetSqlMISyncTaskProperties": {
      "type": "object",
      "properties": {
        "input": {
          "oneOf": [
            {
              "$ref": "#/definitions/ConnectToTargetSqlMISyncTaskInput"
            },
            {
              "$ref": "https://schema.management.azure.com/schemas/common/definitions.json#/definitions/expression"
            }
          ],
          "description": "Input for the task that validates connection to Azure SQL Database Managed Instance online scenario."
        },
        "taskType": {
          "type": "string",
          "enum": [
            "ConnectToTarget.AzureSqlDbMI.Sync.LRS"
          ]
        }
      },
      "required": [
        "taskType"
      ],
      "description": "Properties for the task that validates connection to Azure SQL Database Managed Instance"
    },
    "ConnectToTargetSqlMITaskInput": {
      "type": "object",
      "properties": {
        "targetConnectionInfo": {
          "oneOf": [
            {
              "$ref": "#/definitions/SqlConnectionInfo"
            },
            {
              "$ref": "https://schema.management.azure.com/schemas/common/definitions.json#/definitions/expression"
            }
          ],
          "description": "Information for connecting to SQL database server"
        }
      },
      "required": [
        "targetConnectionInfo"
      ],
      "description": "Input for the task that validates connection to Azure SQL Database Managed Instance."
    },
    "ConnectToTargetSqlMITaskProperties": {
      "type": "object",
      "properties": {
        "input": {
          "oneOf": [
            {
              "$ref": "#/definitions/ConnectToTargetSqlMITaskInput"
            },
            {
              "$ref": "https://schema.management.azure.com/schemas/common/definitions.json#/definitions/expression"
            }
          ],
          "description": "Input for the task that validates connection to Azure SQL Database Managed Instance."
        },
        "taskType": {
          "type": "string",
          "enum": [
            "ConnectToTarget.AzureSqlDbMI"
          ]
        }
      },
      "required": [
        "taskType"
      ],
      "description": "Properties for the task that validates connection to Azure SQL Database Managed Instance"
    },
    "ConnectToTargetSqlSqlDbSyncTaskInput": {
      "type": "object",
      "properties": {
        "sourceConnectionInfo": {
          "oneOf": [
            {
              "$ref": "#/definitions/SqlConnectionInfo"
            },
            {
              "$ref": "https://schema.management.azure.com/schemas/common/definitions.json#/definitions/expression"
            }
          ],
          "description": "Information for connecting to SQL database server"
        },
        "targetConnectionInfo": {
          "oneOf": [
            {
              "$ref": "#/definitions/SqlConnectionInfo"
            },
            {
              "$ref": "https://schema.management.azure.com/schemas/common/definitions.json#/definitions/expression"
            }
          ],
          "description": "Information for connecting to SQL database server"
        }
      },
      "required": [
        "sourceConnectionInfo",
        "targetConnectionInfo"
      ],
      "description": "Input for the task that validates connection to Azure SQL DB and target server requirements"
    },
    "ConnectToTargetSqlSqlDbSyncTaskProperties": {
      "type": "object",
      "properties": {
        "input": {
          "oneOf": [
            {
              "$ref": "#/definitions/ConnectToTargetSqlSqlDbSyncTaskInput"
            },
            {
              "$ref": "https://schema.management.azure.com/schemas/common/definitions.json#/definitions/expression"
            }
          ],
          "description": "Input for the task that validates connection to Azure SQL DB and target server requirements"
        },
        "taskType": {
          "type": "string",
          "enum": [
            "ConnectToTarget.SqlDb.Sync"
          ]
        }
      },
      "required": [
        "taskType"
      ],
      "description": "Properties for the task that validates connection to SQL DB and target server requirements for online migration"
    },
    "DatabaseInfo": {
      "type": "object",
      "properties": {
        "sourceDatabaseName": {
          "type": "string",
          "description": "Name of the database"
        }
      },
      "required": [
        "sourceDatabaseName"
      ],
      "description": "Project Database Details"
    },
    "DataMigrationServiceProperties": {
      "type": "object",
      "properties": {
        "publicKey": {
          "type": "string",
          "description": "The public key of the service, used to encrypt secrets sent to the service"
        },
        "virtualSubnetId": {
          "type": "string",
          "description": "The ID of the Microsoft.Network/virtualNetworks/subnets resource to which the service should be joined"
        }
      },
      "required": [
        "virtualSubnetId"
      ],
      "description": "Properties of the Data Migration service instance"
    },
    "FileShare": {
      "type": "object",
      "properties": {
        "password": {
          "type": "string",
          "description": "Password credential used to connect to the share location."
        },
        "path": {
          "type": "string",
          "description": "The folder path for this share."
        },
        "userName": {
          "type": "string",
          "description": "User name credential to connect to the share location"
        }
      },
      "required": [
        "path"
      ],
      "description": "File share information with Path, Username, and Password."
    },
    "GetTdeCertificatesSqlTaskInput": {
      "type": "object",
      "properties": {
        "backupFileShare": {
          "oneOf": [
            {
              "$ref": "#/definitions/FileShare"
            },
            {
              "$ref": "https://schema.management.azure.com/schemas/common/definitions.json#/definitions/expression"
            }
          ],
          "description": "File share information with Path, Username, and Password."
        },
        "connectionInfo": {
          "oneOf": [
            {
              "$ref": "#/definitions/SqlConnectionInfo"
            },
            {
              "$ref": "https://schema.management.azure.com/schemas/common/definitions.json#/definitions/expression"
            }
          ],
          "description": "Information for connecting to SQL database server"
        },
        "selectedCertificates": {
          "oneOf": [
            {
              "type": "array",
              "items": {
                "$ref": "#/definitions/SelectedCertificateInput"
              }
            },
            {
              "$ref": "https://schema.management.azure.com/schemas/common/definitions.json#/definitions/expression"
            }
          ],
          "description": "List containing certificate names and corresponding password to use for encrypting the exported certificate."
        }
      },
      "required": [
        "backupFileShare",
        "connectionInfo",
        "selectedCertificates"
      ],
      "description": "Input for the task that gets TDE certificates in Base64 encoded format."
    },
    "GetTdeCertificatesSqlTaskProperties": {
      "type": "object",
      "properties": {
        "input": {
          "oneOf": [
            {
              "$ref": "#/definitions/GetTdeCertificatesSqlTaskInput"
            },
            {
              "$ref": "https://schema.management.azure.com/schemas/common/definitions.json#/definitions/expression"
            }
          ],
          "description": "Input for the task that gets TDE certificates in Base64 encoded format."
        },
        "taskType": {
          "type": "string",
          "enum": [
            "GetTDECertificates.Sql"
          ]
        }
      },
      "required": [
        "taskType"
      ],
      "description": "Properties for the task that gets TDE certificates in Base64 encoded format."
    },
    "GetUserTablesSqlSyncTaskInput": {
      "type": "object",
      "properties": {
        "selectedSourceDatabases": {
          "oneOf": [
            {
              "type": "array",
              "items": {
                "type": "string"
              }
            },
            {
              "$ref": "https://schema.management.azure.com/schemas/common/definitions.json#/definitions/expression"
            }
          ],
          "description": "List of source database names to collect tables for"
        },
        "selectedTargetDatabases": {
          "oneOf": [
            {
              "type": "array",
              "items": {
                "type": "string"
              }
            },
            {
              "$ref": "https://schema.management.azure.com/schemas/common/definitions.json#/definitions/expression"
            }
          ],
          "description": "List of target database names to collect tables for"
        },
        "sourceConnectionInfo": {
          "oneOf": [
            {
              "$ref": "#/definitions/SqlConnectionInfo"
            },
            {
              "$ref": "https://schema.management.azure.com/schemas/common/definitions.json#/definitions/expression"
            }
          ],
          "description": "Information for connecting to SQL database server"
        },
        "targetConnectionInfo": {
          "oneOf": [
            {
              "$ref": "#/definitions/SqlConnectionInfo"
            },
            {
              "$ref": "https://schema.management.azure.com/schemas/common/definitions.json#/definitions/expression"
            }
          ],
          "description": "Information for connecting to SQL database server"
        }
      },
      "required": [
        "selectedSourceDatabases",
        "selectedTargetDatabases",
        "sourceConnectionInfo",
        "targetConnectionInfo"
      ],
      "description": "Input for the task that collects user tables for the given list of databases"
    },
    "GetUserTablesSqlSyncTaskProperties": {
      "type": "object",
      "properties": {
        "input": {
          "oneOf": [
            {
              "$ref": "#/definitions/GetUserTablesSqlSyncTaskInput"
            },
            {
              "$ref": "https://schema.management.azure.com/schemas/common/definitions.json#/definitions/expression"
            }
          ],
          "description": "Input for the task that collects user tables for the given list of databases"
        },
        "taskType": {
          "type": "string",
          "enum": [
            "GetUserTables.AzureSqlDb.Sync"
          ]
        }
      },
      "required": [
        "taskType"
      ],
      "description": "Properties for the task that collects user tables for the given list of databases"
    },
    "GetUserTablesSqlTaskInput": {
      "type": "object",
      "properties": {
        "connectionInfo": {
          "oneOf": [
            {
              "$ref": "#/definitions/SqlConnectionInfo"
            },
            {
              "$ref": "https://schema.management.azure.com/schemas/common/definitions.json#/definitions/expression"
            }
          ],
          "description": "Information for connecting to SQL database server"
        },
        "selectedDatabases": {
          "oneOf": [
            {
              "type": "array",
              "items": {
                "type": "string"
              }
            },
            {
              "$ref": "https://schema.management.azure.com/schemas/common/definitions.json#/definitions/expression"
            }
          ],
          "description": "List of database names to collect tables for"
        }
      },
      "required": [
        "connectionInfo",
        "selectedDatabases"
      ],
      "description": "Input for the task that collects user tables for the given list of databases"
    },
    "GetUserTablesSqlTaskProperties": {
      "type": "object",
      "properties": {
        "input": {
          "oneOf": [
            {
              "$ref": "#/definitions/GetUserTablesSqlTaskInput"
            },
            {
              "$ref": "https://schema.management.azure.com/schemas/common/definitions.json#/definitions/expression"
            }
          ],
          "description": "Input for the task that collects user tables for the given list of databases"
        },
        "taskType": {
          "type": "string",
          "enum": [
            "GetUserTables.Sql"
          ]
        }
      },
      "required": [
        "taskType"
      ],
      "description": "Properties for the task that collects user tables for the given list of databases"
    },
    "MigrateMySqlAzureDbForMySqlSyncDatabaseInput": {
      "type": "object",
      "properties": {
        "migrationSetting": {
          "oneOf": [
            {
              "type": "object",
              "additionalProperties": {
                "type": "string"
              },
              "properties": {}
            },
            {
              "$ref": "https://schema.management.azure.com/schemas/common/definitions.json#/definitions/expression"
            }
          ],
          "description": "Migration settings which tune the migration behavior"
        },
        "name": {
          "type": "string",
          "description": "Name of the database"
        },
        "sourceSetting": {
          "oneOf": [
            {
              "type": "object",
              "additionalProperties": {
                "type": "string"
              },
              "properties": {}
            },
            {
              "$ref": "https://schema.management.azure.com/schemas/common/definitions.json#/definitions/expression"
            }
          ],
          "description": "Source settings to tune source endpoint migration behavior"
        },
        "targetDatabaseName": {
          "type": "string",
          "description": "Name of target database. Note: Target database will be truncated before starting migration."
        },
        "targetSetting": {
          "oneOf": [
            {
              "type": "object",
              "additionalProperties": {
                "type": "string"
              },
              "properties": {}
            },
            {
              "$ref": "https://schema.management.azure.com/schemas/common/definitions.json#/definitions/expression"
            }
          ],
          "description": "Target settings to tune target endpoint migration behavior"
        }
      },
      "description": "Database specific information for MySQL to Azure Database for MySQL migration task inputs"
    },
    "MigrateMySqlAzureDbForMySqlSyncTaskInput": {
      "type": "object",
      "properties": {
        "selectedDatabases": {
          "oneOf": [
            {
              "type": "array",
              "items": {
                "$ref": "#/definitions/MigrateMySqlAzureDbForMySqlSyncDatabaseInput"
              }
            },
            {
              "$ref": "https://schema.management.azure.com/schemas/common/definitions.json#/definitions/expression"
            }
          ],
          "description": "Databases to migrate"
        },
        "sourceConnectionInfo": {
          "oneOf": [
            {
              "$ref": "#/definitions/MySqlConnectionInfo"
            },
            {
              "$ref": "https://schema.management.azure.com/schemas/common/definitions.json#/definitions/expression"
            }
          ],
          "description": "Information for connecting to MySQL server"
        },
        "targetConnectionInfo": {
          "oneOf": [
            {
              "$ref": "#/definitions/MySqlConnectionInfo"
            },
            {
              "$ref": "https://schema.management.azure.com/schemas/common/definitions.json#/definitions/expression"
            }
          ],
          "description": "Information for connecting to MySQL server"
        }
      },
      "required": [
        "selectedDatabases",
        "sourceConnectionInfo",
        "targetConnectionInfo"
      ],
      "description": "Input for the task that migrates MySQL databases to Azure Database for MySQL for online migrations"
    },
    "MigrateMySqlAzureDbForMySqlSyncTaskProperties": {
      "type": "object",
      "properties": {
        "input": {
          "oneOf": [
            {
              "$ref": "#/definitions/MigrateMySqlAzureDbForMySqlSyncTaskInput"
            },
            {
              "$ref": "https://schema.management.azure.com/schemas/common/definitions.json#/definitions/expression"
            }
          ],
          "description": "Input for the task that migrates MySQL databases to Azure Database for MySQL for online migrations"
        },
        "taskType": {
          "type": "string",
          "enum": [
            "Migrate.MySql.AzureDbForMySql.Sync"
          ]
        }
      },
      "required": [
        "taskType"
      ],
      "description": "Properties for the task that migrates MySQL databases to Azure Database for MySQL for online migrations"
    },
    "MigratePostgreSqlAzureDbForPostgreSqlSyncDatabaseInput": {
      "type": "object",
      "properties": {
        "migrationSetting": {
          "oneOf": [
            {
              "type": "object",
              "additionalProperties": {
                "type": "string"
              },
              "properties": {}
            },
            {
              "$ref": "https://schema.management.azure.com/schemas/common/definitions.json#/definitions/expression"
            }
          ],
          "description": "Migration settings which tune the migration behavior"
        },
        "name": {
          "type": "string",
          "description": "Name of the database"
        },
        "sourceSetting": {
          "oneOf": [
            {
              "type": "object",
              "additionalProperties": {
                "type": "string"
              },
              "properties": {}
            },
            {
              "$ref": "https://schema.management.azure.com/schemas/common/definitions.json#/definitions/expression"
            }
          ],
          "description": "Source settings to tune source endpoint migration behavior"
        },
        "targetDatabaseName": {
          "type": "string",
          "description": "Name of target database. Note: Target database will be truncated before starting migration."
        },
        "targetSetting": {
          "oneOf": [
            {
              "type": "object",
              "additionalProperties": {
                "type": "string"
              },
              "properties": {}
            },
            {
              "$ref": "https://schema.management.azure.com/schemas/common/definitions.json#/definitions/expression"
            }
          ],
          "description": "Target settings to tune target endpoint migration behavior"
        }
      },
      "description": "Database specific information for PostgreSQL to Azure Database for PostgreSQL migration task inputs"
    },
    "MigratePostgreSqlAzureDbForPostgreSqlSyncTaskInput": {
      "type": "object",
      "properties": {
        "selectedDatabases": {
          "oneOf": [
            {
              "type": "array",
              "items": {
                "$ref": "#/definitions/MigratePostgreSqlAzureDbForPostgreSqlSyncDatabaseInput"
              }
            },
            {
              "$ref": "https://schema.management.azure.com/schemas/common/definitions.json#/definitions/expression"
            }
          ],
          "description": "Databases to migrate"
        },
        "sourceConnectionInfo": {
          "oneOf": [
            {
              "$ref": "#/definitions/PostgreSqlConnectionInfo"
            },
            {
              "$ref": "https://schema.management.azure.com/schemas/common/definitions.json#/definitions/expression"
            }
          ],
          "description": "Information for connecting to PostgreSQL server"
        },
        "targetConnectionInfo": {
          "oneOf": [
            {
              "$ref": "#/definitions/PostgreSqlConnectionInfo"
            },
            {
              "$ref": "https://schema.management.azure.com/schemas/common/definitions.json#/definitions/expression"
            }
          ],
          "description": "Information for connecting to PostgreSQL server"
        }
      },
      "required": [
        "selectedDatabases",
        "sourceConnectionInfo",
        "targetConnectionInfo"
      ],
      "description": "Input for the task that migrates PostgreSQL databases to Azure Database for PostgreSQL for online migrations"
    },
    "MigratePostgreSqlAzureDbForPostgreSqlSyncTaskProperties": {
      "type": "object",
      "properties": {
        "input": {
          "oneOf": [
            {
              "$ref": "#/definitions/MigratePostgreSqlAzureDbForPostgreSqlSyncTaskInput"
            },
            {
              "$ref": "https://schema.management.azure.com/schemas/common/definitions.json#/definitions/expression"
            }
          ],
          "description": "Input for the task that migrates PostgreSQL databases to Azure Database for PostgreSQL for online migrations"
        },
        "taskType": {
          "type": "string",
          "enum": [
            "Migrate.PostgreSql.AzureDbForPostgreSql.Sync"
          ]
        }
      },
      "required": [
        "taskType"
      ],
      "description": "Properties for the task that migrates PostgreSQL databases to Azure Database for PostgreSQL for online migrations"
    },
    "MigrateSqlServerSqlDbDatabaseInput": {
      "type": "object",
      "properties": {
        "makeSourceDbReadOnly": {
          "oneOf": [
            {
              "type": "boolean"
            },
            {
              "$ref": "https://schema.management.azure.com/schemas/common/definitions.json#/definitions/expression"
            }
          ],
          "description": "Whether to set database read only before migration"
        },
        "name": {
          "type": "string",
          "description": "Name of the database"
        },
        "tableMap": {
          "oneOf": [
            {
              "type": "object",
              "additionalProperties": {
                "type": "string"
              },
              "properties": {}
            },
            {
              "$ref": "https://schema.management.azure.com/schemas/common/definitions.json#/definitions/expression"
            }
          ],
          "description": "Mapping of source to target tables"
        },
        "targetDatabaseName": {
          "type": "string",
          "description": "Name of target database. Note: Target database will be truncated before starting migration."
        }
      },
      "description": "Database specific information for SQL to Azure SQL DB migration task inputs"
    },
    "MigrateSqlServerSqlDbSyncDatabaseInput": {
      "type": "object",
      "properties": {
        "id": {
          "type": "string",
          "description": "Unique identifier for database"
        },
        "migrationSetting": {
          "oneOf": [
            {
              "type": "object",
              "additionalProperties": {
                "type": "string"
              },
              "properties": {}
            },
            {
              "$ref": "https://schema.management.azure.com/schemas/common/definitions.json#/definitions/expression"
            }
          ],
          "description": "Migration settings which tune the migration behavior"
        },
        "name": {
          "type": "string",
          "description": "Name of database"
        },
        "schemaName": {
          "type": "string",
          "description": "Schema name to be migrated"
        },
        "sourceSetting": {
          "oneOf": [
            {
              "type": "object",
              "additionalProperties": {
                "type": "string"
              },
              "properties": {}
            },
            {
              "$ref": "https://schema.management.azure.com/schemas/common/definitions.json#/definitions/expression"
            }
          ],
          "description": "Source settings to tune source endpoint migration behavior"
        },
        "tableMap": {
          "oneOf": [
            {
              "type": "object",
              "additionalProperties": {
                "type": "string"
              },
              "properties": {}
            },
            {
              "$ref": "https://schema.management.azure.com/schemas/common/definitions.json#/definitions/expression"
            }
          ],
          "description": "Mapping of source to target tables"
        },
        "targetDatabaseName": {
          "type": "string",
          "description": "Target database name"
        },
        "targetSetting": {
          "oneOf": [
            {
              "type": "object",
              "additionalProperties": {
                "type": "string"
              },
              "properties": {}
            },
            {
              "$ref": "https://schema.management.azure.com/schemas/common/definitions.json#/definitions/expression"
            }
          ],
          "description": "Target settings to tune target endpoint migration behavior"
        }
      },
      "description": "Database specific information for SQL to Azure SQL DB sync migration task inputs"
    },
    "MigrateSqlServerSqlDbSyncTaskInput": {
      "type": "object",
      "properties": {
        "selectedDatabases": {
          "oneOf": [
            {
              "type": "array",
              "items": {
                "$ref": "#/definitions/MigrateSqlServerSqlDbSyncDatabaseInput"
              }
            },
            {
              "$ref": "https://schema.management.azure.com/schemas/common/definitions.json#/definitions/expression"
            }
          ],
          "description": "Databases to migrate"
        },
        "sourceConnectionInfo": {
          "oneOf": [
            {
              "$ref": "#/definitions/SqlConnectionInfo"
            },
            {
              "$ref": "https://schema.management.azure.com/schemas/common/definitions.json#/definitions/expression"
            }
          ],
          "description": "Information for connecting to SQL database server"
        },
        "targetConnectionInfo": {
          "oneOf": [
            {
              "$ref": "#/definitions/SqlConnectionInfo"
            },
            {
              "$ref": "https://schema.management.azure.com/schemas/common/definitions.json#/definitions/expression"
            }
          ],
          "description": "Information for connecting to SQL database server"
        },
        "validationOptions": {
          "oneOf": [
            {
              "$ref": "#/definitions/MigrationValidationOptions"
            },
            {
              "$ref": "https://schema.management.azure.com/schemas/common/definitions.json#/definitions/expression"
            }
          ],
          "description": "Types of validations to run after the migration"
        }
      },
      "required": [
        "selectedDatabases",
        "sourceConnectionInfo",
        "targetConnectionInfo"
      ],
      "description": "Input for the task that migrates on-prem SQL Server databases to Azure SQL Database for online migrations"
    },
    "MigrateSqlServerSqlDbSyncTaskProperties": {
      "type": "object",
      "properties": {
        "input": {
          "oneOf": [
            {
              "$ref": "#/definitions/MigrateSqlServerSqlDbSyncTaskInput"
            },
            {
              "$ref": "https://schema.management.azure.com/schemas/common/definitions.json#/definitions/expression"
            }
          ],
          "description": "Input for the task that migrates on-prem SQL Server databases to Azure SQL Database for online migrations"
        },
        "taskType": {
          "type": "string",
          "enum": [
            "Migrate.SqlServer.AzureSqlDb.Sync"
          ]
        }
      },
      "required": [
        "taskType"
      ],
      "description": "Properties for the task that migrates on-prem SQL Server databases to Azure SQL Database for online migrations"
    },
    "MigrateSqlServerSqlDbTaskInput": {
      "type": "object",
      "properties": {
        "selectedDatabases": {
          "oneOf": [
            {
              "type": "array",
              "items": {
                "$ref": "#/definitions/MigrateSqlServerSqlDbDatabaseInput"
              }
            },
            {
              "$ref": "https://schema.management.azure.com/schemas/common/definitions.json#/definitions/expression"
            }
          ],
          "description": "Databases to migrate"
        },
        "sourceConnectionInfo": {
          "oneOf": [
            {
              "$ref": "#/definitions/SqlConnectionInfo"
            },
            {
              "$ref": "https://schema.management.azure.com/schemas/common/definitions.json#/definitions/expression"
            }
          ],
          "description": "Information for connecting to SQL database server"
        },
        "targetConnectionInfo": {
          "oneOf": [
            {
              "$ref": "#/definitions/SqlConnectionInfo"
            },
            {
              "$ref": "https://schema.management.azure.com/schemas/common/definitions.json#/definitions/expression"
            }
          ],
          "description": "Information for connecting to SQL database server"
        },
        "validationOptions": {
          "oneOf": [
            {
              "$ref": "#/definitions/MigrationValidationOptions"
            },
            {
              "$ref": "https://schema.management.azure.com/schemas/common/definitions.json#/definitions/expression"
            }
          ],
          "description": "Types of validations to run after the migration"
        }
      },
      "required": [
        "selectedDatabases",
        "sourceConnectionInfo",
        "targetConnectionInfo"
      ],
      "description": "Input for the task that migrates on-prem SQL Server databases to Azure SQL Database"
    },
    "MigrateSqlServerSqlDbTaskProperties": {
      "type": "object",
      "properties": {
        "input": {
          "oneOf": [
            {
              "$ref": "#/definitions/MigrateSqlServerSqlDbTaskInput"
            },
            {
              "$ref": "https://schema.management.azure.com/schemas/common/definitions.json#/definitions/expression"
            }
          ],
          "description": "Input for the task that migrates on-prem SQL Server databases to Azure SQL Database"
        },
        "taskType": {
          "type": "string",
          "enum": [
            "Migrate.SqlServer.SqlDb"
          ]
        }
      },
      "required": [
        "taskType"
      ],
      "description": "Properties for the task that migrates on-prem SQL Server databases to Azure SQL Database"
    },
    "MigrateSqlServerSqlMIDatabaseInput": {
      "type": "object",
      "properties": {
        "backupFilePaths": {
          "oneOf": [
            {
              "type": "array",
              "items": {
                "type": "string"
              }
            },
            {
              "$ref": "https://schema.management.azure.com/schemas/common/definitions.json#/definitions/expression"
            }
          ],
          "description": "The list of backup files to be used in case of existing backups."
        },
        "backupFileShare": {
          "oneOf": [
            {
              "$ref": "#/definitions/FileShare"
            },
            {
              "$ref": "https://schema.management.azure.com/schemas/common/definitions.json#/definitions/expression"
            }
          ],
          "description": "File share information with Path, Username, and Password."
        },
        "name": {
          "type": "string",
          "description": "Name of the database"
        },
        "restoreDatabaseName": {
          "type": "string",
          "description": "Name of the database at destination"
        }
      },
      "required": [
        "name",
        "restoreDatabaseName"
      ],
      "description": "Database specific information for SQL to Azure SQL DB Managed Instance migration task inputs"
    },
    "MigrateSqlServerSqlMISyncTaskInput": {
      "type": "object",
      "properties": {
        "azureApp": {
          "oneOf": [
            {
              "$ref": "#/definitions/AzureActiveDirectoryApp"
            },
            {
              "$ref": "https://schema.management.azure.com/schemas/common/definitions.json#/definitions/expression"
            }
          ],
          "description": "Azure Active Directory Application"
        },
        "backupFileShare": {
          "oneOf": [
            {
              "$ref": "#/definitions/FileShare"
            },
            {
              "$ref": "https://schema.management.azure.com/schemas/common/definitions.json#/definitions/expression"
            }
          ],
          "description": "File share information with Path, Username, and Password."
        },
        "selectedDatabases": {
          "oneOf": [
            {
              "type": "array",
              "items": {
                "$ref": "#/definitions/MigrateSqlServerSqlMIDatabaseInput"
              }
            },
            {
              "$ref": "https://schema.management.azure.com/schemas/common/definitions.json#/definitions/expression"
            }
          ],
          "description": "Databases to migrate"
        },
        "sourceConnectionInfo": {
          "oneOf": [
            {
              "$ref": "#/definitions/SqlConnectionInfo"
            },
            {
              "$ref": "https://schema.management.azure.com/schemas/common/definitions.json#/definitions/expression"
            }
          ],
          "description": "Information for connecting to SQL database server"
        },
        "storageResourceId": {
          "type": "string",
          "description": "Fully qualified resourceId of storage"
        },
        "targetConnectionInfo": {
          "oneOf": [
            {
              "$ref": "#/definitions/MiSqlConnectionInfo"
            },
            {
              "$ref": "https://schema.management.azure.com/schemas/common/definitions.json#/definitions/expression"
            }
          ],
          "description": "Properties required to create a connection to Azure SQL database Managed instance"
        }
      },
      "required": [
        "azureApp",
        "selectedDatabases",
        "sourceConnectionInfo",
        "storageResourceId",
        "targetConnectionInfo"
      ],
      "description": "Input for task that migrates SQL Server databases to Azure SQL Database Managed Instance online scenario."
    },
    "MigrateSqlServerSqlMISyncTaskProperties": {
      "type": "object",
      "properties": {
        "input": {
          "oneOf": [
            {
              "$ref": "#/definitions/MigrateSqlServerSqlMISyncTaskInput"
            },
            {
              "$ref": "https://schema.management.azure.com/schemas/common/definitions.json#/definitions/expression"
            }
          ],
          "description": "Input for task that migrates SQL Server databases to Azure SQL Database Managed Instance online scenario."
        },
        "taskType": {
          "type": "string",
          "enum": [
            "Migrate.SqlServer.AzureSqlDbMI.Sync.LRS"
          ]
        }
      },
      "required": [
        "taskType"
      ],
      "description": "Properties for task that migrates SQL Server databases to Azure SQL Database Managed Instance sync scenario"
    },
    "MigrateSqlServerSqlMITaskInput": {
      "type": "object",
      "properties": {
        "backupBlobShare": {
          "oneOf": [
            {
              "$ref": "#/definitions/BlobShare"
            },
            {
              "$ref": "https://schema.management.azure.com/schemas/common/definitions.json#/definitions/expression"
            }
          ],
          "description": "Blob container storage information."
        },
        "backupFileShare": {
          "oneOf": [
            {
              "$ref": "#/definitions/FileShare"
            },
            {
              "$ref": "https://schema.management.azure.com/schemas/common/definitions.json#/definitions/expression"
            }
          ],
          "description": "File share information with Path, Username, and Password."
        },
        "backupMode": {
          "oneOf": [
            {
              "type": "string",
              "enum": [
                "CreateBackup",
                "ExistingBackup"
              ]
            },
            {
              "$ref": "https://schema.management.azure.com/schemas/common/definitions.json#/definitions/expression"
            }
          ],
          "description": "Backup Mode to specify whether to use existing backup or create new backup. If using existing backups, backup file paths are required to be provided in selectedDatabases."
        },
        "selectedAgentJobs": {
          "oneOf": [
            {
              "type": "array",
              "items": {
                "type": "string"
              }
            },
            {
              "$ref": "https://schema.management.azure.com/schemas/common/definitions.json#/definitions/expression"
            }
          ],
          "description": "Agent Jobs to migrate."
        },
        "selectedDatabases": {
          "oneOf": [
            {
              "type": "array",
              "items": {
                "$ref": "#/definitions/MigrateSqlServerSqlMIDatabaseInput"
              }
            },
            {
              "$ref": "https://schema.management.azure.com/schemas/common/definitions.json#/definitions/expression"
            }
          ],
          "description": "Databases to migrate"
        },
        "selectedLogins": {
          "oneOf": [
            {
              "type": "array",
              "items": {
                "type": "string"
              }
            },
            {
              "$ref": "https://schema.management.azure.com/schemas/common/definitions.json#/definitions/expression"
            }
          ],
          "description": "Logins to migrate."
        },
        "sourceConnectionInfo": {
          "oneOf": [
            {
              "$ref": "#/definitions/SqlConnectionInfo"
            },
            {
              "$ref": "https://schema.management.azure.com/schemas/common/definitions.json#/definitions/expression"
            }
          ],
          "description": "Information for connecting to SQL database server"
        },
        "targetConnectionInfo": {
          "oneOf": [
            {
              "$ref": "#/definitions/SqlConnectionInfo"
            },
            {
              "$ref": "https://schema.management.azure.com/schemas/common/definitions.json#/definitions/expression"
            }
          ],
          "description": "Information for connecting to SQL database server"
        }
      },
      "required": [
        "backupBlobShare",
        "selectedDatabases",
        "sourceConnectionInfo",
        "targetConnectionInfo"
      ],
      "description": "Input for task that migrates SQL Server databases to Azure SQL Database Managed Instance."
    },
    "MigrateSqlServerSqlMITaskProperties": {
      "type": "object",
      "properties": {
        "input": {
          "oneOf": [
            {
              "$ref": "#/definitions/MigrateSqlServerSqlMITaskInput"
            },
            {
              "$ref": "https://schema.management.azure.com/schemas/common/definitions.json#/definitions/expression"
            }
          ],
          "description": "Input for task that migrates SQL Server databases to Azure SQL Database Managed Instance."
        },
        "taskType": {
          "type": "string",
          "enum": [
            "Migrate.SqlServer.AzureSqlDbMI"
          ]
        }
      },
      "required": [
        "taskType"
      ],
      "description": "Properties for task that migrates SQL Server databases to Azure SQL Database Managed Instance"
    },
    "MigrationValidationOptions": {
      "type": "object",
      "properties": {
        "enableDataIntegrityValidation": {
          "oneOf": [
            {
              "type": "boolean"
            },
            {
              "$ref": "https://schema.management.azure.com/schemas/common/definitions.json#/definitions/expression"
            }
          ],
          "description": "Allows to perform a checksum based data integrity validation between source and target for the selected database / tables ."
        },
        "enableQueryAnalysisValidation": {
          "oneOf": [
            {
              "type": "boolean"
            },
            {
              "$ref": "https://schema.management.azure.com/schemas/common/definitions.json#/definitions/expression"
            }
          ],
          "description": "Allows to perform a quick and intelligent query analysis by retrieving queries from the source database and executes them in the target. The result will have execution statistics for executions in source and target databases for the extracted queries."
        },
        "enableSchemaValidation": {
          "oneOf": [
            {
              "type": "boolean"
            },
            {
              "$ref": "https://schema.management.azure.com/schemas/common/definitions.json#/definitions/expression"
            }
          ],
          "description": "Allows to compare the schema information between source and target."
        }
      },
      "description": "Types of validations to run after the migration"
    },
    "MiSqlConnectionInfo": {
      "type": "object",
      "properties": {
        "managedInstanceResourceId": {
          "type": "string",
          "description": "Resource id for Azure SQL database Managed instance"
        },
        "password": {
          "type": "string",
          "description": "Password credential."
        },
        "type": {
          "type": "string",
          "enum": [
            "MiSqlConnectionInfo"
          ]
        },
        "userName": {
          "type": "string",
          "description": "User name"
        }
      },
      "required": [
        "managedInstanceResourceId",
        "type"
      ],
      "description": "Properties required to create a connection to Azure SQL database Managed instance"
    },
    "MySqlConnectionInfo": {
      "type": "object",
      "properties": {
        "password": {
          "type": "string",
          "description": "Password credential."
        },
        "port": {
          "oneOf": [
            {
              "type": "integer"
            },
            {
              "$ref": "https://schema.management.azure.com/schemas/common/definitions.json#/definitions/expression"
            }
          ],
          "description": "Port for Server"
        },
        "serverName": {
          "type": "string",
          "description": "Name of the server"
        },
        "type": {
          "type": "string",
          "enum": [
            "MySqlConnectionInfo"
          ]
        },
        "userName": {
          "type": "string",
          "description": "User name"
        }
      },
      "required": [
        "port",
        "serverName",
        "type"
      ],
      "description": "Information for connecting to MySQL server"
    },
    "PostgreSqlConnectionInfo": {
      "type": "object",
      "properties": {
        "databaseName": {
          "type": "string",
          "description": "Name of the database"
        },
        "password": {
          "type": "string",
          "description": "Password credential."
        },
        "port": {
          "oneOf": [
            {
              "type": "integer"
            },
            {
              "$ref": "https://schema.management.azure.com/schemas/common/definitions.json#/definitions/expression"
            }
          ],
          "description": "Port for Server"
        },
        "serverName": {
          "type": "string",
          "description": "Name of the server"
        },
        "type": {
          "type": "string",
          "enum": [
            "PostgreSqlConnectionInfo"
          ]
        },
        "userName": {
          "type": "string",
          "description": "User name"
        }
      },
      "required": [
        "port",
        "serverName",
        "type"
      ],
      "description": "Information for connecting to PostgreSQL server"
    },
    "ProjectProperties": {
      "type": "object",
      "properties": {
        "databasesInfo": {
          "oneOf": [
            {
              "type": "array",
              "items": {
                "$ref": "#/definitions/DatabaseInfo"
              }
            },
            {
              "$ref": "https://schema.management.azure.com/schemas/common/definitions.json#/definitions/expression"
            }
          ],
          "description": "List of DatabaseInfo"
        },
        "sourceConnectionInfo": {
          "oneOf": [
            {
              "$ref": "#/definitions/ConnectionInfo"
            },
            {
              "$ref": "https://schema.management.azure.com/schemas/common/definitions.json#/definitions/expression"
            }
          ],
          "description": "Defines the connection properties of a server"
        },
        "sourcePlatform": {
          "oneOf": [
            {
              "type": "string",
              "enum": [
                "SQL",
                "Unknown"
              ]
            },
            {
              "$ref": "https://schema.management.azure.com/schemas/common/definitions.json#/definitions/expression"
            }
          ],
          "description": "Source platform for the project."
        },
        "targetConnectionInfo": {
          "oneOf": [
            {
              "$ref": "#/definitions/ConnectionInfo"
            },
            {
              "$ref": "https://schema.management.azure.com/schemas/common/definitions.json#/definitions/expression"
            }
          ],
          "description": "Defines the connection properties of a server"
        },
        "targetPlatform": {
          "oneOf": [
            {
              "type": "string",
              "enum": [
                "SQLDB",
                "Unknown"
              ]
            },
            {
              "$ref": "https://schema.management.azure.com/schemas/common/definitions.json#/definitions/expression"
            }
          ],
          "description": "Target platform for the project."
        }
      },
      "required": [
        "sourcePlatform",
        "targetPlatform"
      ],
      "description": "Project-specific properties"
    },
    "ProjectTaskProperties": {
      "type": "object",
      "oneOf": [
        {
          "$ref": "#/definitions/ConnectToSourceMySqlTaskProperties"
        },
        {
          "$ref": "#/definitions/ConnectToSourceSqlServerTaskProperties"
        },
        {
          "$ref": "#/definitions/ConnectToSourceSqlServerSyncTaskProperties"
        },
        {
          "$ref": "#/definitions/ConnectToSourcePostgreSqlSyncTaskProperties"
        },
        {
          "$ref": "#/definitions/ConnectToTargetSqlDbTaskProperties"
        },
        {
          "$ref": "#/definitions/ConnectToTargetSqlSqlDbSyncTaskProperties"
        },
        {
          "$ref": "#/definitions/ConnectToTargetAzureDbForPostgreSqlSyncTaskProperties"
        },
        {
          "$ref": "#/definitions/GetUserTablesSqlTaskProperties"
        },
        {
          "$ref": "#/definitions/GetUserTablesSqlSyncTaskProperties"
        },
        {
          "$ref": "#/definitions/ConnectToTargetSqlMITaskProperties"
        },
        {
          "$ref": "#/definitions/ConnectToTargetSqlMISyncTaskProperties"
        },
        {
          "$ref": "#/definitions/ConnectToTargetAzureDbForMySqlTaskProperties"
        },
        {
          "$ref": "#/definitions/MigrateSqlServerSqlMITaskProperties"
        },
        {
          "$ref": "#/definitions/MigrateSqlServerSqlMISyncTaskProperties"
        },
        {
          "$ref": "#/definitions/MigrateSqlServerSqlDbTaskProperties"
        },
        {
          "$ref": "#/definitions/MigrateSqlServerSqlDbSyncTaskProperties"
        },
        {
          "$ref": "#/definitions/MigrateMySqlAzureDbForMySqlSyncTaskProperties"
        },
        {
          "$ref": "#/definitions/MigratePostgreSqlAzureDbForPostgreSqlSyncTaskProperties"
        },
        {
          "$ref": "#/definitions/ValidateMigrationInputSqlServerSqlDbSyncTaskProperties"
        },
        {
          "$ref": "#/definitions/ValidateMigrationInputSqlServerSqlMITaskProperties"
        },
        {
          "$ref": "#/definitions/ValidateMigrationInputSqlServerSqlMISyncTaskProperties"
        },
        {
          "$ref": "#/definitions/GetTdeCertificatesSqlTaskProperties"
        }
      ],
      "properties": {},
      "description": "Base class for all types of DMS task properties. If task is not supported by current client, this object is returned."
    },
    "SelectedCertificateInput": {
      "type": "object",
      "properties": {
        "certificateName": {
          "type": "string",
          "description": "Name of certificate to be exported."
        },
        "password": {
          "type": "string",
          "description": "Password to use for encrypting the exported certificate."
        }
      },
      "required": [
        "certificateName",
        "password"
      ],
      "description": "Info for certificate to be exported for TDE enabled databases."
    },
    "ServiceSku": {
      "type": "object",
      "properties": {
        "capacity": {
          "oneOf": [
            {
              "type": "integer"
            },
            {
              "$ref": "https://schema.management.azure.com/schemas/common/definitions.json#/definitions/expression"
            }
          ],
          "description": "The capacity of the SKU, if it supports scaling"
        },
        "family": {
          "type": "string",
          "description": "The SKU family, used when the service has multiple performance classes within a tier, such as 'A', 'D', etc. for virtual machines"
        },
        "name": {
          "type": "string",
          "description": "The unique name of the SKU, such as 'P3'"
        },
        "size": {
          "type": "string",
          "description": "The size of the SKU, used when the name alone does not denote a service size or when a SKU has multiple performance classes within a family, e.g. 'A1' for virtual machines"
        },
        "tier": {
          "type": "string",
          "description": "The tier of the SKU, such as 'Free', 'Basic', 'Standard', or 'Premium'"
        }
      },
      "description": "An Azure SKU instance"
    },
    "services_projects_childResource": {
      "type": "object",
      "properties": {
        "apiVersion": {
          "type": "string",
          "enum": [
            "2018-04-19"
          ]
        },
        "location": {
          "type": "string",
          "description": "Resource location."
        },
        "name": {
          "type": "string",
          "description": "Name of the project"
        },
        "properties": {
          "oneOf": [
            {
              "$ref": "#/definitions/ProjectProperties"
            },
            {
              "$ref": "https://schema.management.azure.com/schemas/common/definitions.json#/definitions/expression"
            }
          ],
          "description": "Project-specific properties"
        },
        "tags": {
          "oneOf": [
            {
              "type": "object",
              "additionalProperties": {
                "type": "string"
              },
              "properties": {}
            },
            {
              "$ref": "https://schema.management.azure.com/schemas/common/definitions.json#/definitions/expression"
            }
          ],
          "description": "Resource tags."
        },
        "type": {
          "type": "string",
          "enum": [
            "projects"
          ]
        }
      },
      "required": [
        "apiVersion",
        "location",
        "name",
        "properties",
        "type"
      ],
      "description": "Microsoft.DataMigration/services/projects"
    },
    "services_projects_tasks_childResource": {
      "type": "object",
      "properties": {
        "apiVersion": {
          "type": "string",
          "enum": [
            "2018-04-19"
          ]
        },
        "etag": {
          "type": "string",
          "description": "HTTP strong entity tag value. This is ignored if submitted."
        },
        "name": {
          "type": "string",
          "description": "Name of the Task"
        },
        "properties": {
          "oneOf": [
            {
              "$ref": "#/definitions/ProjectTaskProperties"
            },
            {
              "$ref": "https://schema.management.azure.com/schemas/common/definitions.json#/definitions/expression"
            }
          ],
          "description": "Base class for all types of DMS task properties. If task is not supported by current client, this object is returned."
        },
        "type": {
          "type": "string",
          "enum": [
            "tasks"
          ]
        }
      },
      "required": [
        "apiVersion",
        "name",
        "properties",
        "type"
      ],
      "description": "Microsoft.DataMigration/services/projects/tasks"
    },
    "SqlConnectionInfo": {
      "type": "object",
      "properties": {
        "additionalSettings": {
          "type": "string",
          "description": "Additional connection settings"
        },
        "authentication": {
          "oneOf": [
            {
              "type": "string",
              "enum": [
                "None",
                "WindowsAuthentication",
                "SqlAuthentication",
                "ActiveDirectoryIntegrated",
                "ActiveDirectoryPassword"
              ]
            },
            {
              "$ref": "https://schema.management.azure.com/schemas/common/definitions.json#/definitions/expression"
            }
          ],
          "description": "Authentication type to use for connection."
        },
        "dataSource": {
          "type": "string",
          "description": "Data source in the format Protocol:MachineName\\SQLServerInstanceName,PortNumber"
        },
        "encryptConnection": {
          "oneOf": [
            {
              "type": "boolean",
              "default": true
            },
            {
              "$ref": "https://schema.management.azure.com/schemas/common/definitions.json#/definitions/expression"
            }
          ],
          "description": "Whether to encrypt the connection"
        },
        "password": {
          "type": "string",
          "description": "Password credential."
        },
        "platform": {
          "oneOf": [
            {
              "type": "string",
              "enum": [
                "SqlOnPrem"
              ]
            },
            {
              "$ref": "https://schema.management.azure.com/schemas/common/definitions.json#/definitions/expression"
            }
          ],
          "description": "Server platform type for connection."
        },
        "trustServerCertificate": {
          "oneOf": [
            {
              "type": "boolean",
              "default": false
            },
            {
              "$ref": "https://schema.management.azure.com/schemas/common/definitions.json#/definitions/expression"
            }
          ],
          "description": "Whether to trust the server certificate"
        },
        "type": {
          "type": "string",
          "enum": [
            "SqlConnectionInfo"
          ]
        },
        "userName": {
          "type": "string",
          "description": "User name"
        }
      },
      "required": [
        "dataSource",
        "type"
      ],
      "description": "Information for connecting to SQL database server"
    },
    "ValidateMigrationInputSqlServerSqlDbSyncTaskProperties": {
      "type": "object",
      "properties": {
        "input": {
          "oneOf": [
            {
              "$ref": "#/definitions/ValidateSyncMigrationInputSqlServerTaskInput"
            },
            {
              "$ref": "https://schema.management.azure.com/schemas/common/definitions.json#/definitions/expression"
            }
          ],
          "description": "Input for task that validates migration input for SQL sync migrations"
        },
        "taskType": {
          "type": "string",
          "enum": [
            "ValidateMigrationInput.SqlServer.SqlDb.Sync"
          ]
        }
      },
      "required": [
        "taskType"
      ],
      "description": "Properties for task that validates migration input for SQL to Azure SQL DB sync migrations"
    },
    "ValidateMigrationInputSqlServerSqlMISyncTaskInput": {
      "type": "object",
      "properties": {
        "azureApp": {
          "oneOf": [
            {
              "$ref": "#/definitions/AzureActiveDirectoryApp"
            },
            {
              "$ref": "https://schema.management.azure.com/schemas/common/definitions.json#/definitions/expression"
            }
          ],
          "description": "Azure Active Directory Application"
        },
        "backupFileShare": {
          "oneOf": [
            {
              "$ref": "#/definitions/FileShare"
            },
            {
              "$ref": "https://schema.management.azure.com/schemas/common/definitions.json#/definitions/expression"
            }
          ],
          "description": "File share information with Path, Username, and Password."
        },
        "selectedDatabases": {
          "oneOf": [
            {
              "type": "array",
              "items": {
                "$ref": "#/definitions/MigrateSqlServerSqlMIDatabaseInput"
              }
            },
            {
              "$ref": "https://schema.management.azure.com/schemas/common/definitions.json#/definitions/expression"
            }
          ],
          "description": "Databases to migrate"
        },
        "sourceConnectionInfo": {
          "oneOf": [
            {
              "$ref": "#/definitions/SqlConnectionInfo"
            },
            {
              "$ref": "https://schema.management.azure.com/schemas/common/definitions.json#/definitions/expression"
            }
          ],
          "description": "Information for connecting to SQL database server"
        },
        "storageResourceId": {
          "type": "string",
          "description": "Fully qualified resourceId of storage"
        },
        "targetConnectionInfo": {
          "oneOf": [
            {
              "$ref": "#/definitions/MiSqlConnectionInfo"
            },
            {
              "$ref": "https://schema.management.azure.com/schemas/common/definitions.json#/definitions/expression"
            }
          ],
          "description": "Properties required to create a connection to Azure SQL database Managed instance"
        }
      },
      "required": [
        "azureApp",
        "selectedDatabases",
        "sourceConnectionInfo",
        "storageResourceId",
        "targetConnectionInfo"
      ],
      "description": "Input for task that migrates SQL Server databases to Azure SQL Database Managed Instance online scenario."
    },
    "ValidateMigrationInputSqlServerSqlMISyncTaskProperties": {
      "type": "object",
      "properties": {
        "input": {
          "oneOf": [
            {
              "$ref": "#/definitions/ValidateMigrationInputSqlServerSqlMISyncTaskInput"
            },
            {
              "$ref": "https://schema.management.azure.com/schemas/common/definitions.json#/definitions/expression"
            }
          ],
          "description": "Input for task that migrates SQL Server databases to Azure SQL Database Managed Instance online scenario."
        },
        "taskType": {
          "type": "string",
          "enum": [
            "ValidateMigrationInput.SqlServer.AzureSqlDbMI.Sync.LRS"
          ]
        }
      },
      "required": [
        "taskType"
      ],
      "description": "Properties for task that validates migration input for SQL to Azure SQL Database Managed Instance sync scenario"
    },
    "ValidateMigrationInputSqlServerSqlMITaskInput": {
      "type": "object",
      "properties": {
        "backupBlobShare": {
          "oneOf": [
            {
              "$ref": "#/definitions/BlobShare"
            },
            {
              "$ref": "https://schema.management.azure.com/schemas/common/definitions.json#/definitions/expression"
            }
          ],
          "description": "Blob container storage information."
        },
        "backupFileShare": {
          "oneOf": [
            {
              "$ref": "#/definitions/FileShare"
            },
            {
              "$ref": "https://schema.management.azure.com/schemas/common/definitions.json#/definitions/expression"
            }
          ],
          "description": "File share information with Path, Username, and Password."
        },
        "backupMode": {
          "oneOf": [
            {
              "type": "string",
              "enum": [
                "CreateBackup",
                "ExistingBackup"
              ]
            },
            {
              "$ref": "https://schema.management.azure.com/schemas/common/definitions.json#/definitions/expression"
            }
          ],
          "description": "Backup Mode to specify whether to use existing backup or create new backup."
        },
        "selectedDatabases": {
          "oneOf": [
            {
              "type": "array",
              "items": {
                "$ref": "#/definitions/MigrateSqlServerSqlMIDatabaseInput"
              }
            },
            {
              "$ref": "https://schema.management.azure.com/schemas/common/definitions.json#/definitions/expression"
            }
          ],
          "description": "Databases to migrate"
        },
        "selectedLogins": {
          "oneOf": [
            {
              "type": "array",
              "items": {
                "type": "string"
              }
            },
            {
              "$ref": "https://schema.management.azure.com/schemas/common/definitions.json#/definitions/expression"
            }
          ],
          "description": "Logins to migrate"
        },
        "sourceConnectionInfo": {
          "oneOf": [
            {
              "$ref": "#/definitions/SqlConnectionInfo"
            },
            {
              "$ref": "https://schema.management.azure.com/schemas/common/definitions.json#/definitions/expression"
            }
          ],
          "description": "Information for connecting to SQL database server"
        },
        "targetConnectionInfo": {
          "oneOf": [
            {
              "$ref": "#/definitions/SqlConnectionInfo"
            },
            {
              "$ref": "https://schema.management.azure.com/schemas/common/definitions.json#/definitions/expression"
            }
          ],
          "description": "Information for connecting to SQL database server"
        }
      },
      "required": [
        "backupBlobShare",
        "selectedDatabases",
        "sourceConnectionInfo",
        "targetConnectionInfo"
      ],
      "description": "Input for task that validates migration input for SQL to Azure SQL Managed Instance"
    },
    "ValidateMigrationInputSqlServerSqlMITaskProperties": {
      "type": "object",
      "properties": {
        "input": {
          "oneOf": [
            {
              "$ref": "#/definitions/ValidateMigrationInputSqlServerSqlMITaskInput"
            },
            {
              "$ref": "https://schema.management.azure.com/schemas/common/definitions.json#/definitions/expression"
            }
          ],
          "description": "Input for task that validates migration input for SQL to Azure SQL Managed Instance"
        },
        "taskType": {
          "type": "string",
          "enum": [
            "ValidateMigrationInput.SqlServer.AzureSqlDbMI"
          ]
        }
      },
      "required": [
        "taskType"
      ],
      "description": "Properties for task that validates migration input for SQL to Azure SQL Database Managed Instance"
    },
    "ValidateSyncMigrationInputSqlServerTaskInput": {
      "type": "object",
      "properties": {
        "selectedDatabases": {
          "oneOf": [
            {
              "type": "array",
              "items": {
                "$ref": "#/definitions/MigrateSqlServerSqlDbSyncDatabaseInput"
              }
            },
            {
              "$ref": "https://schema.management.azure.com/schemas/common/definitions.json#/definitions/expression"
            }
          ],
          "description": "Databases to migrate"
        },
        "sourceConnectionInfo": {
          "oneOf": [
            {
              "$ref": "#/definitions/SqlConnectionInfo"
            },
            {
              "$ref": "https://schema.management.azure.com/schemas/common/definitions.json#/definitions/expression"
            }
          ],
          "description": "Information for connecting to SQL database server"
        },
        "targetConnectionInfo": {
          "oneOf": [
            {
              "$ref": "#/definitions/SqlConnectionInfo"
            },
            {
              "$ref": "https://schema.management.azure.com/schemas/common/definitions.json#/definitions/expression"
            }
          ],
          "description": "Information for connecting to SQL database server"
        }
      },
      "required": [
        "selectedDatabases",
        "sourceConnectionInfo",
        "targetConnectionInfo"
      ],
      "description": "Input for task that validates migration input for SQL sync migrations"
    }
  }
}