{
  "id": "https://schema.management.azure.com/schemas/2019-05-13/Microsoft.RecoveryServices.Backup.json#",
  "$schema": "http://json-schema.org/draft-04/schema#",
  "title": "Microsoft.RecoveryServices",
  "description": "Microsoft RecoveryServices Resource Types",
  "resourceDefinitions": {
    "vaults_backupFabrics_protectionContainers_protectedItems": {
      "type": "object",
      "properties": {
        "apiVersion": {
          "type": "string",
          "enum": [
            "2019-05-13"
          ]
        },
        "eTag": {
          "type": "string",
          "description": "Optional ETag."
        },
        "location": {
          "type": "string",
          "description": "Resource location."
        },
        "name": {
          "type": "string",
          "description": "Item name to be backed up."
        },
        "properties": {
          "oneOf": [
            {
              "$ref": "#/definitions/ProtectedItem"
            },
            {
              "$ref": "https://schema.management.azure.com/schemas/common/definitions.json#/definitions/expression"
            }
          ],
          "description": "Base class for backup items."
        },
        "tags": {
          "oneOf": [
            {
              "type": "object",
              "additionalProperties": {
                "type": "string"
              },
              "properties": {}
            },
            {
              "$ref": "https://schema.management.azure.com/schemas/common/definitions.json#/definitions/expression"
            }
          ],
          "description": "Resource tags."
        },
        "type": {
          "type": "string",
          "enum": [
            "Microsoft.RecoveryServices/vaults/backupFabrics/protectionContainers/protectedItems"
          ]
        }
      },
      "required": [
        "apiVersion",
        "name",
        "properties",
        "type"
      ],
      "description": "Microsoft.RecoveryServices/vaults/backupFabrics/protectionContainers/protectedItems"
    },
    "vaults_backupPolicies": {
      "type": "object",
      "properties": {
        "apiVersion": {
          "type": "string",
          "enum": [
            "2019-05-13"
          ]
        },
        "eTag": {
          "type": "string",
          "description": "Optional ETag."
        },
        "location": {
          "type": "string",
          "description": "Resource location."
        },
        "name": {
          "type": "string",
          "description": "Backup policy to be created."
        },
        "properties": {
          "oneOf": [
            {
              "$ref": "#/definitions/ProtectionPolicy"
            },
            {
              "$ref": "https://schema.management.azure.com/schemas/common/definitions.json#/definitions/expression"
            }
          ],
          "description": "Base class for backup policy. Workload-specific backup policies are derived from this class."
        },
        "tags": {
          "oneOf": [
            {
              "type": "object",
              "additionalProperties": {
                "type": "string"
              },
              "properties": {}
            },
            {
              "$ref": "https://schema.management.azure.com/schemas/common/definitions.json#/definitions/expression"
            }
          ],
          "description": "Resource tags."
        },
        "type": {
          "type": "string",
          "enum": [
            "Microsoft.RecoveryServices/vaults/backupPolicies"
          ]
        }
      },
      "required": [
        "apiVersion",
        "name",
        "properties",
        "type"
      ],
      "description": "Microsoft.RecoveryServices/vaults/backupPolicies"
    }
  },
  "definitions": {
    "AzureFileshareProtectedItem": {
      "type": "object",
      "properties": {
        "extendedInfo": {
          "oneOf": [
            {
              "$ref": "#/definitions/AzureFileshareProtectedItemExtendedInfo"
            },
            {
              "$ref": "https://schema.management.azure.com/schemas/common/definitions.json#/definitions/expression"
            }
          ],
          "description": "Additional information about Azure File Share backup item."
        },
        "friendlyName": {
          "type": "string",
          "description": "Friendly name of the fileshare represented by this backup item."
        },
        "healthStatus": {
          "oneOf": [
            {
              "type": "string",
              "enum": [
                "Passed",
                "ActionRequired",
                "ActionSuggested",
                "Invalid"
              ]
            },
            {
              "$ref": "https://schema.management.azure.com/schemas/common/definitions.json#/definitions/expression"
            }
          ],
          "description": "backups running status for this backup item."
        },
        "lastBackupStatus": {
          "type": "string",
          "description": "Last backup operation status. Possible values: Healthy, Unhealthy."
        },
        "lastBackupTime": {
          "type": "string",
          "format": "date-time",
          "description": "Timestamp of the last backup operation on this backup item."
        },
        "protectedItemType": {
          "type": "string",
          "enum": [
            "AzureFileShareProtectedItem"
          ]
        },
        "protectionState": {
          "oneOf": [
            {
              "type": "string",
              "enum": [
                "Invalid",
                "IRPending",
                "Protected",
                "ProtectionError",
                "ProtectionStopped",
                "ProtectionPaused"
              ]
            },
            {
              "$ref": "https://schema.management.azure.com/schemas/common/definitions.json#/definitions/expression"
            }
          ],
          "description": "Backup state of this backup item."
        },
        "protectionStatus": {
          "type": "string",
          "description": "Backup status of this backup item."
        }
      },
      "required": [
        "protectedItemType"
      ],
      "description": "Azure File Share workload-specific backup item."
    },
    "AzureFileshareProtectedItemExtendedInfo": {
      "type": "object",
      "properties": {
        "oldestRecoveryPoint": {
          "type": "string",
          "format": "date-time",
          "description": "The oldest backup copy available for this item in the service."
        },
        "policyState": {
          "type": "string",
          "description": "Indicates consistency of policy object and policy applied to this backup item."
        },
        "recoveryPointCount": {
          "oneOf": [
            {
              "type": "integer"
            },
            {
              "$ref": "https://schema.management.azure.com/schemas/common/definitions.json#/definitions/expression"
            }
          ],
          "description": "Number of available backup copies associated with this backup item."
        }
      },
      "description": "Additional information about Azure File Share backup item."
    },
    "AzureFileShareProtectionPolicy": {
      "type": "object",
      "properties": {
        "backupManagementType": {
          "type": "string",
          "enum": [
            "AzureStorage"
          ]
        },
        "retentionPolicy": {
          "oneOf": [
            {
              "$ref": "#/definitions/RetentionPolicy"
            },
            {
              "$ref": "https://schema.management.azure.com/schemas/common/definitions.json#/definitions/expression"
            }
          ],
          "description": "Base class for retention policy."
        },
        "schedulePolicy": {
          "oneOf": [
            {
              "$ref": "#/definitions/SchedulePolicy"
            },
            {
              "$ref": "https://schema.management.azure.com/schemas/common/definitions.json#/definitions/expression"
            }
          ],
          "description": "Base class for backup schedule."
        },
        "timeZone": {
          "type": "string",
          "description": "TimeZone optional input as string. For example: TimeZone = \"Pacific Standard Time\"."
        },
        "workLoadType": {
          "oneOf": [
            {
              "type": "string",
              "enum": [
                "Invalid",
                "VM",
                "FileFolder",
                "AzureSqlDb",
                "SQLDB",
                "Exchange",
                "Sharepoint",
                "VMwareVM",
                "SystemState",
                "Client",
                "GenericDataSource",
                "SQLDataBase",
                "AzureFileShare",
                "SAPHanaDatabase",
                "SAPAseDatabase"
              ]
            },
            {
              "$ref": "https://schema.management.azure.com/schemas/common/definitions.json#/definitions/expression"
            }
          ],
          "description": "Type of workload for the backup management."
        }
      },
      "required": [
        "backupManagementType"
      ],
      "description": "AzureStorage backup policy."
    },
    "AzureIaaSClassicComputeVMProtectedItem": {
      "type": "object",
      "properties": {
        "protectedItemType": {
          "type": "string",
          "enum": [
            "Microsoft.ClassicCompute/virtualMachines"
          ]
        }
      },
      "required": [
        "protectedItemType"
      ],
      "description": "IaaS VM workload-specific backup item representing the Classic Compute VM."
    },
    "AzureIaaSComputeVMProtectedItem": {
      "type": "object",
      "properties": {
        "protectedItemType": {
          "type": "string",
          "enum": [
            "Microsoft.Compute/virtualMachines"
          ]
        }
      },
      "required": [
        "protectedItemType"
      ],
      "description": "IaaS VM workload-specific backup item representing the Azure Resource Manager VM."
    },
    "AzureIaaSVMHealthDetails": {
      "type": "object",
      "properties": {},
      "description": "Azure IaaS VM workload-specific Health Details."
    },
    "AzureIaaSVMProtectedItem": {
      "type": "object",
      "oneOf": [
        {
          "$ref": "#/definitions/AzureIaaSClassicComputeVMProtectedItem"
        },
        {
          "$ref": "#/definitions/AzureIaaSComputeVMProtectedItem"
        }
      ],
      "properties": {
        "extendedInfo": {
          "oneOf": [
            {
              "$ref": "#/definitions/AzureIaaSVMProtectedItemExtendedInfo"
            },
            {
              "$ref": "https://schema.management.azure.com/schemas/common/definitions.json#/definitions/expression"
            }
          ],
          "description": "Additional information on Azure IaaS VM specific backup item."
        },
        "extendedProperties": {
          "oneOf": [
            {
              "$ref": "#/definitions/ExtendedProperties"
            },
            {
              "$ref": "https://schema.management.azure.com/schemas/common/definitions.json#/definitions/expression"
            }
          ],
          "description": "Extended Properties for Azure IaasVM Backup."
        },
        "friendlyName": {
          "type": "string",
          "description": "Friendly name of the VM represented by this backup item."
        },
        "healthDetails": {
          "oneOf": [
            {
              "type": "array",
              "items": {
                "$ref": "#/definitions/AzureIaaSVMHealthDetails"
              }
            },
            {
              "$ref": "https://schema.management.azure.com/schemas/common/definitions.json#/definitions/expression"
            }
          ],
          "description": "Health details on this backup item."
        },
        "healthStatus": {
          "oneOf": [
            {
              "type": "string",
              "enum": [
                "Passed",
                "ActionRequired",
                "ActionSuggested",
                "Invalid"
              ]
            },
            {
              "$ref": "https://schema.management.azure.com/schemas/common/definitions.json#/definitions/expression"
            }
          ],
          "description": "Health status of protected item."
        },
        "lastBackupStatus": {
          "type": "string",
          "description": "Last backup operation status."
        },
        "lastBackupTime": {
          "type": "string",
          "format": "date-time",
          "description": "Timestamp of the last backup operation on this backup item."
        },
        "protectedItemDataId": {
          "type": "string",
          "description": "Data ID of the protected item."
        },
        "protectedItemType": {
          "type": "string",
          "enum": [
            "AzureIaaSVMProtectedItem"
          ]
        },
        "protectionState": {
          "oneOf": [
            {
              "type": "string",
              "enum": [
                "Invalid",
                "IRPending",
                "Protected",
                "ProtectionError",
                "ProtectionStopped",
                "ProtectionPaused"
              ]
            },
            {
              "$ref": "https://schema.management.azure.com/schemas/common/definitions.json#/definitions/expression"
            }
          ],
          "description": "Backup state of this backup item."
        },
        "protectionStatus": {
          "type": "string",
          "description": "Backup status of this backup item."
        },
        "virtualMachineId": {
          "type": "string",
          "description": "Fully qualified ARM ID of the virtual machine represented by this item."
        }
      },
      "required": [
        "protectedItemType"
      ],
      "description": "IaaS VM workload-specific backup item."
    },
    "AzureIaaSVMProtectedItemExtendedInfo": {
      "type": "object",
      "properties": {
        "oldestRecoveryPoint": {
          "type": "string",
          "format": "date-time",
          "description": "The oldest backup copy available for this backup item."
        },
        "policyInconsistent": {
          "oneOf": [
            {
              "type": "boolean"
            },
            {
              "$ref": "https://schema.management.azure.com/schemas/common/definitions.json#/definitions/expression"
            }
          ],
          "description": "Specifies if backup policy associated with the backup item is inconsistent."
        },
        "recoveryPointCount": {
          "oneOf": [
            {
              "type": "integer"
            },
            {
              "$ref": "https://schema.management.azure.com/schemas/common/definitions.json#/definitions/expression"
            }
          ],
          "description": "Number of backup copies available for this backup item."
        }
      },
      "description": "Additional information on Azure IaaS VM specific backup item."
    },
    "AzureIaaSVMProtectionPolicy": {
      "type": "object",
      "properties": {
        "backupManagementType": {
          "type": "string",
          "enum": [
            "AzureIaasVM"
          ]
        },
        "instantRpRetentionRangeInDays": {
          "oneOf": [
            {
              "type": "integer"
            },
            {
              "$ref": "https://schema.management.azure.com/schemas/common/definitions.json#/definitions/expression"
            }
          ],
          "description": "Instant RP retention policy range in days"
        },
        "retentionPolicy": {
          "oneOf": [
            {
              "$ref": "#/definitions/RetentionPolicy"
            },
            {
              "$ref": "https://schema.management.azure.com/schemas/common/definitions.json#/definitions/expression"
            }
          ],
          "description": "Base class for retention policy."
        },
        "schedulePolicy": {
          "oneOf": [
            {
              "$ref": "#/definitions/SchedulePolicy"
            },
            {
              "$ref": "https://schema.management.azure.com/schemas/common/definitions.json#/definitions/expression"
            }
          ],
          "description": "Base class for backup schedule."
        },
        "timeZone": {
          "type": "string",
          "description": "TimeZone optional input as string. For example: TimeZone = \"Pacific Standard Time\"."
        }
      },
      "required": [
        "backupManagementType"
      ],
      "description": "IaaS VM workload-specific backup policy."
    },
    "AzureSqlProtectedItem": {
      "type": "object",
      "properties": {
        "extendedInfo": {
          "oneOf": [
            {
              "$ref": "#/definitions/AzureSqlProtectedItemExtendedInfo"
            },
            {
              "$ref": "https://schema.management.azure.com/schemas/common/definitions.json#/definitions/expression"
            }
          ],
          "description": "Additional information on Azure Sql specific protected item."
        },
        "protectedItemDataId": {
          "type": "string",
          "description": "Internal ID of a backup item. Used by Azure SQL Backup engine to contact Recovery Services."
        },
        "protectedItemType": {
          "type": "string",
          "enum": [
            "Microsoft.Sql/servers/databases"
          ]
        },
        "protectionState": {
          "oneOf": [
            {
              "type": "string",
              "enum": [
                "Invalid",
                "IRPending",
                "Protected",
                "ProtectionError",
                "ProtectionStopped",
                "ProtectionPaused"
              ]
            },
            {
              "$ref": "https://schema.management.azure.com/schemas/common/definitions.json#/definitions/expression"
            }
          ],
          "description": "Backup state of the backed up item."
        }
      },
      "required": [
        "protectedItemType"
      ],
      "description": "Azure SQL workload-specific backup item."
    },
    "AzureSqlProtectedItemExtendedInfo": {
      "type": "object",
      "properties": {
        "oldestRecoveryPoint": {
          "type": "string",
          "format": "date-time",
          "description": "The oldest backup copy available for this item in the service."
        },
        "policyState": {
          "type": "string",
          "description": "State of the backup policy associated with this backup item."
        },
        "recoveryPointCount": {
          "oneOf": [
            {
              "type": "integer"
            },
            {
              "$ref": "https://schema.management.azure.com/schemas/common/definitions.json#/definitions/expression"
            }
          ],
          "description": "Number of available backup copies associated with this backup item."
        }
      },
      "description": "Additional information on Azure Sql specific protected item."
    },
    "AzureSqlProtectionPolicy": {
      "type": "object",
      "properties": {
        "backupManagementType": {
          "type": "string",
          "enum": [
            "AzureSql"
          ]
        },
        "retentionPolicy": {
          "oneOf": [
            {
              "$ref": "#/definitions/RetentionPolicy"
            },
            {
              "$ref": "https://schema.management.azure.com/schemas/common/definitions.json#/definitions/expression"
            }
          ],
          "description": "Base class for retention policy."
        }
      },
      "required": [
        "backupManagementType"
      ],
      "description": "Azure SQL workload-specific backup policy."
    },
    "AzureVmWorkloadProtectedItem": {
      "type": "object",
      "oneOf": [
        {
          "$ref": "#/definitions/AzureVmWorkloadSAPAseDatabaseProtectedItem"
        },
        {
          "$ref": "#/definitions/AzureVmWorkloadSAPHanaDatabaseProtectedItem"
        },
        {
          "$ref": "#/definitions/AzureVmWorkloadSQLDatabaseProtectedItem"
        }
      ],
      "properties": {
        "extendedInfo": {
          "oneOf": [
            {
              "$ref": "#/definitions/AzureVmWorkloadProtectedItemExtendedInfo"
            },
            {
              "$ref": "https://schema.management.azure.com/schemas/common/definitions.json#/definitions/expression"
            }
          ],
          "description": "Additional information on Azure Workload for SQL specific backup item."
        },
        "friendlyName": {
          "type": "string",
          "description": "Friendly name of the DB represented by this backup item."
        },
        "lastBackupErrorDetail": {
          "oneOf": [
            {
              "$ref": "#/definitions/ErrorDetail"
            },
            {
              "$ref": "https://schema.management.azure.com/schemas/common/definitions.json#/definitions/expression"
            }
          ],
          "description": "Error Detail class which encapsulates Code, Message and Recommendations."
        },
        "lastBackupStatus": {
          "oneOf": [
            {
              "type": "string",
              "enum": [
                "Invalid",
                "Healthy",
                "Unhealthy",
                "IRPending"
              ]
            },
            {
              "$ref": "https://schema.management.azure.com/schemas/common/definitions.json#/definitions/expression"
            }
          ],
          "description": "Last backup operation status. Possible values: Healthy, Unhealthy."
        },
        "lastBackupTime": {
          "type": "string",
          "format": "date-time",
          "description": "Timestamp of the last backup operation on this backup item."
        },
        "parentName": {
          "type": "string",
          "description": "Parent name of the DB such as Instance or Availability Group."
        },
        "parentType": {
          "type": "string",
          "description": "Parent type of protected item, example: for a DB, standalone server or distributed"
        },
        "protectedItemDataSourceId": {
          "type": "string",
          "description": "Data ID of the protected item."
        },
        "protectedItemHealthStatus": {
          "oneOf": [
            {
              "type": "string",
              "enum": [
                "Invalid",
                "Healthy",
                "Unhealthy",
                "NotReachable",
                "IRPending"
              ]
            },
            {
              "$ref": "https://schema.management.azure.com/schemas/common/definitions.json#/definitions/expression"
            }
          ],
          "description": "Health status of the backup item, evaluated based on last heartbeat received."
        },
        "protectedItemType": {
          "type": "string",
          "enum": [
            "AzureVmWorkloadProtectedItem"
          ]
        },
        "protectionState": {
          "oneOf": [
            {
              "type": "string",
              "enum": [
                "Invalid",
                "IRPending",
                "Protected",
                "ProtectionError",
                "ProtectionStopped",
                "ProtectionPaused"
              ]
            },
            {
              "$ref": "https://schema.management.azure.com/schemas/common/definitions.json#/definitions/expression"
            }
          ],
          "description": "Backup state of this backup item."
        },
        "protectionStatus": {
          "type": "string",
          "description": "Backup status of this backup item."
        },
        "serverName": {
          "type": "string",
          "description": "Host/Cluster Name for instance or AG"
        }
      },
      "required": [
        "protectedItemType"
      ],
      "description": "Azure VM workload-specific protected item."
    },
    "AzureVmWorkloadProtectedItemExtendedInfo": {
      "type": "object",
      "properties": {
        "oldestRecoveryPoint": {
          "type": "string",
          "format": "date-time",
          "description": "The oldest backup copy available for this backup item."
        },
        "policyState": {
          "type": "string",
          "description": "Indicates consistency of policy object and policy applied to this backup item."
        },
        "recoveryPointCount": {
          "oneOf": [
            {
              "type": "integer"
            },
            {
              "$ref": "https://schema.management.azure.com/schemas/common/definitions.json#/definitions/expression"
            }
          ],
          "description": "Number of backup copies available for this backup item."
        }
      },
      "description": "Additional information on Azure Workload for SQL specific backup item."
    },
    "AzureVmWorkloadProtectionPolicy": {
      "type": "object",
      "properties": {
        "backupManagementType": {
          "type": "string",
          "enum": [
            "AzureWorkload"
          ]
        },
        "makePolicyConsistent": {
          "oneOf": [
            {
              "type": "boolean"
            },
            {
              "$ref": "https://schema.management.azure.com/schemas/common/definitions.json#/definitions/expression"
            }
          ],
          "description": "Fix the policy inconsistency"
        },
        "settings": {
          "oneOf": [
            {
              "$ref": "#/definitions/Settings"
            },
            {
              "$ref": "https://schema.management.azure.com/schemas/common/definitions.json#/definitions/expression"
            }
          ],
          "description": "Common settings field for backup management"
        },
        "subProtectionPolicy": {
          "oneOf": [
            {
              "type": "array",
              "items": {
                "$ref": "#/definitions/SubProtectionPolicy"
              }
            },
            {
              "$ref": "https://schema.management.azure.com/schemas/common/definitions.json#/definitions/expression"
            }
          ],
          "description": "List of sub-protection policies which includes schedule and retention"
        },
        "workLoadType": {
          "oneOf": [
            {
              "type": "string",
              "enum": [
                "Invalid",
                "VM",
                "FileFolder",
                "AzureSqlDb",
                "SQLDB",
                "Exchange",
                "Sharepoint",
                "VMwareVM",
                "SystemState",
                "Client",
                "GenericDataSource",
                "SQLDataBase",
                "AzureFileShare",
                "SAPHanaDatabase",
                "SAPAseDatabase"
              ]
            },
            {
              "$ref": "https://schema.management.azure.com/schemas/common/definitions.json#/definitions/expression"
            }
          ],
          "description": "Type of workload for the backup management."
        }
      },
      "required": [
        "backupManagementType"
      ],
      "description": "Azure VM (Mercury) workload-specific backup policy."
    },
    "AzureVmWorkloadSAPAseDatabaseProtectedItem": {
      "type": "object",
      "properties": {
        "protectedItemType": {
          "type": "string",
          "enum": [
            "AzureVmWorkloadSAPAseDatabase"
          ]
        }
      },
      "required": [
        "protectedItemType"
      ],
      "description": "Azure VM workload-specific protected item representing SAP ASE Database."
    },
    "AzureVmWorkloadSAPHanaDatabaseProtectedItem": {
      "type": "object",
      "properties": {
        "protectedItemType": {
          "type": "string",
          "enum": [
            "AzureVmWorkloadSAPHanaDatabase"
          ]
        }
      },
      "required": [
        "protectedItemType"
      ],
      "description": "Azure VM workload-specific protected item representing SAP HANA Database."
    },
    "AzureVmWorkloadSQLDatabaseProtectedItem": {
      "type": "object",
      "properties": {
        "protectedItemType": {
          "type": "string",
          "enum": [
            "AzureVmWorkloadSQLDatabase"
          ]
        }
      },
      "required": [
        "protectedItemType"
      ],
      "description": "Azure VM workload-specific protected item representing SQL Database."
    },
    "DailyRetentionFormat": {
      "type": "object",
      "properties": {
        "daysOfTheMonth": {
          "oneOf": [
            {
              "type": "array",
              "items": {
                "$ref": "#/definitions/Day"
              }
            },
            {
              "$ref": "https://schema.management.azure.com/schemas/common/definitions.json#/definitions/expression"
            }
          ],
          "description": "List of days of the month."
        }
      },
      "description": "Daily retention format."
    },
    "DailyRetentionSchedule": {
      "type": "object",
      "properties": {
        "retentionDuration": {
          "oneOf": [
            {
              "$ref": "#/definitions/RetentionDuration"
            },
            {
              "$ref": "https://schema.management.azure.com/schemas/common/definitions.json#/definitions/expression"
            }
          ],
          "description": "Retention duration."
        },
        "retentionTimes": {
          "oneOf": [
            {
              "type": "array",
              "items": {
                "type": "string"
              }
            },
            {
              "$ref": "https://schema.management.azure.com/schemas/common/definitions.json#/definitions/expression"
            }
          ],
          "description": "Retention times of retention policy."
        }
      },
      "description": "Daily retention schedule."
    },
    "Day": {
      "type": "object",
      "properties": {
        "date": {
          "oneOf": [
            {
              "type": "integer"
            },
            {
              "$ref": "https://schema.management.azure.com/schemas/common/definitions.json#/definitions/expression"
            }
          ],
          "description": "Date of the month"
        },
        "isLast": {
          "oneOf": [
            {
              "type": "boolean"
            },
            {
              "$ref": "https://schema.management.azure.com/schemas/common/definitions.json#/definitions/expression"
            }
          ],
          "description": "Whether Date is last date of month"
        }
      },
      "description": "Day of the week."
    },
    "DiskExclusionProperties": {
      "type": "object",
      "properties": {
        "diskLunList": {
          "oneOf": [
            {
              "type": "array",
              "items": {
                "type": "integer"
              }
            },
            {
              "$ref": "https://schema.management.azure.com/schemas/common/definitions.json#/definitions/expression"
            }
          ],
          "description": "List of Disks' Logical Unit Numbers (LUN) to be used for VM Protection."
        },
        "isInclusionList": {
          "oneOf": [
            {
              "type": "boolean"
            },
            {
              "$ref": "https://schema.management.azure.com/schemas/common/definitions.json#/definitions/expression"
            }
          ],
          "description": "Flag to indicate whether DiskLunList is to be included/ excluded from backup."
        }
      }
    },
    "DPMProtectedItem": {
      "type": "object",
      "properties": {
        "backupEngineName": {
          "type": "string",
          "description": "Backup Management server protecting this backup item"
        },
        "extendedInfo": {
          "oneOf": [
            {
              "$ref": "#/definitions/DPMProtectedItemExtendedInfo"
            },
            {
              "$ref": "https://schema.management.azure.com/schemas/common/definitions.json#/definitions/expression"
            }
          ],
          "description": "Additional information of DPM Protected item."
        },
        "friendlyName": {
          "type": "string",
          "description": "Friendly name of the managed item"
        },
        "protectedItemType": {
          "type": "string",
          "enum": [
            "DPMProtectedItem"
          ]
        },
        "protectionState": {
          "oneOf": [
            {
              "type": "string",
              "enum": [
                "Invalid",
                "IRPending",
                "Protected",
                "ProtectionError",
                "ProtectionStopped",
                "ProtectionPaused"
              ]
            },
            {
              "$ref": "https://schema.management.azure.com/schemas/common/definitions.json#/definitions/expression"
            }
          ],
          "description": "Protection state of the backup engine."
        }
      },
      "required": [
        "protectedItemType"
      ],
      "description": "Additional information on Backup engine specific backup item."
    },
    "DPMProtectedItemExtendedInfo": {
      "type": "object",
      "properties": {
        "diskStorageUsedInBytes": {
          "type": "string",
          "description": "Used Disk storage in bytes."
        },
        "isCollocated": {
          "oneOf": [
            {
              "type": "boolean"
            },
            {
              "$ref": "https://schema.management.azure.com/schemas/common/definitions.json#/definitions/expression"
            }
          ],
          "description": "To check if backup item is collocated."
        },
        "isPresentOnCloud": {
          "oneOf": [
            {
              "type": "boolean"
            },
            {
              "$ref": "https://schema.management.azure.com/schemas/common/definitions.json#/definitions/expression"
            }
          ],
          "description": "To check if backup item is cloud protected."
        },
        "lastBackupStatus": {
          "type": "string",
          "description": "Last backup status information on backup item."
        },
        "lastRefreshedAt": {
          "type": "string",
          "format": "date-time",
          "description": "Last refresh time on backup item."
        },
        "oldestRecoveryPoint": {
          "type": "string",
          "format": "date-time",
          "description": "Oldest cloud recovery point time."
        },
        "onPremiseLatestRecoveryPoint": {
          "type": "string",
          "format": "date-time",
          "description": "latest disk recovery point time."
        },
        "onPremiseOldestRecoveryPoint": {
          "type": "string",
          "format": "date-time",
          "description": "Oldest disk recovery point time."
        },
        "onPremiseRecoveryPointCount": {
          "oneOf": [
            {
              "type": "integer"
            },
            {
              "$ref": "https://schema.management.azure.com/schemas/common/definitions.json#/definitions/expression"
            }
          ],
          "description": "disk recovery point count."
        },
        "protectableObjectLoadPath": {
          "oneOf": [
            {
              "type": "object",
              "additionalProperties": {
                "type": "string"
              },
              "properties": {}
            },
            {
              "$ref": "https://schema.management.azure.com/schemas/common/definitions.json#/definitions/expression"
            }
          ],
          "description": "Attribute to provide information on various DBs."
        },
        "protected": {
          "oneOf": [
            {
              "type": "boolean"
            },
            {
              "$ref": "https://schema.management.azure.com/schemas/common/definitions.json#/definitions/expression"
            }
          ],
          "description": "To check if backup item is disk protected."
        },
        "protectionGroupName": {
          "type": "string",
          "description": "Protection group name of the backup item."
        },
        "recoveryPointCount": {
          "oneOf": [
            {
              "type": "integer"
            },
            {
              "$ref": "https://schema.management.azure.com/schemas/common/definitions.json#/definitions/expression"
            }
          ],
          "description": "cloud recovery point count."
        },
        "totalDiskStorageSizeInBytes": {
          "type": "string",
          "description": "total Disk storage in bytes."
        }
      },
      "description": "Additional information of DPM Protected item."
    },
    "ErrorDetail": {
      "type": "object",
      "properties": {},
      "description": "Error Detail class which encapsulates Code, Message and Recommendations."
    },
    "ExtendedProperties": {
      "type": "object",
      "properties": {
        "diskExclusionProperties": {
          "oneOf": [
            {
              "$ref": "#/definitions/DiskExclusionProperties"
            },
            {
              "$ref": "https://schema.management.azure.com/schemas/common/definitions.json#/definitions/expression"
            }
          ]
        }
      },
      "description": "Extended Properties for Azure IaasVM Backup."
    },
    "GenericProtectedItem": {
      "type": "object",
      "properties": {
        "fabricName": {
          "type": "string",
          "description": "Name of this backup item's fabric."
        },
        "friendlyName": {
          "type": "string",
          "description": "Friendly name of the container."
        },
        "policyState": {
          "type": "string",
          "description": "Indicates consistency of policy object and policy applied to this backup item."
        },
        "protectedItemId": {
          "oneOf": [
            {
              "type": "integer"
            },
            {
              "$ref": "https://schema.management.azure.com/schemas/common/definitions.json#/definitions/expression"
            }
          ],
          "description": "Data Plane Service ID of the protected item."
        },
        "protectedItemType": {
          "type": "string",
          "enum": [
            "GenericProtectedItem"
          ]
        },
        "protectionState": {
          "oneOf": [
            {
              "type": "string",
              "enum": [
                "Invalid",
                "IRPending",
                "Protected",
                "ProtectionError",
                "ProtectionStopped",
                "ProtectionPaused"
              ]
            },
            {
              "$ref": "https://schema.management.azure.com/schemas/common/definitions.json#/definitions/expression"
            }
          ],
          "description": "Backup state of this backup item."
        },
        "sourceAssociations": {
          "oneOf": [
            {
              "type": "object",
              "additionalProperties": {
                "type": "string"
              },
              "properties": {}
            },
            {
              "$ref": "https://schema.management.azure.com/schemas/common/definitions.json#/definitions/expression"
            }
          ],
          "description": "Loosely coupled (type, value) associations (example - parent of a protected item)"
        }
      },
      "required": [
        "protectedItemType"
      ],
      "description": "Base class for backup items."
    },
    "GenericProtectionPolicy": {
      "type": "object",
      "properties": {
        "backupManagementType": {
          "type": "string",
          "enum": [
            "GenericProtectionPolicy"
          ]
        },
        "fabricName": {
          "type": "string",
          "description": "Name of this policy's fabric."
        },
        "subProtectionPolicy": {
          "oneOf": [
            {
              "type": "array",
              "items": {
                "$ref": "#/definitions/SubProtectionPolicy"
              }
            },
            {
              "$ref": "https://schema.management.azure.com/schemas/common/definitions.json#/definitions/expression"
            }
          ],
          "description": "List of sub-protection policies which includes schedule and retention"
        },
        "timeZone": {
          "type": "string",
          "description": "TimeZone optional input as string. For example: TimeZone = \"Pacific Standard Time\"."
        }
      },
      "required": [
        "backupManagementType"
      ],
      "description": "Azure VM (Mercury) workload-specific backup policy."
    },
    "LogSchedulePolicy": {
      "type": "object",
      "properties": {
        "scheduleFrequencyInMins": {
          "oneOf": [
            {
              "type": "integer"
            },
            {
              "$ref": "https://schema.management.azure.com/schemas/common/definitions.json#/definitions/expression"
            }
          ],
          "description": "Frequency of the log schedule operation of this policy in minutes."
        },
        "schedulePolicyType": {
          "type": "string",
          "enum": [
            "LogSchedulePolicy"
          ]
        }
      },
      "required": [
        "schedulePolicyType"
      ],
      "description": "Log policy schedule."
    },
    "LongTermRetentionPolicy": {
      "type": "object",
      "properties": {
        "dailySchedule": {
          "oneOf": [
            {
              "$ref": "#/definitions/DailyRetentionSchedule"
            },
            {
              "$ref": "https://schema.management.azure.com/schemas/common/definitions.json#/definitions/expression"
            }
          ],
          "description": "Daily retention schedule."
        },
        "monthlySchedule": {
          "oneOf": [
            {
              "$ref": "#/definitions/MonthlyRetentionSchedule"
            },
            {
              "$ref": "https://schema.management.azure.com/schemas/common/definitions.json#/definitions/expression"
            }
          ],
          "description": "Monthly retention schedule."
        },
        "retentionPolicyType": {
          "type": "string",
          "enum": [
            "LongTermRetentionPolicy"
          ]
        },
        "weeklySchedule": {
          "oneOf": [
            {
              "$ref": "#/definitions/WeeklyRetentionSchedule"
            },
            {
              "$ref": "https://schema.management.azure.com/schemas/common/definitions.json#/definitions/expression"
            }
          ],
          "description": "Weekly retention schedule."
        },
        "yearlySchedule": {
          "oneOf": [
            {
              "$ref": "#/definitions/YearlyRetentionSchedule"
            },
            {
              "$ref": "https://schema.management.azure.com/schemas/common/definitions.json#/definitions/expression"
            }
          ],
          "description": "Yearly retention schedule."
        }
      },
      "required": [
        "retentionPolicyType"
      ],
      "description": "Long term retention policy."
    },
    "LongTermSchedulePolicy": {
      "type": "object",
      "properties": {
        "schedulePolicyType": {
          "type": "string",
          "enum": [
            "LongTermSchedulePolicy"
          ]
        }
      },
      "required": [
        "schedulePolicyType"
      ],
      "description": "Long term policy schedule."
    },
    "MabFileFolderProtectedItem": {
      "type": "object",
      "properties": {
        "computerName": {
          "type": "string",
          "description": "Name of the computer associated with this backup item."
        },
        "deferredDeleteSyncTimeInUTC": {
          "oneOf": [
            {
              "type": "integer"
            },
            {
              "$ref": "https://schema.management.azure.com/schemas/common/definitions.json#/definitions/expression"
            }
          ],
          "description": "Sync time for deferred deletion in UTC"
        },
        "extendedInfo": {
          "oneOf": [
            {
              "$ref": "#/definitions/MabFileFolderProtectedItemExtendedInfo"
            },
            {
              "$ref": "https://schema.management.azure.com/schemas/common/definitions.json#/definitions/expression"
            }
          ],
          "description": "Additional information on the backed up item."
        },
        "friendlyName": {
          "type": "string",
          "description": "Friendly name of this backup item."
        },
        "lastBackupStatus": {
          "type": "string",
          "description": "Status of last backup operation."
        },
        "lastBackupTime": {
          "type": "string",
          "format": "date-time",
          "description": "Timestamp of the last backup operation on this backup item."
        },
        "protectedItemType": {
          "type": "string",
          "enum": [
            "MabFileFolderProtectedItem"
          ]
        },
        "protectionState": {
          "type": "string",
          "description": "Protected, ProtectionStopped, IRPending or ProtectionError"
        }
      },
      "required": [
        "protectedItemType"
      ],
      "description": "MAB workload-specific backup item."
    },
    "MabFileFolderProtectedItemExtendedInfo": {
      "type": "object",
      "properties": {
        "lastRefreshedAt": {
          "type": "string",
          "format": "date-time",
          "description": "Last time when the agent data synced to service."
        },
        "oldestRecoveryPoint": {
          "type": "string",
          "format": "date-time",
          "description": "The oldest backup copy available."
        },
        "recoveryPointCount": {
          "oneOf": [
            {
              "type": "integer"
            },
            {
              "$ref": "https://schema.management.azure.com/schemas/common/definitions.json#/definitions/expression"
            }
          ],
          "description": "Number of backup copies associated with the backup item."
        }
      },
      "description": "Additional information on the backed up item."
    },
    "MabProtectionPolicy": {
      "type": "object",
      "properties": {
        "backupManagementType": {
          "type": "string",
          "enum": [
            "MAB"
          ]
        },
        "retentionPolicy": {
          "oneOf": [
            {
              "$ref": "#/definitions/RetentionPolicy"
            },
            {
              "$ref": "https://schema.management.azure.com/schemas/common/definitions.json#/definitions/expression"
            }
          ],
          "description": "Base class for retention policy."
        },
        "schedulePolicy": {
          "oneOf": [
            {
              "$ref": "#/definitions/SchedulePolicy"
            },
            {
              "$ref": "https://schema.management.azure.com/schemas/common/definitions.json#/definitions/expression"
            }
          ],
          "description": "Base class for backup schedule."
        }
      },
      "required": [
        "backupManagementType"
      ],
      "description": "Mab container-specific backup policy."
    },
    "MonthlyRetentionSchedule": {
      "type": "object",
      "properties": {
        "retentionDuration": {
          "oneOf": [
            {
              "$ref": "#/definitions/RetentionDuration"
            },
            {
              "$ref": "https://schema.management.azure.com/schemas/common/definitions.json#/definitions/expression"
            }
          ],
          "description": "Retention duration."
        },
        "retentionScheduleDaily": {
          "oneOf": [
            {
              "$ref": "#/definitions/DailyRetentionFormat"
            },
            {
              "$ref": "https://schema.management.azure.com/schemas/common/definitions.json#/definitions/expression"
            }
          ],
          "description": "Daily retention format."
        },
        "retentionScheduleFormatType": {
          "oneOf": [
            {
              "type": "string",
              "enum": [
                "Invalid",
                "Daily",
                "Weekly"
              ]
            },
            {
              "$ref": "https://schema.management.azure.com/schemas/common/definitions.json#/definitions/expression"
            }
          ],
          "description": "Retention schedule format type for monthly retention policy."
        },
        "retentionScheduleWeekly": {
          "oneOf": [
            {
              "$ref": "#/definitions/WeeklyRetentionFormat"
            },
            {
              "$ref": "https://schema.management.azure.com/schemas/common/definitions.json#/definitions/expression"
            }
          ],
          "description": "Weekly retention format."
        },
        "retentionTimes": {
          "oneOf": [
            {
              "type": "array",
              "items": {
                "type": "string"
              }
            },
            {
              "$ref": "https://schema.management.azure.com/schemas/common/definitions.json#/definitions/expression"
            }
          ],
          "description": "Retention times of retention policy."
        }
      },
      "description": "Monthly retention schedule."
    },
    "ProtectedItem": {
      "type": "object",
      "oneOf": [
        {
          "$ref": "#/definitions/AzureFileshareProtectedItem"
        },
        {
          "$ref": "#/definitions/AzureIaaSVMProtectedItem"
        },
        {
          "$ref": "#/definitions/AzureSqlProtectedItem"
        },
        {
          "$ref": "#/definitions/AzureVmWorkloadProtectedItem"
        },
        {
          "$ref": "#/definitions/DPMProtectedItem"
        },
        {
          "$ref": "#/definitions/GenericProtectedItem"
        },
        {
          "$ref": "#/definitions/MabFileFolderProtectedItem"
        }
      ],
      "properties": {
        "backupManagementType": {
          "oneOf": [
            {
              "type": "string",
              "enum": [
                "Invalid",
                "AzureIaasVM",
                "MAB",
                "DPM",
                "AzureBackupServer",
                "AzureSql",
                "AzureStorage",
                "AzureWorkload",
                "DefaultBackup"
              ]
            },
            {
              "$ref": "https://schema.management.azure.com/schemas/common/definitions.json#/definitions/expression"
            }
          ],
          "description": "Type of backup management for the backed up item."
        },
        "backupSetName": {
          "type": "string",
          "description": "Name of the backup set the backup item belongs to"
        },
        "containerName": {
          "type": "string",
          "description": "Unique name of container"
        },
        "createMode": {
          "oneOf": [
            {
              "type": "string",
              "enum": [
                "Invalid",
                "Default",
                "Recover"
              ]
            },
            {
              "$ref": "https://schema.management.azure.com/schemas/common/definitions.json#/definitions/expression"
            }
          ],
          "description": "Create mode to indicate recovery of existing soft deleted data source or creation of new data source."
        },
        "deferredDeleteTimeInUTC": {
          "type": "string",
          "format": "date-time",
          "description": "Time for deferred deletion in UTC"
        },
        "deferredDeleteTimeRemaining": {
          "type": "string",
          "description": "Time remaining before the DS marked for deferred delete is permanently deleted"
        },
        "isDeferredDeleteScheduleUpcoming": {
          "oneOf": [
            {
              "type": "boolean"
            },
            {
              "$ref": "https://schema.management.azure.com/schemas/common/definitions.json#/definitions/expression"
            }
          ],
          "description": "Flag to identify whether the deferred deleted DS is to be purged soon"
        },
        "isRehydrate": {
          "oneOf": [
            {
              "type": "boolean"
            },
            {
              "$ref": "https://schema.management.azure.com/schemas/common/definitions.json#/definitions/expression"
            }
          ],
          "description": "Flag to identify that deferred deleted DS is to be moved into Pause state"
        },
        "isScheduledForDeferredDelete": {
          "oneOf": [
            {
              "type": "boolean"
            },
            {
              "$ref": "https://schema.management.azure.com/schemas/common/definitions.json#/definitions/expression"
            }
          ],
          "description": "Flag to identify whether the DS is scheduled for deferred delete"
        },
        "lastRecoveryPoint": {
          "type": "string",
          "format": "date-time",
          "description": "Timestamp when the last (latest) backup copy was created for this backup item."
        },
        "policyId": {
          "type": "string",
          "description": "ID of the backup policy with which this item is backed up."
        },
        "sourceResourceId": {
          "type": "string",
          "description": "ARM ID of the resource to be backed up."
        },
        "workloadType": {
          "oneOf": [
            {
              "type": "string",
              "enum": [
                "Invalid",
                "VM",
                "FileFolder",
                "AzureSqlDb",
                "SQLDB",
                "Exchange",
                "Sharepoint",
                "VMwareVM",
                "SystemState",
                "Client",
                "GenericDataSource",
                "SQLDataBase",
                "AzureFileShare",
                "SAPHanaDatabase",
                "SAPAseDatabase"
              ]
            },
            {
              "$ref": "https://schema.management.azure.com/schemas/common/definitions.json#/definitions/expression"
            }
          ],
          "description": "Type of workload this item represents."
        }
      },
      "description": "Base class for backup items."
    },
    "ProtectionPolicy": {
      "type": "object",
      "oneOf": [
        {
          "$ref": "#/definitions/AzureVmWorkloadProtectionPolicy"
        },
        {
          "$ref": "#/definitions/AzureFileShareProtectionPolicy"
        },
        {
          "$ref": "#/definitions/AzureIaaSVMProtectionPolicy"
        },
        {
          "$ref": "#/definitions/AzureSqlProtectionPolicy"
        },
        {
          "$ref": "#/definitions/GenericProtectionPolicy"
        },
        {
          "$ref": "#/definitions/MabProtectionPolicy"
        }
      ],
      "properties": {
        "protectedItemsCount": {
          "oneOf": [
            {
              "type": "integer"
            },
            {
              "$ref": "https://schema.management.azure.com/schemas/common/definitions.json#/definitions/expression"
            }
          ],
          "description": "Number of items associated with this policy."
        }
      },
      "description": "Base class for backup policy. Workload-specific backup policies are derived from this class."
    },
    "RetentionDuration": {
      "type": "object",
      "properties": {
        "count": {
          "oneOf": [
            {
              "type": "integer"
            },
            {
              "$ref": "https://schema.management.azure.com/schemas/common/definitions.json#/definitions/expression"
            }
          ],
          "description": "Count of duration types. Retention duration is obtained by the counting the duration type Count times.\r\nFor example, when Count = 3 and DurationType = Weeks, retention duration will be three weeks."
        },
        "durationType": {
          "oneOf": [
            {
              "type": "string",
              "enum": [
                "Invalid",
                "Days",
                "Weeks",
                "Months",
                "Years"
              ]
            },
            {
              "$ref": "https://schema.management.azure.com/schemas/common/definitions.json#/definitions/expression"
            }
          ],
          "description": "Retention duration type of retention policy."
        }
      },
      "description": "Retention duration."
    },
    "RetentionPolicy": {
      "type": "object",
      "oneOf": [
        {
          "$ref": "#/definitions/LongTermRetentionPolicy"
        },
        {
          "$ref": "#/definitions/SimpleRetentionPolicy"
        }
      ],
      "properties": {},
      "description": "Base class for retention policy."
    },
    "SchedulePolicy": {
      "type": "object",
      "oneOf": [
        {
          "$ref": "#/definitions/LogSchedulePolicy"
        },
        {
          "$ref": "#/definitions/LongTermSchedulePolicy"
        },
        {
          "$ref": "#/definitions/SimpleSchedulePolicy"
        }
      ],
      "properties": {},
      "description": "Base class for backup schedule."
    },
    "Settings": {
      "type": "object",
      "properties": {
        "isCompression": {
          "oneOf": [
            {
              "type": "boolean"
            },
            {
              "$ref": "https://schema.management.azure.com/schemas/common/definitions.json#/definitions/expression"
            }
          ],
          "description": "Workload compression flag. This has been added so that 'isSqlCompression'\r\nwill be deprecated once clients upgrade to consider this flag."
        },
        "issqlcompression": {
          "oneOf": [
            {
              "type": "boolean"
            },
            {
              "$ref": "https://schema.management.azure.com/schemas/common/definitions.json#/definitions/expression"
            }
          ],
          "description": "SQL compression flag"
        },
        "timeZone": {
          "type": "string",
          "description": "TimeZone optional input as string. For example: TimeZone = \"Pacific Standard Time\"."
        }
      },
      "description": "Common settings field for backup management"
    },
    "SimpleRetentionPolicy": {
      "type": "object",
      "properties": {
        "retentionDuration": {
          "oneOf": [
            {
              "$ref": "#/definitions/RetentionDuration"
            },
            {
              "$ref": "https://schema.management.azure.com/schemas/common/definitions.json#/definitions/expression"
            }
          ],
          "description": "Retention duration."
        },
        "retentionPolicyType": {
          "type": "string",
          "enum": [
            "SimpleRetentionPolicy"
          ]
        }
      },
      "required": [
        "retentionPolicyType"
      ],
      "description": "Simple policy retention."
    },
    "SimpleSchedulePolicy": {
      "type": "object",
      "properties": {
        "schedulePolicyType": {
          "type": "string",
          "enum": [
            "SimpleSchedulePolicy"
          ]
        },
        "scheduleRunDays": {
          "oneOf": [
            {
              "type": "array",
              "items": {
                "type": "string",
                "enum": [
                  "Sunday",
                  "Monday",
                  "Tuesday",
                  "Wednesday",
                  "Thursday",
                  "Friday",
                  "Saturday"
                ]
              }
            },
            {
              "$ref": "https://schema.management.azure.com/schemas/common/definitions.json#/definitions/expression"
            }
          ],
          "description": "List of days of week this schedule has to be run."
        },
        "scheduleRunFrequency": {
          "oneOf": [
            {
              "type": "string",
              "enum": [
                "Invalid",
                "Daily",
                "Weekly"
              ]
            },
            {
              "$ref": "https://schema.management.azure.com/schemas/common/definitions.json#/definitions/expression"
            }
          ],
          "description": "Frequency of the schedule operation of this policy."
        },
        "scheduleRunTimes": {
          "oneOf": [
            {
              "type": "array",
              "items": {
                "type": "string"
              }
            },
            {
              "$ref": "https://schema.management.azure.com/schemas/common/definitions.json#/definitions/expression"
            }
          ],
          "description": "List of times of day this schedule has to be run."
        },
        "scheduleWeeklyFrequency": {
          "oneOf": [
            {
              "type": "integer"
            },
            {
              "$ref": "https://schema.management.azure.com/schemas/common/definitions.json#/definitions/expression"
            }
          ],
          "description": "At every number weeks this schedule has to be run."
        }
      },
      "required": [
        "schedulePolicyType"
      ],
      "description": "Simple policy schedule."
    },
    "SubProtectionPolicy": {
      "type": "object",
      "properties": {
        "policyType": {
          "oneOf": [
            {
              "type": "string",
              "enum": [
                "Invalid",
                "Full",
                "Differential",
                "Log",
                "CopyOnlyFull"
              ]
            },
            {
              "$ref": "https://schema.management.azure.com/schemas/common/definitions.json#/definitions/expression"
            }
          ],
          "description": "Type of backup policy type."
        },
        "retentionPolicy": {
          "oneOf": [
            {
              "$ref": "#/definitions/RetentionPolicy"
            },
            {
              "$ref": "https://schema.management.azure.com/schemas/common/definitions.json#/definitions/expression"
            }
          ],
          "description": "Base class for retention policy."
        },
        "schedulePolicy": {
          "oneOf": [
            {
              "$ref": "#/definitions/SchedulePolicy"
            },
            {
              "$ref": "https://schema.management.azure.com/schemas/common/definitions.json#/definitions/expression"
            }
          ],
          "description": "Base class for backup schedule."
        }
      },
      "description": "Sub-protection policy which includes schedule and retention"
    },
    "WeeklyRetentionFormat": {
      "type": "object",
      "properties": {
        "daysOfTheWeek": {
          "oneOf": [
            {
              "type": "array",
              "items": {
                "type": "string",
                "enum": [
                  "Sunday",
                  "Monday",
                  "Tuesday",
                  "Wednesday",
                  "Thursday",
                  "Friday",
                  "Saturday"
                ]
              }
            },
            {
              "$ref": "https://schema.management.azure.com/schemas/common/definitions.json#/definitions/expression"
            }
          ],
          "description": "List of days of the week."
        },
        "weeksOfTheMonth": {
          "oneOf": [
            {
              "type": "array",
              "items": {
                "type": "string",
                "enum": [
                  "First",
                  "Second",
                  "Third",
                  "Fourth",
                  "Last",
                  "Invalid"
                ]
              }
            },
            {
              "$ref": "https://schema.management.azure.com/schemas/common/definitions.json#/definitions/expression"
            }
          ],
          "description": "List of weeks of month."
        }
      },
      "description": "Weekly retention format."
    },
    "WeeklyRetentionSchedule": {
      "type": "object",
      "properties": {
        "daysOfTheWeek": {
          "oneOf": [
            {
              "type": "array",
              "items": {
                "type": "string",
                "enum": [
                  "Sunday",
                  "Monday",
                  "Tuesday",
                  "Wednesday",
                  "Thursday",
                  "Friday",
                  "Saturday"
                ]
              }
            },
            {
              "$ref": "https://schema.management.azure.com/schemas/common/definitions.json#/definitions/expression"
            }
          ],
          "description": "List of days of week for weekly retention policy."
        },
        "retentionDuration": {
          "oneOf": [
            {
              "$ref": "#/definitions/RetentionDuration"
            },
            {
              "$ref": "https://schema.management.azure.com/schemas/common/definitions.json#/definitions/expression"
            }
          ],
          "description": "Retention duration."
        },
        "retentionTimes": {
          "oneOf": [
            {
              "type": "array",
              "items": {
                "type": "string"
              }
            },
            {
              "$ref": "https://schema.management.azure.com/schemas/common/definitions.json#/definitions/expression"
            }
          ],
          "description": "Retention times of retention policy."
        }
      },
      "description": "Weekly retention schedule."
    },
    "YearlyRetentionSchedule": {
      "type": "object",
      "properties": {
        "monthsOfYear": {
          "oneOf": [
            {
              "type": "array",
              "items": {
                "type": "string",
                "enum": [
                  "Invalid",
                  "January",
                  "February",
                  "March",
                  "April",
                  "May",
                  "June",
                  "July",
                  "August",
                  "September",
                  "October",
                  "November",
                  "December"
                ]
              }
            },
            {
              "$ref": "https://schema.management.azure.com/schemas/common/definitions.json#/definitions/expression"
            }
          ],
          "description": "List of months of year of yearly retention policy."
        },
        "retentionDuration": {
          "oneOf": [
            {
              "$ref": "#/definitions/RetentionDuration"
            },
            {
              "$ref": "https://schema.management.azure.com/schemas/common/definitions.json#/definitions/expression"
            }
          ],
          "description": "Retention duration."
        },
        "retentionScheduleDaily": {
          "oneOf": [
            {
              "$ref": "#/definitions/DailyRetentionFormat"
            },
            {
              "$ref": "https://schema.management.azure.com/schemas/common/definitions.json#/definitions/expression"
            }
          ],
          "description": "Daily retention format."
        },
        "retentionScheduleFormatType": {
          "oneOf": [
            {
              "type": "string",
              "enum": [
                "Invalid",
                "Daily",
                "Weekly"
              ]
            },
            {
              "$ref": "https://schema.management.azure.com/schemas/common/definitions.json#/definitions/expression"
            }
          ],
          "description": "Retention schedule format for yearly retention policy."
        },
        "retentionScheduleWeekly": {
          "oneOf": [
            {
              "$ref": "#/definitions/WeeklyRetentionFormat"
            },
            {
              "$ref": "https://schema.management.azure.com/schemas/common/definitions.json#/definitions/expression"
            }
          ],
          "description": "Weekly retention format."
        },
        "retentionTimes": {
          "oneOf": [
            {
              "type": "array",
              "items": {
                "type": "string"
              }
            },
            {
              "$ref": "https://schema.management.azure.com/schemas/common/definitions.json#/definitions/expression"
            }
          ],
          "description": "Retention times of retention policy."
        }
      },
      "description": "Yearly retention schedule."
    }
  }
}