{
  "id": "https://schema.management.azure.com/schemas/2016-10-01/Microsoft.StorSimple.1200.json#",
  "$schema": "http://json-schema.org/draft-04/schema#",
  "title": "Microsoft.StorSimple",
  "description": "Microsoft StorSimple Resource Types",
  "resourceDefinitions": {
    "managers": {
      "type": "object",
      "properties": {
        "apiVersion": {
          "type": "string",
          "enum": [
            "2016-10-01"
          ]
        },
        "etag": {
          "type": "string",
          "description": "ETag of the Manager"
        },
        "location": {
          "type": "string",
          "description": "The Geo location of the Manager"
        },
        "name": {
          "type": "string",
          "minLength": 2,
          "maxLength": 50,
          "description": "The manager name"
        },
        "properties": {
          "oneOf": [
            {
              "$ref": "#/definitions/ManagerProperties"
            },
            {
              "$ref": "https://schema.management.azure.com/schemas/common/definitions.json#/definitions/expression"
            }
          ],
          "description": "The properties of the Manager"
        },
        "resources": {
          "type": "array",
          "items": {
            "oneOf": [
              {
                "$ref": "#/definitions/managers_certificates_childResource"
              },
              {
                "$ref": "#/definitions/managers_extendedInformation_childResource"
              },
              {
                "$ref": "#/definitions/managers_accessControlRecords_childResource"
              },
              {
                "$ref": "#/definitions/managers_storageAccountCredentials_childResource"
              },
              {
                "$ref": "#/definitions/managers_storageDomains_childResource"
              }
            ]
          }
        },
        "tags": {
          "oneOf": [
            {
              "type": "object",
              "additionalProperties": {
                "type": "string"
              },
              "properties": {}
            },
            {
              "$ref": "https://schema.management.azure.com/schemas/common/definitions.json#/definitions/expression"
            }
          ],
          "description": "Tags attached to the Manager"
        },
        "type": {
          "type": "string",
          "enum": [
            "Microsoft.StorSimple/managers"
          ]
        }
      },
      "required": [
        "apiVersion",
        "location",
        "name",
        "properties",
        "type"
      ],
      "description": "Microsoft.StorSimple/managers"
    },
    "managers_accessControlRecords": {
      "type": "object",
      "properties": {
        "apiVersion": {
          "type": "string",
          "enum": [
            "2016-10-01"
          ]
        },
        "name": {
          "type": "string",
          "description": "The name of the access control record."
        },
        "properties": {
          "oneOf": [
            {
              "$ref": "#/definitions/AccessControlRecordProperties"
            },
            {
              "$ref": "https://schema.management.azure.com/schemas/common/definitions.json#/definitions/expression"
            }
          ],
          "description": "Properties of access control record"
        },
        "type": {
          "type": "string",
          "enum": [
            "Microsoft.StorSimple/managers/accessControlRecords"
          ]
        }
      },
      "required": [
        "apiVersion",
        "name",
        "properties",
        "type"
      ],
      "description": "Microsoft.StorSimple/managers/accessControlRecords"
    },
    "managers_certificates": {
      "type": "object",
      "properties": {
        "apiVersion": {
          "type": "string",
          "enum": [
            "2016-10-01"
          ]
        },
        "name": {
          "type": "string",
          "description": "Certificate Name"
        },
        "properties": {
          "oneOf": [
            {
              "$ref": "#/definitions/RawCertificateData"
            },
            {
              "$ref": "https://schema.management.azure.com/schemas/common/definitions.json#/definitions/expression"
            }
          ],
          "description": "Raw Certificate Data From IDM"
        },
        "type": {
          "type": "string",
          "enum": [
            "Microsoft.StorSimple/managers/certificates"
          ]
        }
      },
      "required": [
        "apiVersion",
        "name",
        "properties",
        "type"
      ],
      "description": "Microsoft.StorSimple/managers/certificates"
    },
    "managers_devices_alertSettings": {
      "type": "object",
      "properties": {
        "apiVersion": {
          "type": "string",
          "enum": [
            "2016-10-01"
          ]
        },
        "name": {
          "oneOf": [
            {
              "type": "string",
              "pattern": "^.*/default$"
            },
            {
              "$ref": "https://schema.management.azure.com/schemas/common/definitions.json#/definitions/expression"
            }
          ]
        },
        "properties": {
          "oneOf": [
            {
              "$ref": "#/definitions/AlertSettingsProperties"
            },
            {
              "$ref": "https://schema.management.azure.com/schemas/common/definitions.json#/definitions/expression"
            }
          ],
          "description": "Class containing the properties of AlertSettings"
        },
        "type": {
          "type": "string",
          "enum": [
            "Microsoft.StorSimple/managers/devices/alertSettings"
          ]
        }
      },
      "required": [
        "apiVersion",
        "name",
        "properties",
        "type"
      ],
      "description": "Microsoft.StorSimple/managers/devices/alertSettings"
    },
    "managers_devices_backupScheduleGroups": {
      "type": "object",
      "properties": {
        "apiVersion": {
          "type": "string",
          "enum": [
            "2016-10-01"
          ]
        },
        "name": {
          "type": "string",
          "description": "The name of the schedule group."
        },
        "properties": {
          "oneOf": [
            {
              "$ref": "#/definitions/BackupScheduleGroupProperties"
            },
            {
              "$ref": "https://schema.management.azure.com/schemas/common/definitions.json#/definitions/expression"
            }
          ],
          "description": "The Backup Schedule Group Properties"
        },
        "type": {
          "type": "string",
          "enum": [
            "Microsoft.StorSimple/managers/devices/backupScheduleGroups"
          ]
        }
      },
      "required": [
        "apiVersion",
        "name",
        "properties",
        "type"
      ],
      "description": "Microsoft.StorSimple/managers/devices/backupScheduleGroups"
    },
    "managers_devices_chapSettings": {
      "type": "object",
      "properties": {
        "apiVersion": {
          "type": "string",
          "enum": [
            "2016-10-01"
          ]
        },
        "name": {
          "type": "string",
          "description": "The chap user name."
        },
        "properties": {
          "oneOf": [
            {
              "$ref": "#/definitions/ChapProperties"
            },
            {
              "$ref": "https://schema.management.azure.com/schemas/common/definitions.json#/definitions/expression"
            }
          ],
          "description": "Chap properties"
        },
        "type": {
          "type": "string",
          "enum": [
            "Microsoft.StorSimple/managers/devices/chapSettings"
          ]
        }
      },
      "required": [
        "apiVersion",
        "name",
        "properties",
        "type"
      ],
      "description": "Microsoft.StorSimple/managers/devices/chapSettings"
    },
    "managers_devices_fileservers": {
      "type": "object",
      "properties": {
        "apiVersion": {
          "type": "string",
          "enum": [
            "2016-10-01"
          ]
        },
        "name": {
          "type": "string",
          "description": "The file server name."
        },
        "properties": {
          "oneOf": [
            {
              "$ref": "#/definitions/FileServerProperties"
            },
            {
              "$ref": "https://schema.management.azure.com/schemas/common/definitions.json#/definitions/expression"
            }
          ],
          "description": "The file server properties."
        },
        "resources": {
          "type": "array",
          "items": {
            "oneOf": [
              {
                "$ref": "#/definitions/managers_devices_fileservers_shares_childResource"
              }
            ]
          }
        },
        "type": {
          "type": "string",
          "enum": [
            "Microsoft.StorSimple/managers/devices/fileservers"
          ]
        }
      },
      "required": [
        "apiVersion",
        "name",
        "properties",
        "type"
      ],
      "description": "Microsoft.StorSimple/managers/devices/fileservers"
    },
    "managers_devices_fileservers_shares": {
      "type": "object",
      "properties": {
        "apiVersion": {
          "type": "string",
          "enum": [
            "2016-10-01"
          ]
        },
        "name": {
          "type": "string",
          "description": "The file share name."
        },
        "properties": {
          "oneOf": [
            {
              "$ref": "#/definitions/FileShareProperties"
            },
            {
              "$ref": "https://schema.management.azure.com/schemas/common/definitions.json#/definitions/expression"
            }
          ],
          "description": "The File Share."
        },
        "type": {
          "type": "string",
          "enum": [
            "Microsoft.StorSimple/managers/devices/fileservers/shares"
          ]
        }
      },
      "required": [
        "apiVersion",
        "name",
        "properties",
        "type"
      ],
      "description": "Microsoft.StorSimple/managers/devices/fileservers/shares"
    },
    "managers_devices_iscsiservers": {
      "type": "object",
      "properties": {
        "apiVersion": {
          "type": "string",
          "enum": [
            "2016-10-01"
          ]
        },
        "name": {
          "type": "string",
          "description": "The iSCSI server name."
        },
        "properties": {
          "oneOf": [
            {
              "$ref": "#/definitions/ISCSIServerProperties"
            },
            {
              "$ref": "https://schema.management.azure.com/schemas/common/definitions.json#/definitions/expression"
            }
          ],
          "description": "The iSCSI server properties."
        },
        "resources": {
          "type": "array",
          "items": {
            "oneOf": [
              {
                "$ref": "#/definitions/managers_devices_iscsiservers_disks_childResource"
              }
            ]
          }
        },
        "type": {
          "type": "string",
          "enum": [
            "Microsoft.StorSimple/managers/devices/iscsiservers"
          ]
        }
      },
      "required": [
        "apiVersion",
        "name",
        "properties",
        "type"
      ],
      "description": "Microsoft.StorSimple/managers/devices/iscsiservers"
    },
    "managers_devices_iscsiservers_disks": {
      "type": "object",
      "properties": {
        "apiVersion": {
          "type": "string",
          "enum": [
            "2016-10-01"
          ]
        },
        "name": {
          "type": "string",
          "description": "The disk name."
        },
        "properties": {
          "oneOf": [
            {
              "$ref": "#/definitions/ISCSIDiskProperties"
            },
            {
              "$ref": "https://schema.management.azure.com/schemas/common/definitions.json#/definitions/expression"
            }
          ],
          "description": "The iSCSI disk properties."
        },
        "type": {
          "type": "string",
          "enum": [
            "Microsoft.StorSimple/managers/devices/iscsiservers/disks"
          ]
        }
      },
      "required": [
        "apiVersion",
        "name",
        "properties",
        "type"
      ],
      "description": "Microsoft.StorSimple/managers/devices/iscsiservers/disks"
    },
    "managers_extendedInformation": {
      "type": "object",
      "properties": {
        "apiVersion": {
          "type": "string",
          "enum": [
            "2016-10-01"
          ]
        },
        "etag": {
          "type": "string",
          "description": "ETag of the Resource"
        },
        "name": {
          "oneOf": [
            {
              "type": "string",
              "pattern": "^.*/vaultExtendedInfo$"
            },
            {
              "$ref": "https://schema.management.azure.com/schemas/common/definitions.json#/definitions/expression"
            }
          ]
        },
        "properties": {
          "oneOf": [
            {
              "$ref": "#/definitions/ManagerExtendedInfoProperties"
            },
            {
              "$ref": "https://schema.management.azure.com/schemas/common/definitions.json#/definitions/expression"
            }
          ],
          "description": "Properties of the ManagerExtendedInfo"
        },
        "type": {
          "type": "string",
          "enum": [
            "Microsoft.StorSimple/managers/extendedInformation"
          ]
        }
      },
      "required": [
        "apiVersion",
        "name",
        "properties",
        "type"
      ],
      "description": "Microsoft.StorSimple/managers/extendedInformation"
    },
    "managers_storageAccountCredentials": {
      "type": "object",
      "properties": {
        "apiVersion": {
          "type": "string",
          "enum": [
            "2016-10-01"
          ]
        },
        "name": {
          "type": "string",
          "description": "The credential name."
        },
        "properties": {
          "oneOf": [
            {
              "$ref": "#/definitions/StorageAccountCredentialProperties"
            },
            {
              "$ref": "https://schema.management.azure.com/schemas/common/definitions.json#/definitions/expression"
            }
          ],
          "description": "Storage account properties"
        },
        "type": {
          "type": "string",
          "enum": [
            "Microsoft.StorSimple/managers/storageAccountCredentials"
          ]
        }
      },
      "required": [
        "apiVersion",
        "name",
        "properties",
        "type"
      ],
      "description": "Microsoft.StorSimple/managers/storageAccountCredentials"
    },
    "managers_storageDomains": {
      "type": "object",
      "properties": {
        "apiVersion": {
          "type": "string",
          "enum": [
            "2016-10-01"
          ]
        },
        "name": {
          "type": "string",
          "description": "The storage domain name."
        },
        "properties": {
          "oneOf": [
            {
              "$ref": "#/definitions/StorageDomainProperties"
            },
            {
              "$ref": "https://schema.management.azure.com/schemas/common/definitions.json#/definitions/expression"
            }
          ],
          "description": "The storage domain properties."
        },
        "type": {
          "type": "string",
          "enum": [
            "Microsoft.StorSimple/managers/storageDomains"
          ]
        }
      },
      "required": [
        "apiVersion",
        "name",
        "properties",
        "type"
      ],
      "description": "Microsoft.StorSimple/managers/storageDomains"
    }
  },
  "definitions": {
    "AccessControlRecordProperties": {
      "type": "object",
      "properties": {
        "initiatorName": {
          "type": "string",
          "description": "The Iscsi initiator name (IQN)"
        }
      },
      "required": [
        "initiatorName"
      ],
      "description": "Properties of access control record"
    },
    "AlertSettingsProperties": {
      "type": "object",
      "properties": {
        "additionalRecipientEmailList": {
          "oneOf": [
            {
              "type": "array",
              "items": {
                "type": "string"
              }
            },
            {
              "$ref": "https://schema.management.azure.com/schemas/common/definitions.json#/definitions/expression"
            }
          ],
          "description": "List of email addresses (apart from admin/co-admin of subscription) to whom the alert emails need to be sent"
        },
        "alertNotificationCulture": {
          "type": "string",
          "description": "Culture setting to be used while building alert emails. For eg: \"en-US\""
        },
        "emailNotification": {
          "oneOf": [
            {
              "type": "string",
              "enum": [
                "Enabled",
                "Disabled"
              ]
            },
            {
              "$ref": "https://schema.management.azure.com/schemas/common/definitions.json#/definitions/expression"
            }
          ],
          "description": "Value indicating whether user/admins will receive emails when an alert condition occurs on the system."
        },
        "notificationToServiceOwners": {
          "oneOf": [
            {
              "type": "string",
              "enum": [
                "Enabled",
                "Disabled"
              ]
            },
            {
              "$ref": "https://schema.management.azure.com/schemas/common/definitions.json#/definitions/expression"
            }
          ],
          "description": "Value indicating whether service owners will receive emails when an alert condition occurs on the system. Applicable only if emailNotification flag is Enabled."
        }
      },
      "required": [
        "alertNotificationCulture",
        "emailNotification",
        "notificationToServiceOwners"
      ],
      "description": "Class containing the properties of AlertSettings"
    },
    "AsymmetricEncryptedSecret": {
      "type": "object",
      "properties": {
        "encryptionAlgorithm": {
          "oneOf": [
            {
              "type": "string",
              "enum": [
                "None",
                "AES256",
                "RSAES_PKCS1_v_1_5"
              ]
            },
            {
              "$ref": "https://schema.management.azure.com/schemas/common/definitions.json#/definitions/expression"
            }
          ],
          "description": "Algorithm used to encrypt \"Value\"."
        },
        "encryptionCertificateThumbprint": {
          "type": "string",
          "description": "Thumbprint certificate that was used to encrypt \"Value\""
        },
        "value": {
          "type": "string",
          "description": "The value of the secret itself. If the secret is in plaintext then EncryptionAlgorithm will be none and EncryptionCertThumbprint will be null."
        }
      },
      "required": [
        "encryptionAlgorithm",
        "value"
      ],
      "description": "This class can be used as the Type for any secret entity represented as Password, CertThumbprint, Algorithm. This class is intended to be used when the secret is encrypted with an asymmetric key pair. The encryptionAlgorithm field is mainly for future usage to potentially allow different entities encrypted using different algorithms."
    },
    "BackupScheduleGroupProperties": {
      "type": "object",
      "properties": {
        "startTime": {
          "oneOf": [
            {
              "$ref": "#/definitions/Time"
            },
            {
              "$ref": "https://schema.management.azure.com/schemas/common/definitions.json#/definitions/expression"
            }
          ],
          "description": "The Time."
        }
      },
      "required": [
        "startTime"
      ],
      "description": "The Backup Schedule Group Properties"
    },
    "ChapProperties": {
      "type": "object",
      "properties": {
        "password": {
          "oneOf": [
            {
              "$ref": "#/definitions/AsymmetricEncryptedSecret"
            },
            {
              "$ref": "https://schema.management.azure.com/schemas/common/definitions.json#/definitions/expression"
            }
          ],
          "description": "This class can be used as the Type for any secret entity represented as Password, CertThumbprint, Algorithm. This class is intended to be used when the secret is encrypted with an asymmetric key pair. The encryptionAlgorithm field is mainly for future usage to potentially allow different entities encrypted using different algorithms."
        }
      },
      "required": [
        "password"
      ],
      "description": "Chap properties"
    },
    "FileServerProperties": {
      "type": "object",
      "properties": {
        "backupScheduleGroupId": {
          "type": "string",
          "description": "The backup policy id."
        },
        "description": {
          "type": "string",
          "description": "The description of the file server"
        },
        "domainName": {
          "type": "string",
          "description": "Domain of the file server"
        },
        "storageDomainId": {
          "type": "string",
          "description": "The storage domain id."
        }
      },
      "required": [
        "backupScheduleGroupId",
        "domainName",
        "storageDomainId"
      ],
      "description": "The file server properties."
    },
    "FileShareProperties": {
      "type": "object",
      "properties": {
        "adminUser": {
          "type": "string",
          "description": "The user/group who will have full permission in this share. Active directory email address. Example: xyz@contoso.com or Contoso\\xyz."
        },
        "dataPolicy": {
          "oneOf": [
            {
              "type": "string",
              "enum": [
                "Invalid",
                "Local",
                "Tiered",
                "Cloud"
              ]
            },
            {
              "$ref": "https://schema.management.azure.com/schemas/common/definitions.json#/definitions/expression"
            }
          ],
          "description": "The data policy."
        },
        "description": {
          "type": "string",
          "description": "Description for file share"
        },
        "monitoringStatus": {
          "oneOf": [
            {
              "type": "string",
              "enum": [
                "Enabled",
                "Disabled"
              ]
            },
            {
              "$ref": "https://schema.management.azure.com/schemas/common/definitions.json#/definitions/expression"
            }
          ],
          "description": "The monitoring status."
        },
        "provisionedCapacityInBytes": {
          "oneOf": [
            {
              "type": "integer"
            },
            {
              "$ref": "https://schema.management.azure.com/schemas/common/definitions.json#/definitions/expression"
            }
          ],
          "description": "The total provisioned capacity in Bytes"
        },
        "shareStatus": {
          "oneOf": [
            {
              "type": "string",
              "enum": [
                "Online",
                "Offline"
              ]
            },
            {
              "$ref": "https://schema.management.azure.com/schemas/common/definitions.json#/definitions/expression"
            }
          ],
          "description": "The Share Status."
        }
      },
      "required": [
        "adminUser",
        "dataPolicy",
        "monitoringStatus",
        "provisionedCapacityInBytes",
        "shareStatus"
      ],
      "description": "The File Share."
    },
    "ISCSIDiskProperties": {
      "type": "object",
      "properties": {
        "accessControlRecords": {
          "oneOf": [
            {
              "type": "array",
              "items": {
                "type": "string"
              }
            },
            {
              "$ref": "https://schema.management.azure.com/schemas/common/definitions.json#/definitions/expression"
            }
          ],
          "description": "The access control records."
        },
        "dataPolicy": {
          "oneOf": [
            {
              "type": "string",
              "enum": [
                "Invalid",
                "Local",
                "Tiered",
                "Cloud"
              ]
            },
            {
              "$ref": "https://schema.management.azure.com/schemas/common/definitions.json#/definitions/expression"
            }
          ],
          "description": "The data policy."
        },
        "description": {
          "type": "string",
          "description": "The description."
        },
        "diskStatus": {
          "oneOf": [
            {
              "type": "string",
              "enum": [
                "Online",
                "Offline"
              ]
            },
            {
              "$ref": "https://schema.management.azure.com/schemas/common/definitions.json#/definitions/expression"
            }
          ],
          "description": "The disk status."
        },
        "monitoringStatus": {
          "oneOf": [
            {
              "type": "string",
              "enum": [
                "Enabled",
                "Disabled"
              ]
            },
            {
              "$ref": "https://schema.management.azure.com/schemas/common/definitions.json#/definitions/expression"
            }
          ],
          "description": "The monitoring."
        },
        "provisionedCapacityInBytes": {
          "oneOf": [
            {
              "type": "integer"
            },
            {
              "$ref": "https://schema.management.azure.com/schemas/common/definitions.json#/definitions/expression"
            }
          ],
          "description": "The provisioned capacity in bytes."
        }
      },
      "required": [
        "accessControlRecords",
        "dataPolicy",
        "diskStatus",
        "monitoringStatus",
        "provisionedCapacityInBytes"
      ],
      "description": "The iSCSI disk properties."
    },
    "ISCSIServerProperties": {
      "type": "object",
      "properties": {
        "backupScheduleGroupId": {
          "type": "string",
          "description": "The backup policy id."
        },
        "chapId": {
          "type": "string",
          "description": "The chap id."
        },
        "description": {
          "type": "string",
          "description": "The description."
        },
        "reverseChapId": {
          "type": "string",
          "description": "The reverse chap id."
        },
        "storageDomainId": {
          "type": "string",
          "description": "The storage domain id."
        }
      },
      "required": [
        "backupScheduleGroupId",
        "storageDomainId"
      ],
      "description": "The iSCSI server properties."
    },
    "ManagerExtendedInfoProperties": {
      "type": "object",
      "properties": {
        "algorithm": {
          "type": "string",
          "description": "Represents the encryption algorithm used to encrypt the other keys. None - if EncryptionKey is saved in plain text format. AlgorithmName - if encryption is used"
        },
        "encryptionKey": {
          "type": "string",
          "description": "Represents the CEK of the resource"
        },
        "encryptionKeyThumbprint": {
          "type": "string",
          "description": "Represents the Cert thumbprint that was used to encrypt the CEK"
        },
        "integrityKey": {
          "type": "string",
          "description": "Represents the CIK of the resource"
        },
        "portalCertificateThumbprint": {
          "type": "string",
          "description": "Represents the portal thumbprint which can be used optionally to encrypt the entire data before storing it."
        },
        "version": {
          "type": "string",
          "description": "Represents the version of the ExtendedInfo object being persisted"
        }
      },
      "required": [
        "algorithm",
        "integrityKey"
      ],
      "description": "Properties of the ManagerExtendedInfo"
    },
    "ManagerIntrinsicSettings": {
      "type": "object",
      "properties": {
        "type": {
          "oneOf": [
            {
              "type": "string",
              "enum": [
                "GardaV1",
                "HelsinkiV1"
              ]
            },
            {
              "$ref": "https://schema.management.azure.com/schemas/common/definitions.json#/definitions/expression"
            }
          ],
          "description": "Refers to the type of the StorSimple Manager."
        }
      },
      "required": [
        "type"
      ],
      "description": "Intrinsic settings which refers to the type of the StorSimple manager"
    },
    "ManagerProperties": {
      "type": "object",
      "properties": {
        "cisIntrinsicSettings": {
          "oneOf": [
            {
              "$ref": "#/definitions/ManagerIntrinsicSettings"
            },
            {
              "$ref": "https://schema.management.azure.com/schemas/common/definitions.json#/definitions/expression"
            }
          ],
          "description": "Intrinsic settings which refers to the type of the StorSimple manager"
        },
        "sku": {
          "oneOf": [
            {
              "$ref": "#/definitions/ManagerSku"
            },
            {
              "$ref": "https://schema.management.azure.com/schemas/common/definitions.json#/definitions/expression"
            }
          ],
          "description": "The Sku."
        }
      },
      "description": "The properties of the Manager"
    },
    "ManagerSku": {
      "type": "object",
      "properties": {
        "name": {
          "oneOf": [
            {
              "type": "string",
              "enum": [
                "Standard"
              ]
            },
            {
              "$ref": "https://schema.management.azure.com/schemas/common/definitions.json#/definitions/expression"
            }
          ],
          "description": "Refers to the sku name which should be \"Standard\""
        }
      },
      "required": [
        "name"
      ],
      "description": "The Sku."
    },
    "managers_accessControlRecords_childResource": {
      "type": "object",
      "properties": {
        "apiVersion": {
          "type": "string",
          "enum": [
            "2016-10-01"
          ]
        },
        "name": {
          "type": "string",
          "description": "The name of the access control record."
        },
        "properties": {
          "oneOf": [
            {
              "$ref": "#/definitions/AccessControlRecordProperties"
            },
            {
              "$ref": "https://schema.management.azure.com/schemas/common/definitions.json#/definitions/expression"
            }
          ],
          "description": "Properties of access control record"
        },
        "type": {
          "type": "string",
          "enum": [
            "accessControlRecords"
          ]
        }
      },
      "required": [
        "apiVersion",
        "name",
        "properties",
        "type"
      ],
      "description": "Microsoft.StorSimple/managers/accessControlRecords"
    },
    "managers_certificates_childResource": {
      "type": "object",
      "properties": {
        "apiVersion": {
          "type": "string",
          "enum": [
            "2016-10-01"
          ]
        },
        "name": {
          "type": "string",
          "description": "Certificate Name"
        },
        "properties": {
          "oneOf": [
            {
              "$ref": "#/definitions/RawCertificateData"
            },
            {
              "$ref": "https://schema.management.azure.com/schemas/common/definitions.json#/definitions/expression"
            }
          ],
          "description": "Raw Certificate Data From IDM"
        },
        "type": {
          "type": "string",
          "enum": [
            "certificates"
          ]
        }
      },
      "required": [
        "apiVersion",
        "name",
        "properties",
        "type"
      ],
      "description": "Microsoft.StorSimple/managers/certificates"
    },
    "managers_devices_fileservers_shares_childResource": {
      "type": "object",
      "properties": {
        "apiVersion": {
          "type": "string",
          "enum": [
            "2016-10-01"
          ]
        },
        "name": {
          "type": "string",
          "description": "The file share name."
        },
        "properties": {
          "oneOf": [
            {
              "$ref": "#/definitions/FileShareProperties"
            },
            {
              "$ref": "https://schema.management.azure.com/schemas/common/definitions.json#/definitions/expression"
            }
          ],
          "description": "The File Share."
        },
        "type": {
          "type": "string",
          "enum": [
            "shares"
          ]
        }
      },
      "required": [
        "apiVersion",
        "name",
        "properties",
        "type"
      ],
      "description": "Microsoft.StorSimple/managers/devices/fileservers/shares"
    },
    "managers_devices_iscsiservers_disks_childResource": {
      "type": "object",
      "properties": {
        "apiVersion": {
          "type": "string",
          "enum": [
            "2016-10-01"
          ]
        },
        "name": {
          "type": "string",
          "description": "The disk name."
        },
        "properties": {
          "oneOf": [
            {
              "$ref": "#/definitions/ISCSIDiskProperties"
            },
            {
              "$ref": "https://schema.management.azure.com/schemas/common/definitions.json#/definitions/expression"
            }
          ],
          "description": "The iSCSI disk properties."
        },
        "type": {
          "type": "string",
          "enum": [
            "disks"
          ]
        }
      },
      "required": [
        "apiVersion",
        "name",
        "properties",
        "type"
      ],
      "description": "Microsoft.StorSimple/managers/devices/iscsiservers/disks"
    },
    "managers_extendedInformation_childResource": {
      "type": "object",
      "properties": {
        "apiVersion": {
          "type": "string",
          "enum": [
            "2016-10-01"
          ]
        },
        "etag": {
          "type": "string",
          "description": "ETag of the Resource"
        },
        "name": {
          "type": "string",
          "enum": [
            "vaultExtendedInfo"
          ]
        },
        "properties": {
          "oneOf": [
            {
              "$ref": "#/definitions/ManagerExtendedInfoProperties"
            },
            {
              "$ref": "https://schema.management.azure.com/schemas/common/definitions.json#/definitions/expression"
            }
          ],
          "description": "Properties of the ManagerExtendedInfo"
        },
        "type": {
          "type": "string",
          "enum": [
            "extendedInformation"
          ]
        }
      },
      "required": [
        "apiVersion",
        "name",
        "properties",
        "type"
      ],
      "description": "Microsoft.StorSimple/managers/extendedInformation"
    },
    "managers_storageAccountCredentials_childResource": {
      "type": "object",
      "properties": {
        "apiVersion": {
          "type": "string",
          "enum": [
            "2016-10-01"
          ]
        },
        "name": {
          "type": "string",
          "description": "The credential name."
        },
        "properties": {
          "oneOf": [
            {
              "$ref": "#/definitions/StorageAccountCredentialProperties"
            },
            {
              "$ref": "https://schema.management.azure.com/schemas/common/definitions.json#/definitions/expression"
            }
          ],
          "description": "Storage account properties"
        },
        "type": {
          "type": "string",
          "enum": [
            "storageAccountCredentials"
          ]
        }
      },
      "required": [
        "apiVersion",
        "name",
        "properties",
        "type"
      ],
      "description": "Microsoft.StorSimple/managers/storageAccountCredentials"
    },
    "managers_storageDomains_childResource": {
      "type": "object",
      "properties": {
        "apiVersion": {
          "type": "string",
          "enum": [
            "2016-10-01"
          ]
        },
        "name": {
          "type": "string",
          "description": "The storage domain name."
        },
        "properties": {
          "oneOf": [
            {
              "$ref": "#/definitions/StorageDomainProperties"
            },
            {
              "$ref": "https://schema.management.azure.com/schemas/common/definitions.json#/definitions/expression"
            }
          ],
          "description": "The storage domain properties."
        },
        "type": {
          "type": "string",
          "enum": [
            "storageDomains"
          ]
        }
      },
      "required": [
        "apiVersion",
        "name",
        "properties",
        "type"
      ],
      "description": "Microsoft.StorSimple/managers/storageDomains"
    },
    "RawCertificateData": {
      "type": "object",
      "properties": {
        "authType": {
          "oneOf": [
            {
              "type": "string",
              "enum": [
                "Invalid",
                "AccessControlService",
                "AzureActiveDirectory"
              ]
            },
            {
              "$ref": "https://schema.management.azure.com/schemas/common/definitions.json#/definitions/expression"
            }
          ],
          "description": "Specify the Authentication type."
        },
        "certificate": {
          "type": "string",
          "description": "Gets or sets the base64 encoded certificate raw data string"
        }
      },
      "required": [
        "certificate"
      ],
      "description": "Raw Certificate Data From IDM"
    },
    "StorageAccountCredentialProperties": {
      "type": "object",
      "properties": {
        "accessKey": {
          "oneOf": [
            {
              "$ref": "#/definitions/AsymmetricEncryptedSecret"
            },
            {
              "$ref": "https://schema.management.azure.com/schemas/common/definitions.json#/definitions/expression"
            }
          ],
          "description": "This class can be used as the Type for any secret entity represented as Password, CertThumbprint, Algorithm. This class is intended to be used when the secret is encrypted with an asymmetric key pair. The encryptionAlgorithm field is mainly for future usage to potentially allow different entities encrypted using different algorithms."
        },
        "cloudType": {
          "oneOf": [
            {
              "type": "string",
              "enum": [
                "Azure",
                "S3",
                "S3_RRS",
                "OpenStack",
                "HP"
              ]
            },
            {
              "$ref": "https://schema.management.azure.com/schemas/common/definitions.json#/definitions/expression"
            }
          ],
          "description": "The cloud service provider."
        },
        "enableSSL": {
          "oneOf": [
            {
              "type": "string",
              "enum": [
                "Enabled",
                "Disabled"
              ]
            },
            {
              "$ref": "https://schema.management.azure.com/schemas/common/definitions.json#/definitions/expression"
            }
          ],
          "description": "SSL needs to be enabled or not."
        },
        "endPoint": {
          "type": "string",
          "description": "The storage endpoint"
        },
        "location": {
          "type": "string",
          "description": "The storage account's geo location"
        },
        "login": {
          "type": "string",
          "description": "The storage account login"
        }
      },
      "required": [
        "cloudType",
        "enableSSL",
        "endPoint",
        "login"
      ],
      "description": "Storage account properties"
    },
    "StorageDomainProperties": {
      "type": "object",
      "properties": {
        "encryptionKey": {
          "oneOf": [
            {
              "$ref": "#/definitions/AsymmetricEncryptedSecret"
            },
            {
              "$ref": "https://schema.management.azure.com/schemas/common/definitions.json#/definitions/expression"
            }
          ],
          "description": "This class can be used as the Type for any secret entity represented as Password, CertThumbprint, Algorithm. This class is intended to be used when the secret is encrypted with an asymmetric key pair. The encryptionAlgorithm field is mainly for future usage to potentially allow different entities encrypted using different algorithms."
        },
        "encryptionStatus": {
          "oneOf": [
            {
              "type": "string",
              "enum": [
                "Enabled",
                "Disabled"
              ]
            },
            {
              "$ref": "https://schema.management.azure.com/schemas/common/definitions.json#/definitions/expression"
            }
          ],
          "description": "The encryption status \"Enabled | Disabled\"."
        },
        "storageAccountCredentialIds": {
          "oneOf": [
            {
              "type": "array",
              "items": {
                "type": "string"
              }
            },
            {
              "$ref": "https://schema.management.azure.com/schemas/common/definitions.json#/definitions/expression"
            }
          ],
          "description": "The storage account credentials."
        }
      },
      "required": [
        "encryptionStatus",
        "storageAccountCredentialIds"
      ],
      "description": "The storage domain properties."
    },
    "Time": {
      "type": "object",
      "properties": {
        "hour": {
          "oneOf": [
            {
              "type": "integer",
              "minimum": 0,
              "maximum": 23
            },
            {
              "$ref": "https://schema.management.azure.com/schemas/common/definitions.json#/definitions/expression"
            }
          ],
          "description": "The hour."
        },
        "minute": {
          "oneOf": [
            {
              "type": "integer",
              "minimum": 0,
              "maximum": 59
            },
            {
              "$ref": "https://schema.management.azure.com/schemas/common/definitions.json#/definitions/expression"
            }
          ],
          "description": "The minute."
        }
      },
      "required": [
        "hour",
        "minute"
      ],
      "description": "The Time."
    }
  }
}