{
  "id": "https://schema.management.azure.com/schemas/2016-09-01-preview/Microsoft.Solutions.resourcesolutions.json#",
  "$schema": "http://json-schema.org/draft-04/schema#",
  "title": "Microsoft.Solutions",
  "description": "Microsoft Solutions Resource Types",
  "resourceDefinitions": {
    "applianceDefinitions": {
      "type": "object",
      "properties": {
        "apiVersion": {
          "type": "string",
          "enum": [
            "2016-09-01-preview"
          ]
        },
        "identity": {
          "oneOf": [
            {
              "$ref": "#/definitions/Identity"
            },
            {
              "$ref": "https://schema.management.azure.com/schemas/common/definitions.json#/definitions/expression"
            }
          ],
          "description": "Identity for the resource."
        },
        "location": {
          "type": "string",
          "description": "Resource location"
        },
        "managedBy": {
          "type": "string",
          "description": "ID of the resource that manages this resource."
        },
        "name": {
          "type": "string",
          "minLength": 3,
          "maxLength": 64,
          "description": "The name of the appliance definition."
        },
        "properties": {
          "oneOf": [
            {
              "$ref": "#/definitions/ApplianceDefinitionProperties"
            },
            {
              "$ref": "https://schema.management.azure.com/schemas/common/definitions.json#/definitions/expression"
            }
          ],
          "description": "The appliance definition properties."
        },
        "sku": {
          "oneOf": [
            {
              "$ref": "#/definitions/Sku"
            },
            {
              "$ref": "https://schema.management.azure.com/schemas/common/definitions.json#/definitions/expression"
            }
          ],
          "description": "SKU for the resource."
        },
        "tags": {
          "oneOf": [
            {
              "type": "object",
              "additionalProperties": {
                "type": "string"
              },
              "properties": {}
            },
            {
              "$ref": "https://schema.management.azure.com/schemas/common/definitions.json#/definitions/expression"
            }
          ],
          "description": "Resource tags"
        },
        "type": {
          "type": "string",
          "enum": [
            "Microsoft.Solutions/applianceDefinitions"
          ]
        }
      },
      "required": [
        "apiVersion",
        "name",
        "properties",
        "type"
      ],
      "description": "Microsoft.Solutions/applianceDefinitions"
    },
    "appliances": {
      "type": "object",
      "properties": {
        "apiVersion": {
          "type": "string",
          "enum": [
            "2016-09-01-preview"
          ]
        },
        "identity": {
          "oneOf": [
            {
              "$ref": "#/definitions/Identity"
            },
            {
              "$ref": "https://schema.management.azure.com/schemas/common/definitions.json#/definitions/expression"
            }
          ],
          "description": "Identity for the resource."
        },
        "kind": {
          "oneOf": [
            {
              "type": "string",
              "pattern": "^[-\\w\\._,\\(\\)]+$"
            },
            {
              "$ref": "https://schema.management.azure.com/schemas/common/definitions.json#/definitions/expression"
            }
          ],
          "description": "The kind of the appliance. Allowed values are MarketPlace and ServiceCatalog."
        },
        "location": {
          "type": "string",
          "description": "Resource location"
        },
        "managedBy": {
          "type": "string",
          "description": "ID of the resource that manages this resource."
        },
        "name": {
          "type": "string",
          "minLength": 3,
          "maxLength": 64,
          "description": "The name of the appliance."
        },
        "plan": {
          "oneOf": [
            {
              "$ref": "#/definitions/Plan"
            },
            {
              "$ref": "https://schema.management.azure.com/schemas/common/definitions.json#/definitions/expression"
            }
          ],
          "description": "Plan for the appliance."
        },
        "properties": {
          "oneOf": [
            {
              "$ref": "#/definitions/ApplianceProperties"
            },
            {
              "$ref": "https://schema.management.azure.com/schemas/common/definitions.json#/definitions/expression"
            }
          ],
          "description": "The appliance properties."
        },
        "sku": {
          "oneOf": [
            {
              "$ref": "#/definitions/Sku"
            },
            {
              "$ref": "https://schema.management.azure.com/schemas/common/definitions.json#/definitions/expression"
            }
          ],
          "description": "SKU for the resource."
        },
        "tags": {
          "oneOf": [
            {
              "type": "object",
              "additionalProperties": {
                "type": "string"
              },
              "properties": {}
            },
            {
              "$ref": "https://schema.management.azure.com/schemas/common/definitions.json#/definitions/expression"
            }
          ],
          "description": "Resource tags"
        },
        "type": {
          "type": "string",
          "enum": [
            "Microsoft.Solutions/appliances"
          ]
        }
      },
      "required": [
        "apiVersion",
        "name",
        "properties",
        "type"
      ],
      "description": "Microsoft.Solutions/appliances"
    }
  },
  "definitions": {
    "ApplianceArtifact": {
      "type": "object",
      "properties": {
        "name": {
          "type": "string",
          "description": "The appliance artifact name."
        },
        "type": {
          "oneOf": [
            {
              "type": "string",
              "enum": [
                "Template",
                "Custom"
              ]
            },
            {
              "$ref": "https://schema.management.azure.com/schemas/common/definitions.json#/definitions/expression"
            }
          ],
          "description": "The appliance artifact type."
        },
        "uri": {
          "type": "string",
          "description": "The appliance artifact blob uri."
        }
      },
      "description": "Appliance artifact."
    },
    "ApplianceDefinitionProperties": {
      "type": "object",
      "properties": {
        "artifacts": {
          "oneOf": [
            {
              "type": "array",
              "items": {
                "$ref": "#/definitions/ApplianceArtifact"
              }
            },
            {
              "$ref": "https://schema.management.azure.com/schemas/common/definitions.json#/definitions/expression"
            }
          ],
          "description": "The collection of appliance artifacts. The portal will use the files specified as artifacts to construct the user experience of creating an appliance from an appliance definition."
        },
        "authorizations": {
          "oneOf": [
            {
              "type": "array",
              "items": {
                "$ref": "#/definitions/ApplianceProviderAuthorization"
              }
            },
            {
              "$ref": "https://schema.management.azure.com/schemas/common/definitions.json#/definitions/expression"
            }
          ],
          "description": "The appliance provider authorizations."
        },
        "description": {
          "type": "string",
          "description": "The appliance definition description."
        },
        "displayName": {
          "type": "string",
          "description": "The appliance definition display name."
        },
        "lockLevel": {
          "oneOf": [
            {
              "type": "string",
              "enum": [
                "CanNotDelete",
                "ReadOnly",
                "None"
              ]
            },
            {
              "$ref": "https://schema.management.azure.com/schemas/common/definitions.json#/definitions/expression"
            }
          ],
          "description": "The appliance lock level."
        },
        "packageFileUri": {
          "type": "string",
          "description": "The appliance definition package file Uri."
        }
      },
      "required": [
        "authorizations",
        "lockLevel",
        "packageFileUri"
      ],
      "description": "The appliance definition properties."
    },
    "ApplianceProperties": {
      "type": "object",
      "properties": {
        "applianceDefinitionId": {
          "type": "string",
          "description": "The fully qualified path of appliance definition Id."
        },
        "managedResourceGroupId": {
          "type": "string",
          "description": "The managed resource group Id."
        },
        "parameters": {
          "type": "object",
          "properties": {},
          "description": "Name and value pairs that define the appliance parameters. It can be a JObject or a well formed JSON string."
        },
        "uiDefinitionUri": {
          "type": "string",
          "description": "The blob URI where the UI definition file is located."
        }
      },
      "required": [
        "managedResourceGroupId"
      ],
      "description": "The appliance properties."
    },
    "ApplianceProviderAuthorization": {
      "type": "object",
      "properties": {
        "principalId": {
          "type": "string",
          "description": "The provider's principal identifier. This is the identity that the provider will use to call ARM to manage the appliance resources."
        },
        "roleDefinitionId": {
          "type": "string",
          "description": "The provider's role definition identifier. This role will define all the permissions that the provider must have on the appliance's container resource group. This role definition cannot have permission to delete the resource group."
        }
      },
      "required": [
        "principalId",
        "roleDefinitionId"
      ],
      "description": "The appliance provider authorization."
    },
    "Identity": {
      "type": "object",
      "properties": {
        "type": {
          "oneOf": [
            {
              "type": "string",
              "enum": [
                "SystemAssigned"
              ]
            },
            {
              "$ref": "https://schema.management.azure.com/schemas/common/definitions.json#/definitions/expression"
            }
          ],
          "description": "The identity type."
        }
      },
      "description": "Identity for the resource."
    },
    "Plan": {
      "type": "object",
      "properties": {
        "name": {
          "type": "string",
          "description": "The plan name."
        },
        "product": {
          "type": "string",
          "description": "The product code."
        },
        "promotionCode": {
          "type": "string",
          "description": "The promotion code."
        },
        "publisher": {
          "type": "string",
          "description": "The publisher ID."
        },
        "version": {
          "type": "string",
          "description": "The plan's version."
        }
      },
      "required": [
        "name",
        "product",
        "publisher",
        "version"
      ],
      "description": "Plan for the appliance."
    },
    "Sku": {
      "type": "object",
      "properties": {
        "capacity": {
          "oneOf": [
            {
              "type": "integer"
            },
            {
              "$ref": "https://schema.management.azure.com/schemas/common/definitions.json#/definitions/expression"
            }
          ],
          "description": "The SKU capacity."
        },
        "family": {
          "type": "string",
          "description": "The SKU family."
        },
        "model": {
          "type": "string",
          "description": "The SKU model."
        },
        "name": {
          "type": "string",
          "description": "The SKU name."
        },
        "size": {
          "type": "string",
          "description": "The SKU size."
        },
        "tier": {
          "type": "string",
          "description": "The SKU tier."
        }
      },
      "required": [
        "name"
      ],
      "description": "SKU for the resource."
    }
  }
}