{
  "id": "https://schema.management.azure.com/schemas/2018-10-31-preview/Microsoft.HardwareSecurityModules.json#",
  "$schema": "http://json-schema.org/draft-04/schema#",
  "title": "Microsoft.HardwareSecurityModules",
  "description": "Microsoft HardwareSecurityModules Resource Types",
  "resourceDefinitions": {
    "dedicatedHSMs": {
      "type": "object",
      "properties": {
        "apiVersion": {
          "type": "string",
          "enum": [
            "2018-10-31-preview"
          ]
        },
        "location": {
          "type": "string",
          "description": "The supported Azure location where the dedicated HSM should be created."
        },
        "name": {
          "oneOf": [
            {
              "type": "string",
              "pattern": "^[a-zA-Z0-9-]{3,24}$"
            },
            {
              "$ref": "https://schema.management.azure.com/schemas/common/definitions.json#/definitions/expression"
            }
          ],
          "description": "Name of the dedicated Hsm"
        },
        "properties": {
          "oneOf": [
            {
              "$ref": "#/definitions/DedicatedHsmProperties"
            },
            {
              "$ref": "https://schema.management.azure.com/schemas/common/definitions.json#/definitions/expression"
            }
          ],
          "description": "Properties of the dedicated hsm"
        },
        "sku": {
          "oneOf": [
            {
              "$ref": "#/definitions/Sku"
            },
            {
              "$ref": "https://schema.management.azure.com/schemas/common/definitions.json#/definitions/expression"
            }
          ],
          "description": "SKU of the dedicated HSM"
        },
        "tags": {
          "oneOf": [
            {
              "type": "object",
              "additionalProperties": {
                "type": "string"
              },
              "properties": {}
            },
            {
              "$ref": "https://schema.management.azure.com/schemas/common/definitions.json#/definitions/expression"
            }
          ],
          "description": "Resource tags"
        },
        "type": {
          "type": "string",
          "enum": [
            "Microsoft.HardwareSecurityModules/dedicatedHSMs"
          ]
        },
        "zones": {
          "oneOf": [
            {
              "type": "array",
              "items": {
                "type": "string"
              }
            },
            {
              "$ref": "https://schema.management.azure.com/schemas/common/definitions.json#/definitions/expression"
            }
          ],
          "description": "The Dedicated Hsm zones."
        }
      },
      "required": [
        "apiVersion",
        "location",
        "name",
        "properties",
        "type"
      ],
      "description": "Microsoft.HardwareSecurityModules/dedicatedHSMs"
    }
  },
  "definitions": {
    "ApiEntityReference": {
      "type": "object",
      "properties": {
        "id": {
          "type": "string",
          "description": "The ARM resource id in the form of /subscriptions/{SubscriptionId}/resourceGroups/{ResourceGroupName}/..."
        }
      },
      "description": "The API entity reference."
    },
    "DedicatedHsmProperties": {
      "type": "object",
      "properties": {
        "networkProfile": {
          "oneOf": [
            {
              "$ref": "#/definitions/NetworkProfile"
            },
            {
              "$ref": "https://schema.management.azure.com/schemas/common/definitions.json#/definitions/expression"
            }
          ]
        },
        "stampId": {
          "type": "string",
          "description": "This field will be used when RP does not support Availability zones."
        }
      },
      "description": "Properties of the dedicated hsm"
    },
    "NetworkInterface": {
      "type": "object",
      "properties": {
        "privateIpAddress": {
          "type": "string",
          "description": "Private Ip address of the interface"
        }
      },
      "description": "The network interface definition."
    },
    "NetworkProfile": {
      "type": "object",
      "properties": {
        "networkInterfaces": {
          "oneOf": [
            {
              "type": "array",
              "items": {
                "$ref": "#/definitions/NetworkInterface"
              }
            },
            {
              "$ref": "https://schema.management.azure.com/schemas/common/definitions.json#/definitions/expression"
            }
          ],
          "description": "Specifies the list of resource Ids for the network interfaces associated with the dedicated HSM."
        },
        "subnet": {
          "oneOf": [
            {
              "$ref": "#/definitions/ApiEntityReference"
            },
            {
              "$ref": "https://schema.management.azure.com/schemas/common/definitions.json#/definitions/expression"
            }
          ],
          "description": "The API entity reference."
        }
      }
    },
    "Sku": {
      "type": "object",
      "properties": {
        "name": {
          "oneOf": [
            {
              "type": "string",
              "enum": [
                "SafeNet Luna Network HSM A790",
                "payShield10K_LMK1_CPS60",
                "payShield10K_LMK1_CPS250",
                "payShield10K_LMK1_CPS2500",
                "payShield10K_LMK2_CPS60",
                "payShield10K_LMK2_CPS250",
                "payShield10K_LMK2_CPS2500"
              ]
            },
            {
              "$ref": "https://schema.management.azure.com/schemas/common/definitions.json#/definitions/expression"
            }
          ],
          "description": "SKU of the dedicated HSM."
        }
      },
      "description": "SKU of the dedicated HSM"
    }
  }
}