{
  "id": "https://schema.management.azure.com/schemas/2018-09-30/Microsoft.Compute.json#",
  "$schema": "http://json-schema.org/draft-04/schema#",
  "title": "Microsoft.Compute",
  "description": "Microsoft Compute Resource Types",
  "resourceDefinitions": {
    "disks": {
      "type": "object",
      "properties": {
        "apiVersion": {
          "type": "string",
          "enum": [
            "2018-09-30"
          ]
        },
        "location": {
          "type": "string",
          "description": "Resource location"
        },
        "name": {
          "type": "string",
          "description": "The name of the managed disk that is being created. The name can't be changed after the disk is created. Supported characters for the name are a-z, A-Z, 0-9 and _. The maximum name length is 80 characters."
        },
        "properties": {
          "oneOf": [
            {
              "$ref": "#/definitions/DiskProperties"
            },
            {
              "$ref": "https://schema.management.azure.com/schemas/common/definitions.json#/definitions/expression"
            }
          ],
          "description": "Disk resource properties."
        },
        "sku": {
          "oneOf": [
            {
              "$ref": "#/definitions/DiskSku"
            },
            {
              "$ref": "https://schema.management.azure.com/schemas/common/definitions.json#/definitions/expression"
            }
          ],
          "description": "The disks sku name. Can be Standard_LRS, Premium_LRS, StandardSSD_LRS, or UltraSSD_LRS."
        },
        "tags": {
          "oneOf": [
            {
              "type": "object",
              "additionalProperties": {
                "type": "string"
              },
              "properties": {}
            },
            {
              "$ref": "https://schema.management.azure.com/schemas/common/definitions.json#/definitions/expression"
            }
          ],
          "description": "Resource tags"
        },
        "type": {
          "type": "string",
          "enum": [
            "Microsoft.Compute/disks"
          ]
        },
        "zones": {
          "oneOf": [
            {
              "type": "array",
              "items": {
                "type": "string"
              }
            },
            {
              "$ref": "https://schema.management.azure.com/schemas/common/definitions.json#/definitions/expression"
            }
          ],
          "description": "The Logical zone list for Disk."
        }
      },
      "required": [
        "apiVersion",
        "location",
        "name",
        "properties",
        "type"
      ],
      "description": "Microsoft.Compute/disks"
    },
    "snapshots": {
      "type": "object",
      "properties": {
        "apiVersion": {
          "type": "string",
          "enum": [
            "2018-09-30"
          ]
        },
        "location": {
          "type": "string",
          "description": "Resource location"
        },
        "name": {
          "type": "string",
          "description": "The name of the snapshot that is being created. The name can't be changed after the snapshot is created. Supported characters for the name are a-z, A-Z, 0-9 and _. The max name length is 80 characters."
        },
        "properties": {
          "oneOf": [
            {
              "$ref": "#/definitions/SnapshotProperties"
            },
            {
              "$ref": "https://schema.management.azure.com/schemas/common/definitions.json#/definitions/expression"
            }
          ],
          "description": "Snapshot resource properties."
        },
        "sku": {
          "oneOf": [
            {
              "$ref": "#/definitions/SnapshotSku"
            },
            {
              "$ref": "https://schema.management.azure.com/schemas/common/definitions.json#/definitions/expression"
            }
          ],
          "description": "The snapshots sku name. Can be Standard_LRS, Premium_LRS, or Standard_ZRS."
        },
        "tags": {
          "oneOf": [
            {
              "type": "object",
              "additionalProperties": {
                "type": "string"
              },
              "properties": {}
            },
            {
              "$ref": "https://schema.management.azure.com/schemas/common/definitions.json#/definitions/expression"
            }
          ],
          "description": "Resource tags"
        },
        "type": {
          "type": "string",
          "enum": [
            "Microsoft.Compute/snapshots"
          ]
        }
      },
      "required": [
        "apiVersion",
        "location",
        "name",
        "properties",
        "type"
      ],
      "description": "Microsoft.Compute/snapshots"
    }
  },
  "definitions": {
    "CreationData": {
      "type": "object",
      "properties": {
        "createOption": {
          "oneOf": [
            {
              "type": "string",
              "enum": [
                "Empty",
                "Attach",
                "FromImage",
                "Import",
                "Copy",
                "Restore",
                "Upload"
              ]
            },
            {
              "$ref": "https://schema.management.azure.com/schemas/common/definitions.json#/definitions/expression"
            }
          ],
          "description": "This enumerates the possible sources of a disk's creation."
        },
        "imageReference": {
          "oneOf": [
            {
              "$ref": "#/definitions/ImageDiskReference"
            },
            {
              "$ref": "https://schema.management.azure.com/schemas/common/definitions.json#/definitions/expression"
            }
          ],
          "description": "The source image used for creating the disk."
        },
        "sourceResourceId": {
          "type": "string",
          "description": "If createOption is Copy, this is the ARM id of the source snapshot or disk."
        },
        "sourceUri": {
          "type": "string",
          "description": "If createOption is Import, this is the URI of a blob to be imported into a managed disk."
        },
        "storageAccountId": {
          "type": "string",
          "description": "If createOption is Import, the Azure Resource Manager identifier of the storage account containing the blob to import as a disk. Required only if the blob is in a different subscription"
        }
      },
      "required": [
        "createOption"
      ],
      "description": "Data used when creating a disk."
    },
    "DiskProperties": {
      "type": "object",
      "properties": {
        "creationData": {
          "oneOf": [
            {
              "$ref": "#/definitions/CreationData"
            },
            {
              "$ref": "https://schema.management.azure.com/schemas/common/definitions.json#/definitions/expression"
            }
          ],
          "description": "Data used when creating a disk."
        },
        "diskIOPSReadWrite": {
          "oneOf": [
            {
              "type": "integer"
            },
            {
              "$ref": "https://schema.management.azure.com/schemas/common/definitions.json#/definitions/expression"
            }
          ],
          "description": "The number of IOPS allowed for this disk; only settable for UltraSSD disks. One operation can transfer between 4k and 256k bytes."
        },
        "diskMBpsReadWrite": {
          "oneOf": [
            {
              "type": "integer"
            },
            {
              "$ref": "https://schema.management.azure.com/schemas/common/definitions.json#/definitions/expression"
            }
          ],
          "description": "The bandwidth allowed for this disk; only settable for UltraSSD disks. MBps means millions of bytes per second - MB here uses the ISO notation, of powers of 10."
        },
        "diskSizeGB": {
          "oneOf": [
            {
              "type": "integer"
            },
            {
              "$ref": "https://schema.management.azure.com/schemas/common/definitions.json#/definitions/expression"
            }
          ],
          "description": "If creationData.createOption is Empty, this field is mandatory and it indicates the size of the VHD to create. If this field is present for updates or creation with other options, it indicates a resize. Resizes are only allowed if the disk is not attached to a running VM, and can only increase the disk's size."
        },
        "encryptionSettingsCollection": {
          "oneOf": [
            {
              "$ref": "#/definitions/EncryptionSettingsCollection"
            },
            {
              "$ref": "https://schema.management.azure.com/schemas/common/definitions.json#/definitions/expression"
            }
          ],
          "description": "Encryption settings for disk or snapshot"
        },
        "hyperVGeneration": {
          "oneOf": [
            {
              "type": "string",
              "enum": [
                "V1",
                "V2"
              ]
            },
            {
              "$ref": "https://schema.management.azure.com/schemas/common/definitions.json#/definitions/expression"
            }
          ],
          "description": "The hypervisor generation of the Virtual Machine. Applicable to OS disks only."
        },
        "osType": {
          "oneOf": [
            {
              "type": "string",
              "enum": [
                "Windows",
                "Linux"
              ]
            },
            {
              "$ref": "https://schema.management.azure.com/schemas/common/definitions.json#/definitions/expression"
            }
          ],
          "description": "The Operating System type."
        }
      },
      "required": [
        "creationData"
      ],
      "description": "Disk resource properties."
    },
    "DiskSku": {
      "type": "object",
      "properties": {
        "name": {
          "oneOf": [
            {
              "type": "string",
              "enum": [
                "Standard_LRS",
                "Premium_LRS",
                "StandardSSD_LRS",
                "UltraSSD_LRS"
              ]
            },
            {
              "$ref": "https://schema.management.azure.com/schemas/common/definitions.json#/definitions/expression"
            }
          ],
          "description": "The sku name."
        }
      },
      "description": "The disks sku name. Can be Standard_LRS, Premium_LRS, StandardSSD_LRS, or UltraSSD_LRS."
    },
    "EncryptionSettingsCollection": {
      "type": "object",
      "properties": {
        "enabled": {
          "oneOf": [
            {
              "type": "boolean"
            },
            {
              "$ref": "https://schema.management.azure.com/schemas/common/definitions.json#/definitions/expression"
            }
          ],
          "description": "Set this flag to true and provide DiskEncryptionKey and optional KeyEncryptionKey to enable encryption. Set this flag to false and remove DiskEncryptionKey and KeyEncryptionKey to disable encryption. If EncryptionSettings is null in the request object, the existing settings remain unchanged."
        },
        "encryptionSettings": {
          "oneOf": [
            {
              "type": "array",
              "items": {
                "$ref": "#/definitions/EncryptionSettingsElement"
              }
            },
            {
              "$ref": "https://schema.management.azure.com/schemas/common/definitions.json#/definitions/expression"
            }
          ],
          "description": "A collection of encryption settings, one for each disk volume."
        }
      },
      "required": [
        "enabled"
      ],
      "description": "Encryption settings for disk or snapshot"
    },
    "EncryptionSettingsElement": {
      "type": "object",
      "properties": {
        "diskEncryptionKey": {
          "oneOf": [
            {
              "$ref": "#/definitions/KeyVaultAndSecretReference"
            },
            {
              "$ref": "https://schema.management.azure.com/schemas/common/definitions.json#/definitions/expression"
            }
          ],
          "description": "Key Vault Secret Url and vault id of the encryption key "
        },
        "keyEncryptionKey": {
          "oneOf": [
            {
              "$ref": "#/definitions/KeyVaultAndKeyReference"
            },
            {
              "$ref": "https://schema.management.azure.com/schemas/common/definitions.json#/definitions/expression"
            }
          ],
          "description": "Key Vault Key Url and vault id of KeK, KeK is optional and when provided is used to unwrap the encryptionKey"
        }
      },
      "description": "Encryption settings for one disk volume."
    },
    "ImageDiskReference": {
      "type": "object",
      "properties": {
        "id": {
          "type": "string",
          "description": "A relative uri containing either a Platform Image Repository or user image reference."
        },
        "lun": {
          "oneOf": [
            {
              "type": "integer"
            },
            {
              "$ref": "https://schema.management.azure.com/schemas/common/definitions.json#/definitions/expression"
            }
          ],
          "description": "If the disk is created from an image's data disk, this is an index that indicates which of the data disks in the image to use. For OS disks, this field is null."
        }
      },
      "required": [
        "id"
      ],
      "description": "The source image used for creating the disk."
    },
    "KeyVaultAndKeyReference": {
      "type": "object",
      "properties": {
        "keyUrl": {
          "type": "string",
          "description": "Url pointing to a key or secret in KeyVault"
        },
        "sourceVault": {
          "oneOf": [
            {
              "$ref": "#/definitions/SourceVault"
            },
            {
              "$ref": "https://schema.management.azure.com/schemas/common/definitions.json#/definitions/expression"
            }
          ],
          "description": "The vault id is an Azure Resource Manager Resource id in the form /subscriptions/{subscriptionId}/resourceGroups/{resourceGroupName}/providers/Microsoft.KeyVault/vaults/{vaultName}"
        }
      },
      "required": [
        "keyUrl",
        "sourceVault"
      ],
      "description": "Key Vault Key Url and vault id of KeK, KeK is optional and when provided is used to unwrap the encryptionKey"
    },
    "KeyVaultAndSecretReference": {
      "type": "object",
      "properties": {
        "secretUrl": {
          "type": "string",
          "description": "Url pointing to a key or secret in KeyVault"
        },
        "sourceVault": {
          "oneOf": [
            {
              "$ref": "#/definitions/SourceVault"
            },
            {
              "$ref": "https://schema.management.azure.com/schemas/common/definitions.json#/definitions/expression"
            }
          ],
          "description": "The vault id is an Azure Resource Manager Resource id in the form /subscriptions/{subscriptionId}/resourceGroups/{resourceGroupName}/providers/Microsoft.KeyVault/vaults/{vaultName}"
        }
      },
      "required": [
        "secretUrl",
        "sourceVault"
      ],
      "description": "Key Vault Secret Url and vault id of the encryption key "
    },
    "SnapshotProperties": {
      "type": "object",
      "properties": {
        "creationData": {
          "oneOf": [
            {
              "$ref": "#/definitions/CreationData"
            },
            {
              "$ref": "https://schema.management.azure.com/schemas/common/definitions.json#/definitions/expression"
            }
          ],
          "description": "Data used when creating a disk."
        },
        "diskSizeGB": {
          "oneOf": [
            {
              "type": "integer"
            },
            {
              "$ref": "https://schema.management.azure.com/schemas/common/definitions.json#/definitions/expression"
            }
          ],
          "description": "If creationData.createOption is Empty, this field is mandatory and it indicates the size of the VHD to create. If this field is present for updates or creation with other options, it indicates a resize. Resizes are only allowed if the disk is not attached to a running VM, and can only increase the disk's size."
        },
        "encryptionSettingsCollection": {
          "oneOf": [
            {
              "$ref": "#/definitions/EncryptionSettingsCollection"
            },
            {
              "$ref": "https://schema.management.azure.com/schemas/common/definitions.json#/definitions/expression"
            }
          ],
          "description": "Encryption settings for disk or snapshot"
        },
        "hyperVGeneration": {
          "oneOf": [
            {
              "type": "string",
              "enum": [
                "V1",
                "V2"
              ]
            },
            {
              "$ref": "https://schema.management.azure.com/schemas/common/definitions.json#/definitions/expression"
            }
          ],
          "description": "The hypervisor generation of the Virtual Machine. Applicable to OS disks only."
        },
        "osType": {
          "oneOf": [
            {
              "type": "string",
              "enum": [
                "Windows",
                "Linux"
              ]
            },
            {
              "$ref": "https://schema.management.azure.com/schemas/common/definitions.json#/definitions/expression"
            }
          ],
          "description": "The Operating System type."
        }
      },
      "required": [
        "creationData"
      ],
      "description": "Snapshot resource properties."
    },
    "SnapshotSku": {
      "type": "object",
      "properties": {
        "name": {
          "oneOf": [
            {
              "type": "string",
              "enum": [
                "Standard_LRS",
                "Premium_LRS",
                "Standard_ZRS"
              ]
            },
            {
              "$ref": "https://schema.management.azure.com/schemas/common/definitions.json#/definitions/expression"
            }
          ],
          "description": "The sku name."
        }
      },
      "description": "The snapshots sku name. Can be Standard_LRS, Premium_LRS, or Standard_ZRS."
    },
    "SourceVault": {
      "type": "object",
      "properties": {
        "id": {
          "type": "string",
          "description": "Resource Id"
        }
      },
      "description": "The vault id is an Azure Resource Manager Resource id in the form /subscriptions/{subscriptionId}/resourceGroups/{resourceGroupName}/providers/Microsoft.KeyVault/vaults/{vaultName}"
    }
  }
}