{
  "id": "https://schema.management.azure.com/schemas/2016-07-01/Microsoft.Resources.json#",
  "$schema": "http://json-schema.org/draft-04/schema#",
  "title": "Microsoft.Resources",
  "description": "Microsoft Resources Resource Types",
  "resourceDefinitions": {
    "deployments": {
      "type": "object",
      "properties": {
        "apiVersion": {
          "type": "string",
          "enum": [
            "2016-07-01"
          ]
        },
        "name": {
          "type": "string",
          "description": "The name of the deployment."
        },
        "properties": {
          "oneOf": [
            {
              "$ref": "#/definitions/DeploymentProperties"
            },
            {
              "$ref": "https://schema.management.azure.com/schemas/common/definitions.json#/definitions/expression"
            }
          ],
          "description": "Deployment properties."
        },
        "type": {
          "type": "string",
          "enum": [
            "Microsoft.Resources/deployments"
          ]
        }
      },
      "required": [
        "apiVersion",
        "name",
        "properties",
        "type"
      ],
      "description": "Microsoft.Resources/deployments"
    }
  },
  "definitions": {
    "DebugSetting": {
      "type": "object",
      "properties": {
        "detailLevel": {
          "type": "string",
          "description": "The debug detail level."
        }
      }
    },
    "DeploymentProperties": {
      "type": "object",
      "properties": {
        "debugSetting": {
          "oneOf": [
            {
              "$ref": "#/definitions/DebugSetting"
            },
            {
              "$ref": "https://schema.management.azure.com/schemas/common/definitions.json#/definitions/expression"
            }
          ]
        },
        "mode": {
          "oneOf": [
            {
              "type": "string",
              "enum": [
                "Incremental",
                "Complete"
              ]
            },
            {
              "$ref": "https://schema.management.azure.com/schemas/common/definitions.json#/definitions/expression"
            }
          ],
          "description": "The deployment mode."
        },
        "parameters": {
          "type": "object",
          "properties": {},
          "description": "Deployment parameters. It can be a JObject or a well formed JSON string. Use only one of Parameters or ParametersLink."
        },
        "parametersLink": {
          "oneOf": [
            {
              "$ref": "#/definitions/ParametersLink"
            },
            {
              "$ref": "https://schema.management.azure.com/schemas/common/definitions.json#/definitions/expression"
            }
          ],
          "description": "Entity representing the reference to the deployment parameters."
        },
        "template": {
          "type": "object",
          "properties": {},
          "description": "The template content. It can be a JObject or a well formed JSON string. Use only one of Template or TemplateLink."
        },
        "templateLink": {
          "oneOf": [
            {
              "$ref": "#/definitions/TemplateLink"
            },
            {
              "$ref": "https://schema.management.azure.com/schemas/common/definitions.json#/definitions/expression"
            }
          ],
          "description": "Entity representing the reference to the template."
        }
      },
      "required": [
        "mode"
      ],
      "description": "Deployment properties."
    },
    "ParametersLink": {
      "type": "object",
      "properties": {
        "contentVersion": {
          "type": "string",
          "description": "If included it must match the ContentVersion in the template."
        },
        "uri": {
          "type": "string",
          "description": "URI referencing the template."
        }
      },
      "required": [
        "uri"
      ],
      "description": "Entity representing the reference to the deployment parameters."
    },
    "TemplateLink": {
      "type": "object",
      "properties": {
        "contentVersion": {
          "type": "string",
          "description": "If included it must match the ContentVersion in the template."
        },
        "uri": {
          "type": "string",
          "description": "URI referencing the template."
        }
      },
      "required": [
        "uri"
      ],
      "description": "Entity representing the reference to the template."
    }
  }
}