{
  "id": "https://schema.management.azure.com/schemas/2017-04-01/Microsoft.Authorization.Resources.json#",
  "$schema": "http://json-schema.org/draft-04/schema#",
  "title": "Microsoft.Authorization",
  "description": "Microsoft Authorization Resource Types",
  "resourceDefinitions": {
    "locks": {
      "type": "object",
      "properties": {
        "apiVersion": {
          "type": "string",
          "enum": [
            "2017-04-01"
          ]
        },
        "name": {
          "type": "string",
          "description": "The lock name. The lock name can be a maximum of 260 characters. It cannot contain <, > %, &, :, \\, ?, /, or any control characters."
        },
        "properties": {
          "oneOf": [
            {
              "$ref": "#/definitions/ManagementLockProperties"
            },
            {
              "$ref": "https://schema.management.azure.com/schemas/common/definitions.json#/definitions/expression"
            }
          ],
          "description": "The lock properties."
        },
        "type": {
          "type": "string",
          "enum": [
            "Microsoft.Authorization/locks"
          ]
        }
      },
      "required": [
        "apiVersion",
        "name",
        "properties",
        "type"
      ],
      "description": "Microsoft.Authorization/locks"
    }
  },
  "subscription_resourceDefinitions": {
    "locks": {
      "type": "object",
      "properties": {
        "apiVersion": {
          "type": "string",
          "enum": [
            "2017-04-01"
          ]
        },
        "name": {
          "type": "string",
          "description": "The name of lock. The lock name can be a maximum of 260 characters. It cannot contain <, > %, &, :, \\, ?, /, or any control characters."
        },
        "properties": {
          "oneOf": [
            {
              "$ref": "#/definitions/ManagementLockProperties"
            },
            {
              "$ref": "https://schema.management.azure.com/schemas/common/definitions.json#/definitions/expression"
            }
          ],
          "description": "The lock properties."
        },
        "type": {
          "type": "string",
          "enum": [
            "Microsoft.Authorization/locks"
          ]
        }
      },
      "required": [
        "apiVersion",
        "name",
        "properties",
        "type"
      ],
      "description": "Microsoft.Authorization/locks"
    }
  },
  "extension_resourceDefinitions": {
    "locks": {
      "type": "object",
      "properties": {
        "apiVersion": {
          "type": "string",
          "enum": [
            "2017-04-01"
          ]
        },
        "name": {
          "type": "string",
          "description": "The name of lock. The lock name can be a maximum of 260 characters. It cannot contain <, > %, &, :, \\, ?, /, or any control characters."
        },
        "properties": {
          "oneOf": [
            {
              "$ref": "#/definitions/ManagementLockProperties"
            },
            {
              "$ref": "https://schema.management.azure.com/schemas/common/definitions.json#/definitions/expression"
            }
          ],
          "description": "The lock properties."
        },
        "type": {
          "type": "string",
          "enum": [
            "Microsoft.Authorization/locks"
          ]
        }
      },
      "required": [
        "apiVersion",
        "name",
        "properties",
        "type"
      ],
      "description": "Microsoft.Authorization/locks"
    }
  },
  "unknown_resourceDefinitions": {
    "locks": {
      "type": "object",
      "properties": {
        "apiVersion": {
          "type": "string",
          "enum": [
            "2017-04-01"
          ]
        },
        "name": {
          "type": "string",
          "description": "The name of lock."
        },
        "properties": {
          "oneOf": [
            {
              "$ref": "#/definitions/ManagementLockProperties"
            },
            {
              "$ref": "https://schema.management.azure.com/schemas/common/definitions.json#/definitions/expression"
            }
          ],
          "description": "The lock properties."
        },
        "type": {
          "type": "string",
          "enum": [
            "Microsoft.Authorization/locks"
          ]
        }
      },
      "required": [
        "apiVersion",
        "name",
        "properties",
        "type"
      ],
      "description": "Microsoft.Authorization/locks"
    }
  },
  "definitions": {
    "ManagementLockOwner": {
      "type": "object",
      "properties": {
        "applicationId": {
          "type": "string",
          "description": "The application ID of the lock owner."
        }
      },
      "description": "Lock owner properties."
    },
    "ManagementLockProperties": {
      "type": "object",
      "properties": {
        "level": {
          "oneOf": [
            {
              "type": "string",
              "enum": [
                "NotSpecified",
                "CanNotDelete",
                "ReadOnly"
              ]
            },
            {
              "$ref": "https://schema.management.azure.com/schemas/common/definitions.json#/definitions/expression"
            }
          ],
          "description": "The level of the lock. Possible values are: NotSpecified, CanNotDelete, ReadOnly. CanNotDelete means authorized users are able to read and modify the resources, but not delete. ReadOnly means authorized users can only read from a resource, but they can't modify or delete it."
        },
        "notes": {
          "type": "string",
          "description": "Notes about the lock. Maximum of 512 characters."
        },
        "owners": {
          "oneOf": [
            {
              "type": "array",
              "items": {
                "$ref": "#/definitions/ManagementLockOwner"
              }
            },
            {
              "$ref": "https://schema.management.azure.com/schemas/common/definitions.json#/definitions/expression"
            }
          ],
          "description": "The owners of the lock."
        }
      },
      "required": [
        "level"
      ],
      "description": "The lock properties."
    }
  }
}