{
  "id": "https://schema.management.azure.com/schemas/2018-10-01/Microsoft.StorageSync.json#",
  "$schema": "http://json-schema.org/draft-04/schema#",
  "title": "Microsoft.StorageSync",
  "description": "Microsoft StorageSync Resource Types",
  "resourceDefinitions": {
    "storageSyncServices": {
      "type": "object",
      "properties": {
        "apiVersion": {
          "type": "string",
          "enum": [
            "2018-10-01"
          ]
        },
        "location": {
          "type": "string",
          "description": "Required. Gets or sets the location of the resource. This will be one of the supported and registered Azure Geo Regions (e.g. West US, East US, Southeast Asia, etc.). The geo region of a resource cannot be changed once it is created, but if an identical geo region is specified on update, the request will succeed."
        },
        "name": {
          "type": "string",
          "description": "Name of Storage Sync Service resource."
        },
        "properties": {
          "type": "object",
          "properties": {}
        },
        "resources": {
          "type": "array",
          "items": {
            "oneOf": [
              {
                "$ref": "#/definitions/storageSyncServices_syncGroups_childResource"
              },
              {
                "$ref": "#/definitions/storageSyncServices_registeredServers_childResource"
              }
            ]
          }
        },
        "tags": {
          "oneOf": [
            {
              "type": "object",
              "additionalProperties": {
                "type": "string"
              },
              "properties": {}
            },
            {
              "$ref": "https://schema.management.azure.com/schemas/common/definitions.json#/definitions/expression"
            }
          ],
          "description": "Gets or sets a list of key value pairs that describe the resource. These tags can be used for viewing and grouping this resource (across resource groups). A maximum of 15 tags can be provided for a resource. Each tag must have a key with a length no greater than 128 characters and a value with a length no greater than 256 characters."
        },
        "type": {
          "type": "string",
          "enum": [
            "Microsoft.StorageSync/storageSyncServices"
          ]
        }
      },
      "required": [
        "apiVersion",
        "location",
        "name",
        "properties",
        "type"
      ],
      "description": "Microsoft.StorageSync/storageSyncServices"
    },
    "storageSyncServices_registeredServers": {
      "type": "object",
      "properties": {
        "apiVersion": {
          "type": "string",
          "enum": [
            "2018-10-01"
          ]
        },
        "name": {
          "type": "string",
          "description": "GUID identifying the on-premises server."
        },
        "properties": {
          "oneOf": [
            {
              "$ref": "#/definitions/RegisteredServerCreateParametersProperties"
            },
            {
              "$ref": "https://schema.management.azure.com/schemas/common/definitions.json#/definitions/expression"
            }
          ]
        },
        "type": {
          "type": "string",
          "enum": [
            "Microsoft.StorageSync/storageSyncServices/registeredServers"
          ]
        }
      },
      "required": [
        "apiVersion",
        "name",
        "properties",
        "type"
      ],
      "description": "Microsoft.StorageSync/storageSyncServices/registeredServers"
    },
    "storageSyncServices_syncGroups": {
      "type": "object",
      "properties": {
        "apiVersion": {
          "type": "string",
          "enum": [
            "2018-10-01"
          ]
        },
        "name": {
          "type": "string",
          "description": "Name of Sync Group resource."
        },
        "properties": {
          "type": "object",
          "properties": {},
          "description": "Sync Group Create Properties object."
        },
        "resources": {
          "type": "array",
          "items": {
            "oneOf": [
              {
                "$ref": "#/definitions/storageSyncServices_syncGroups_cloudEndpoints_childResource"
              },
              {
                "$ref": "#/definitions/storageSyncServices_syncGroups_serverEndpoints_childResource"
              }
            ]
          }
        },
        "type": {
          "type": "string",
          "enum": [
            "Microsoft.StorageSync/storageSyncServices/syncGroups"
          ]
        }
      },
      "required": [
        "apiVersion",
        "name",
        "properties",
        "type"
      ],
      "description": "Microsoft.StorageSync/storageSyncServices/syncGroups"
    },
    "storageSyncServices_syncGroups_cloudEndpoints": {
      "type": "object",
      "properties": {
        "apiVersion": {
          "type": "string",
          "enum": [
            "2018-10-01"
          ]
        },
        "name": {
          "type": "string",
          "description": "Name of Cloud Endpoint object."
        },
        "properties": {
          "oneOf": [
            {
              "$ref": "#/definitions/CloudEndpointCreateParametersProperties"
            },
            {
              "$ref": "https://schema.management.azure.com/schemas/common/definitions.json#/definitions/expression"
            }
          ],
          "description": "CloudEndpoint Properties object."
        },
        "type": {
          "type": "string",
          "enum": [
            "Microsoft.StorageSync/storageSyncServices/syncGroups/cloudEndpoints"
          ]
        }
      },
      "required": [
        "apiVersion",
        "name",
        "properties",
        "type"
      ],
      "description": "Microsoft.StorageSync/storageSyncServices/syncGroups/cloudEndpoints"
    },
    "storageSyncServices_syncGroups_serverEndpoints": {
      "type": "object",
      "properties": {
        "apiVersion": {
          "type": "string",
          "enum": [
            "2018-10-01"
          ]
        },
        "name": {
          "type": "string",
          "description": "Name of Server Endpoint object."
        },
        "properties": {
          "oneOf": [
            {
              "$ref": "#/definitions/ServerEndpointCreateParametersProperties"
            },
            {
              "$ref": "https://schema.management.azure.com/schemas/common/definitions.json#/definitions/expression"
            }
          ],
          "description": "ServerEndpoint Properties object."
        },
        "type": {
          "type": "string",
          "enum": [
            "Microsoft.StorageSync/storageSyncServices/syncGroups/serverEndpoints"
          ]
        }
      },
      "required": [
        "apiVersion",
        "name",
        "properties",
        "type"
      ],
      "description": "Microsoft.StorageSync/storageSyncServices/syncGroups/serverEndpoints"
    }
  },
  "definitions": {
    "CloudEndpointCreateParametersProperties": {
      "type": "object",
      "properties": {
        "storageAccountResourceId": {
          "type": "string",
          "description": "Storage Account Resource Id"
        },
        "storageAccountShareName": {
          "type": "string",
          "description": "Storage Account Share name"
        },
        "storageAccountTenantId": {
          "type": "string",
          "description": "Storage Account Tenant Id"
        }
      },
      "description": "CloudEndpoint Properties object."
    },
    "RegisteredServerCreateParametersProperties": {
      "type": "object",
      "properties": {
        "agentVersion": {
          "type": "string",
          "description": "Registered Server Agent Version"
        },
        "clusterId": {
          "type": "string",
          "description": "Registered Server clusterId"
        },
        "clusterName": {
          "type": "string",
          "description": "Registered Server clusterName"
        },
        "friendlyName": {
          "type": "string",
          "description": "Friendly Name"
        },
        "lastHeartBeat": {
          "type": "string",
          "description": "Registered Server last heart beat"
        },
        "serverCertificate": {
          "type": "string",
          "description": "Registered Server Certificate"
        },
        "serverId": {
          "type": "string",
          "description": "Registered Server serverId"
        },
        "serverOSVersion": {
          "type": "string",
          "description": "Registered Server OS Version"
        },
        "serverRole": {
          "type": "string",
          "description": "Registered Server serverRole"
        }
      }
    },
    "ServerEndpointCreateParametersProperties": {
      "type": "object",
      "properties": {
        "cloudTiering": {
          "oneOf": [
            {
              "type": "string",
              "enum": [
                "on",
                "off"
              ]
            },
            {
              "$ref": "https://schema.management.azure.com/schemas/common/definitions.json#/definitions/expression"
            }
          ],
          "description": "Cloud Tiering."
        },
        "friendlyName": {
          "type": "string",
          "description": "Friendly Name"
        },
        "offlineDataTransfer": {
          "oneOf": [
            {
              "type": "string",
              "enum": [
                "on",
                "off"
              ]
            },
            {
              "$ref": "https://schema.management.azure.com/schemas/common/definitions.json#/definitions/expression"
            }
          ],
          "description": "Offline data transfer."
        },
        "offlineDataTransferShareName": {
          "type": "string",
          "description": "Offline data transfer share name"
        },
        "serverLocalPath": {
          "type": "string",
          "description": "Server folder used for data synchronization"
        },
        "serverResourceId": {
          "type": "string",
          "description": "Arm resource identifier."
        },
        "tierFilesOlderThanDays": {
          "oneOf": [
            {
              "type": "integer",
              "minimum": 0,
              "maximum": 2147483647
            },
            {
              "$ref": "https://schema.management.azure.com/schemas/common/definitions.json#/definitions/expression"
            }
          ],
          "description": "Tier files older than days."
        },
        "volumeFreeSpacePercent": {
          "oneOf": [
            {
              "type": "integer",
              "minimum": 0,
              "maximum": 100
            },
            {
              "$ref": "https://schema.management.azure.com/schemas/common/definitions.json#/definitions/expression"
            }
          ],
          "description": "Level of free space to be maintained by Cloud Tiering if it is enabled."
        }
      },
      "description": "ServerEndpoint Properties object."
    },
    "storageSyncServices_registeredServers_childResource": {
      "type": "object",
      "properties": {
        "apiVersion": {
          "type": "string",
          "enum": [
            "2018-10-01"
          ]
        },
        "name": {
          "type": "string",
          "description": "GUID identifying the on-premises server."
        },
        "properties": {
          "oneOf": [
            {
              "$ref": "#/definitions/RegisteredServerCreateParametersProperties"
            },
            {
              "$ref": "https://schema.management.azure.com/schemas/common/definitions.json#/definitions/expression"
            }
          ]
        },
        "type": {
          "type": "string",
          "enum": [
            "registeredServers"
          ]
        }
      },
      "required": [
        "apiVersion",
        "name",
        "properties",
        "type"
      ],
      "description": "Microsoft.StorageSync/storageSyncServices/registeredServers"
    },
    "storageSyncServices_syncGroups_childResource": {
      "type": "object",
      "properties": {
        "apiVersion": {
          "type": "string",
          "enum": [
            "2018-10-01"
          ]
        },
        "name": {
          "type": "string",
          "description": "Name of Sync Group resource."
        },
        "properties": {
          "type": "object",
          "properties": {},
          "description": "Sync Group Create Properties object."
        },
        "type": {
          "type": "string",
          "enum": [
            "syncGroups"
          ]
        }
      },
      "required": [
        "apiVersion",
        "name",
        "properties",
        "type"
      ],
      "description": "Microsoft.StorageSync/storageSyncServices/syncGroups"
    },
    "storageSyncServices_syncGroups_cloudEndpoints_childResource": {
      "type": "object",
      "properties": {
        "apiVersion": {
          "type": "string",
          "enum": [
            "2018-10-01"
          ]
        },
        "name": {
          "type": "string",
          "description": "Name of Cloud Endpoint object."
        },
        "properties": {
          "oneOf": [
            {
              "$ref": "#/definitions/CloudEndpointCreateParametersProperties"
            },
            {
              "$ref": "https://schema.management.azure.com/schemas/common/definitions.json#/definitions/expression"
            }
          ],
          "description": "CloudEndpoint Properties object."
        },
        "type": {
          "type": "string",
          "enum": [
            "cloudEndpoints"
          ]
        }
      },
      "required": [
        "apiVersion",
        "name",
        "properties",
        "type"
      ],
      "description": "Microsoft.StorageSync/storageSyncServices/syncGroups/cloudEndpoints"
    },
    "storageSyncServices_syncGroups_serverEndpoints_childResource": {
      "type": "object",
      "properties": {
        "apiVersion": {
          "type": "string",
          "enum": [
            "2018-10-01"
          ]
        },
        "name": {
          "type": "string",
          "description": "Name of Server Endpoint object."
        },
        "properties": {
          "oneOf": [
            {
              "$ref": "#/definitions/ServerEndpointCreateParametersProperties"
            },
            {
              "$ref": "https://schema.management.azure.com/schemas/common/definitions.json#/definitions/expression"
            }
          ],
          "description": "ServerEndpoint Properties object."
        },
        "type": {
          "type": "string",
          "enum": [
            "serverEndpoints"
          ]
        }
      },
      "required": [
        "apiVersion",
        "name",
        "properties",
        "type"
      ],
      "description": "Microsoft.StorageSync/storageSyncServices/syncGroups/serverEndpoints"
    }
  }
}