{
  "id": "https://schema.management.azure.com/schemas/2019-07-01/Microsoft.Solutions.resourcesolutions.json#",
  "$schema": "http://json-schema.org/draft-04/schema#",
  "title": "Microsoft.Solutions",
  "description": "Microsoft Solutions Resource Types",
  "resourceDefinitions": {
    "applicationDefinitions": {
      "type": "object",
      "properties": {
        "apiVersion": {
          "type": "string",
          "enum": [
            "2019-07-01"
          ]
        },
        "location": {
          "type": "string",
          "description": "Resource location"
        },
        "managedBy": {
          "type": "string",
          "description": "ID of the resource that manages this resource."
        },
        "name": {
          "type": "string",
          "minLength": 3,
          "maxLength": 64,
          "description": "The name of the managed application definition."
        },
        "properties": {
          "oneOf": [
            {
              "$ref": "#/definitions/ApplicationDefinitionProperties"
            },
            {
              "$ref": "https://schema.management.azure.com/schemas/common/definitions.json#/definitions/expression"
            }
          ],
          "description": "The managed application definition properties."
        },
        "sku": {
          "oneOf": [
            {
              "$ref": "#/definitions/Sku"
            },
            {
              "$ref": "https://schema.management.azure.com/schemas/common/definitions.json#/definitions/expression"
            }
          ],
          "description": "SKU for the resource."
        },
        "tags": {
          "oneOf": [
            {
              "type": "object",
              "additionalProperties": {
                "type": "string"
              },
              "properties": {}
            },
            {
              "$ref": "https://schema.management.azure.com/schemas/common/definitions.json#/definitions/expression"
            }
          ],
          "description": "Resource tags"
        },
        "type": {
          "type": "string",
          "enum": [
            "Microsoft.Solutions/applicationDefinitions"
          ]
        }
      },
      "required": [
        "apiVersion",
        "name",
        "properties",
        "type"
      ],
      "description": "Microsoft.Solutions/applicationDefinitions"
    },
    "applications": {
      "type": "object",
      "properties": {
        "apiVersion": {
          "type": "string",
          "enum": [
            "2019-07-01"
          ]
        },
        "identity": {
          "oneOf": [
            {
              "$ref": "#/definitions/Identity"
            },
            {
              "$ref": "https://schema.management.azure.com/schemas/common/definitions.json#/definitions/expression"
            }
          ],
          "description": "Identity for the resource."
        },
        "kind": {
          "oneOf": [
            {
              "type": "string",
              "pattern": "^[-\\w\\._,\\(\\)]+$"
            },
            {
              "$ref": "https://schema.management.azure.com/schemas/common/definitions.json#/definitions/expression"
            }
          ],
          "description": "The kind of the managed application. Allowed values are MarketPlace and ServiceCatalog."
        },
        "location": {
          "type": "string",
          "description": "Resource location"
        },
        "managedBy": {
          "type": "string",
          "description": "ID of the resource that manages this resource."
        },
        "name": {
          "type": "string",
          "minLength": 3,
          "maxLength": 64,
          "description": "The name of the managed application."
        },
        "plan": {
          "oneOf": [
            {
              "$ref": "#/definitions/Plan"
            },
            {
              "$ref": "https://schema.management.azure.com/schemas/common/definitions.json#/definitions/expression"
            }
          ],
          "description": "Plan for the managed application."
        },
        "properties": {
          "oneOf": [
            {
              "$ref": "#/definitions/ApplicationProperties"
            },
            {
              "$ref": "https://schema.management.azure.com/schemas/common/definitions.json#/definitions/expression"
            }
          ],
          "description": "The managed application properties."
        },
        "sku": {
          "oneOf": [
            {
              "$ref": "#/definitions/Sku"
            },
            {
              "$ref": "https://schema.management.azure.com/schemas/common/definitions.json#/definitions/expression"
            }
          ],
          "description": "SKU for the resource."
        },
        "tags": {
          "oneOf": [
            {
              "type": "object",
              "additionalProperties": {
                "type": "string"
              },
              "properties": {}
            },
            {
              "$ref": "https://schema.management.azure.com/schemas/common/definitions.json#/definitions/expression"
            }
          ],
          "description": "Resource tags"
        },
        "type": {
          "type": "string",
          "enum": [
            "Microsoft.Solutions/applications"
          ]
        }
      },
      "required": [
        "apiVersion",
        "kind",
        "name",
        "properties",
        "type"
      ],
      "description": "Microsoft.Solutions/applications"
    },
    "jitRequests": {
      "type": "object",
      "properties": {
        "apiVersion": {
          "type": "string",
          "enum": [
            "2019-07-01"
          ]
        },
        "location": {
          "type": "string",
          "description": "Resource location"
        },
        "name": {
          "type": "string",
          "description": "The name of the JIT request."
        },
        "properties": {
          "oneOf": [
            {
              "$ref": "#/definitions/JitRequestProperties"
            },
            {
              "$ref": "https://schema.management.azure.com/schemas/common/definitions.json#/definitions/expression"
            }
          ],
          "description": "Information about JIT request properties"
        },
        "tags": {
          "oneOf": [
            {
              "type": "object",
              "additionalProperties": {
                "type": "string"
              },
              "properties": {}
            },
            {
              "$ref": "https://schema.management.azure.com/schemas/common/definitions.json#/definitions/expression"
            }
          ],
          "description": "Resource tags"
        },
        "type": {
          "type": "string",
          "enum": [
            "Microsoft.Solutions/jitRequests"
          ]
        }
      },
      "required": [
        "apiVersion",
        "name",
        "properties",
        "type"
      ],
      "description": "Microsoft.Solutions/jitRequests"
    }
  },
  "definitions": {
    "ApplicationAuthorization": {
      "type": "object",
      "properties": {
        "principalId": {
          "type": "string",
          "description": "The provider's principal identifier. This is the identity that the provider will use to call ARM to manage the managed application resources."
        },
        "roleDefinitionId": {
          "type": "string",
          "description": "The provider's role definition identifier. This role will define all the permissions that the provider must have on the managed application's container resource group. This role definition cannot have permission to delete the resource group."
        }
      },
      "required": [
        "principalId",
        "roleDefinitionId"
      ],
      "description": "The managed application provider authorization."
    },
    "ApplicationDefinitionArtifact": {
      "type": "object",
      "properties": {
        "name": {
          "oneOf": [
            {
              "type": "string",
              "enum": [
                "NotSpecified",
                "ApplicationResourceTemplate",
                "CreateUiDefinition",
                "MainTemplateParameters"
              ]
            },
            {
              "$ref": "https://schema.management.azure.com/schemas/common/definitions.json#/definitions/expression"
            }
          ],
          "description": "The managed application definition artifact name."
        },
        "type": {
          "oneOf": [
            {
              "type": "string",
              "enum": [
                "NotSpecified",
                "Template",
                "Custom"
              ]
            },
            {
              "$ref": "https://schema.management.azure.com/schemas/common/definitions.json#/definitions/expression"
            }
          ],
          "description": "The managed application definition artifact type."
        },
        "uri": {
          "type": "string",
          "description": "The managed application definition artifact blob uri."
        }
      },
      "required": [
        "name",
        "type",
        "uri"
      ],
      "description": "Application definition artifact."
    },
    "ApplicationDefinitionProperties": {
      "type": "object",
      "properties": {
        "artifacts": {
          "oneOf": [
            {
              "type": "array",
              "items": {
                "$ref": "#/definitions/ApplicationDefinitionArtifact"
              }
            },
            {
              "$ref": "https://schema.management.azure.com/schemas/common/definitions.json#/definitions/expression"
            }
          ],
          "description": "The collection of managed application artifacts. The portal will use the files specified as artifacts to construct the user experience of creating a managed application from a managed application definition."
        },
        "authorizations": {
          "oneOf": [
            {
              "type": "array",
              "items": {
                "$ref": "#/definitions/ApplicationAuthorization"
              }
            },
            {
              "$ref": "https://schema.management.azure.com/schemas/common/definitions.json#/definitions/expression"
            }
          ],
          "description": "The managed application provider authorizations."
        },
        "createUiDefinition": {
          "type": "object",
          "properties": {},
          "description": "The createUiDefinition json for the backing template with Microsoft.Solutions/applications resource. It can be a JObject or well-formed JSON string."
        },
        "deploymentPolicy": {
          "oneOf": [
            {
              "$ref": "#/definitions/ApplicationDeploymentPolicy"
            },
            {
              "$ref": "https://schema.management.azure.com/schemas/common/definitions.json#/definitions/expression"
            }
          ],
          "description": "Managed application deployment policy."
        },
        "description": {
          "type": "string",
          "description": "The managed application definition description."
        },
        "displayName": {
          "type": "string",
          "description": "The managed application definition display name."
        },
        "isEnabled": {
          "oneOf": [
            {
              "type": "boolean"
            },
            {
              "$ref": "https://schema.management.azure.com/schemas/common/definitions.json#/definitions/expression"
            }
          ],
          "description": "A value indicating whether the package is enabled or not."
        },
        "lockingPolicy": {
          "oneOf": [
            {
              "$ref": "#/definitions/ApplicationPackageLockingPolicyDefinition"
            },
            {
              "$ref": "https://schema.management.azure.com/schemas/common/definitions.json#/definitions/expression"
            }
          ],
          "description": "Managed application locking policy."
        },
        "lockLevel": {
          "oneOf": [
            {
              "type": "string",
              "enum": [
                "CanNotDelete",
                "ReadOnly",
                "None"
              ]
            },
            {
              "$ref": "https://schema.management.azure.com/schemas/common/definitions.json#/definitions/expression"
            }
          ],
          "description": "The managed application lock level."
        },
        "mainTemplate": {
          "type": "object",
          "properties": {},
          "description": "The inline main template json which has resources to be provisioned. It can be a JObject or well-formed JSON string."
        },
        "managementPolicy": {
          "oneOf": [
            {
              "$ref": "#/definitions/ApplicationManagementPolicy"
            },
            {
              "$ref": "https://schema.management.azure.com/schemas/common/definitions.json#/definitions/expression"
            }
          ],
          "description": "Managed application management policy."
        },
        "notificationPolicy": {
          "oneOf": [
            {
              "$ref": "#/definitions/ApplicationNotificationPolicy"
            },
            {
              "$ref": "https://schema.management.azure.com/schemas/common/definitions.json#/definitions/expression"
            }
          ],
          "description": "Managed application notification policy."
        },
        "packageFileUri": {
          "type": "string",
          "description": "The managed application definition package file Uri. Use this element"
        },
        "policies": {
          "oneOf": [
            {
              "type": "array",
              "items": {
                "$ref": "#/definitions/ApplicationPolicy"
              }
            },
            {
              "$ref": "https://schema.management.azure.com/schemas/common/definitions.json#/definitions/expression"
            }
          ],
          "description": "The managed application provider policies."
        }
      },
      "required": [
        "lockLevel"
      ],
      "description": "The managed application definition properties."
    },
    "ApplicationDeploymentPolicy": {
      "type": "object",
      "properties": {
        "deploymentMode": {
          "oneOf": [
            {
              "type": "string",
              "enum": [
                "NotSpecified",
                "Incremental",
                "Complete"
              ]
            },
            {
              "$ref": "https://schema.management.azure.com/schemas/common/definitions.json#/definitions/expression"
            }
          ],
          "description": "The managed application deployment mode."
        }
      },
      "required": [
        "deploymentMode"
      ],
      "description": "Managed application deployment policy."
    },
    "ApplicationJitAccessPolicy": {
      "type": "object",
      "properties": {
        "jitAccessEnabled": {
          "oneOf": [
            {
              "type": "boolean"
            },
            {
              "$ref": "https://schema.management.azure.com/schemas/common/definitions.json#/definitions/expression"
            }
          ],
          "description": "Whether the JIT access is enabled."
        },
        "jitApprovalMode": {
          "oneOf": [
            {
              "type": "string",
              "enum": [
                "NotSpecified",
                "AutoApprove",
                "ManualApprove"
              ]
            },
            {
              "$ref": "https://schema.management.azure.com/schemas/common/definitions.json#/definitions/expression"
            }
          ],
          "description": "JIT approval mode."
        },
        "jitApprovers": {
          "oneOf": [
            {
              "type": "array",
              "items": {
                "$ref": "#/definitions/JitApproverDefinition"
              }
            },
            {
              "$ref": "https://schema.management.azure.com/schemas/common/definitions.json#/definitions/expression"
            }
          ],
          "description": "The JIT approvers"
        },
        "maximumJitAccessDuration": {
          "type": "string",
          "description": "The maximum duration JIT access is granted. This is an ISO8601 time period value."
        }
      },
      "required": [
        "jitAccessEnabled"
      ],
      "description": "Managed application Jit access policy."
    },
    "ApplicationManagementPolicy": {
      "type": "object",
      "properties": {
        "mode": {
          "oneOf": [
            {
              "type": "string",
              "enum": [
                "NotSpecified",
                "Unmanaged",
                "Managed"
              ]
            },
            {
              "$ref": "https://schema.management.azure.com/schemas/common/definitions.json#/definitions/expression"
            }
          ],
          "description": "The managed application management mode."
        }
      },
      "description": "Managed application management policy."
    },
    "ApplicationNotificationEndpoint": {
      "type": "object",
      "properties": {
        "uri": {
          "type": "string",
          "description": "The managed application notification endpoint uri."
        }
      },
      "required": [
        "uri"
      ],
      "description": "Managed application notification endpoint."
    },
    "ApplicationNotificationPolicy": {
      "type": "object",
      "properties": {
        "notificationEndpoints": {
          "oneOf": [
            {
              "type": "array",
              "items": {
                "$ref": "#/definitions/ApplicationNotificationEndpoint"
              }
            },
            {
              "$ref": "https://schema.management.azure.com/schemas/common/definitions.json#/definitions/expression"
            }
          ],
          "description": "The managed application notification endpoint."
        }
      },
      "required": [
        "notificationEndpoints"
      ],
      "description": "Managed application notification policy."
    },
    "ApplicationPackageLockingPolicyDefinition": {
      "type": "object",
      "properties": {
        "allowedActions": {
          "oneOf": [
            {
              "type": "array",
              "items": {
                "type": "string"
              }
            },
            {
              "$ref": "https://schema.management.azure.com/schemas/common/definitions.json#/definitions/expression"
            }
          ],
          "description": "The deny assignment excluded actions."
        },
        "allowedDataActions": {
          "oneOf": [
            {
              "type": "array",
              "items": {
                "type": "string"
              }
            },
            {
              "$ref": "https://schema.management.azure.com/schemas/common/definitions.json#/definitions/expression"
            }
          ],
          "description": "The deny assignment excluded data actions."
        }
      },
      "description": "Managed application locking policy."
    },
    "ApplicationPolicy": {
      "type": "object",
      "properties": {
        "name": {
          "type": "string",
          "description": "The policy name"
        },
        "parameters": {
          "type": "string",
          "description": "The policy parameters."
        },
        "policyDefinitionId": {
          "type": "string",
          "description": "The policy definition Id."
        }
      },
      "description": "Managed application policy."
    },
    "ApplicationProperties": {
      "type": "object",
      "properties": {
        "applicationDefinitionId": {
          "type": "string",
          "description": "The fully qualified path of managed application definition Id."
        },
        "jitAccessPolicy": {
          "oneOf": [
            {
              "$ref": "#/definitions/ApplicationJitAccessPolicy"
            },
            {
              "$ref": "https://schema.management.azure.com/schemas/common/definitions.json#/definitions/expression"
            }
          ],
          "description": "Managed application Jit access policy."
        },
        "managedResourceGroupId": {
          "type": "string",
          "description": "The managed resource group Id."
        },
        "parameters": {
          "type": "object",
          "properties": {},
          "description": "Name and value pairs that define the managed application parameters. It can be a JObject or a well formed JSON string."
        }
      },
      "description": "The managed application properties."
    },
    "Identity": {
      "type": "object",
      "properties": {
        "type": {
          "oneOf": [
            {
              "type": "string",
              "enum": [
                "SystemAssigned",
                "UserAssigned",
                "SystemAssigned, UserAssigned",
                "None"
              ]
            },
            {
              "$ref": "https://schema.management.azure.com/schemas/common/definitions.json#/definitions/expression"
            }
          ],
          "description": "The identity type."
        },
        "userAssignedIdentities": {
          "oneOf": [
            {
              "type": "object",
              "additionalProperties": {
                "$ref": "#/definitions/UserAssignedResourceIdentity"
              },
              "properties": {}
            },
            {
              "$ref": "https://schema.management.azure.com/schemas/common/definitions.json#/definitions/expression"
            }
          ],
          "description": "The list of user identities associated with the resource. The user identity dictionary key references will be resource ids in the form: '/subscriptions/{subscriptionId}/resourceGroups/{resourceGroupName}/providers/Microsoft.ManagedIdentity/userAssignedIdentities/{identityName}'."
        }
      },
      "description": "Identity for the resource."
    },
    "JitApproverDefinition": {
      "type": "object",
      "properties": {
        "displayName": {
          "type": "string",
          "description": "The approver display name."
        },
        "id": {
          "type": "string",
          "description": "The approver service principal Id."
        },
        "type": {
          "oneOf": [
            {
              "type": "string",
              "enum": [
                "user",
                "group"
              ]
            },
            {
              "$ref": "https://schema.management.azure.com/schemas/common/definitions.json#/definitions/expression"
            }
          ],
          "description": "The approver type."
        }
      },
      "required": [
        "id"
      ],
      "description": "JIT approver definition."
    },
    "JitAuthorizationPolicies": {
      "type": "object",
      "properties": {
        "principalId": {
          "type": "string",
          "description": "The the principal id that will be granted JIT access."
        },
        "roleDefinitionId": {
          "type": "string",
          "description": "The role definition id that will be granted to the Principal."
        }
      },
      "required": [
        "principalId",
        "roleDefinitionId"
      ],
      "description": "The JIT authorization policies."
    },
    "JitRequestProperties": {
      "type": "object",
      "properties": {
        "applicationResourceId": {
          "type": "string",
          "description": "The parent application id."
        },
        "jitAuthorizationPolicies": {
          "oneOf": [
            {
              "type": "array",
              "items": {
                "$ref": "#/definitions/JitAuthorizationPolicies"
              }
            },
            {
              "$ref": "https://schema.management.azure.com/schemas/common/definitions.json#/definitions/expression"
            }
          ],
          "description": "The JIT authorization policies."
        },
        "jitSchedulingPolicy": {
          "oneOf": [
            {
              "$ref": "#/definitions/JitSchedulingPolicy"
            },
            {
              "$ref": "https://schema.management.azure.com/schemas/common/definitions.json#/definitions/expression"
            }
          ],
          "description": "The JIT scheduling policies."
        }
      },
      "required": [
        "applicationResourceId",
        "jitAuthorizationPolicies",
        "jitSchedulingPolicy"
      ],
      "description": "Information about JIT request properties"
    },
    "JitSchedulingPolicy": {
      "type": "object",
      "properties": {
        "duration": {
          "type": "string",
          "format": "duration"
        },
        "startTime": {
          "type": "string",
          "format": "date-time",
          "description": "The start time of the request."
        },
        "type": {
          "oneOf": [
            {
              "type": "string",
              "enum": [
                "NotSpecified",
                "Once",
                "Recurring"
              ]
            },
            {
              "$ref": "https://schema.management.azure.com/schemas/common/definitions.json#/definitions/expression"
            }
          ],
          "description": "The type of JIT schedule."
        }
      },
      "required": [
        "duration",
        "startTime",
        "type"
      ],
      "description": "The JIT scheduling policies."
    },
    "Plan": {
      "type": "object",
      "properties": {
        "name": {
          "type": "string",
          "description": "The plan name."
        },
        "product": {
          "type": "string",
          "description": "The product code."
        },
        "promotionCode": {
          "type": "string",
          "description": "The promotion code."
        },
        "publisher": {
          "type": "string",
          "description": "The publisher ID."
        },
        "version": {
          "type": "string",
          "description": "The plan's version."
        }
      },
      "required": [
        "name",
        "product",
        "publisher",
        "version"
      ],
      "description": "Plan for the managed application."
    },
    "Sku": {
      "type": "object",
      "properties": {
        "capacity": {
          "oneOf": [
            {
              "type": "integer"
            },
            {
              "$ref": "https://schema.management.azure.com/schemas/common/definitions.json#/definitions/expression"
            }
          ],
          "description": "The SKU capacity."
        },
        "family": {
          "type": "string",
          "description": "The SKU family."
        },
        "model": {
          "type": "string",
          "description": "The SKU model."
        },
        "name": {
          "type": "string",
          "description": "The SKU name."
        },
        "size": {
          "type": "string",
          "description": "The SKU size."
        },
        "tier": {
          "type": "string",
          "description": "The SKU tier."
        }
      },
      "required": [
        "name"
      ],
      "description": "SKU for the resource."
    },
    "UserAssignedResourceIdentity": {
      "type": "object",
      "properties": {},
      "description": "Represents the user assigned identity that is contained within the UserAssignedIdentities dictionary on ResourceIdentity"
    }
  }
}