{
  "id": "https://schema.management.azure.com/schemas/2018-05-01/Microsoft.Network.json#",
  "$schema": "http://json-schema.org/draft-04/schema#",
  "title": "Microsoft.Network",
  "description": "Microsoft Network Resource Types",
  "resourceDefinitions": {
    "dnsZones": {
      "type": "object",
      "properties": {
        "name": {
          "type": "string"
        },
        "type": {
          "type": "string",
          "enum": [
            "Microsoft.Network/dnsZones"
          ]
        },
        "apiVersion": {
          "type": "string",
          "enum": [
            "2018-05-01"
          ]
        },
        "location": {
          "type": "string",
          "description": "Resource location."
        },
        "tags": {
          "oneOf": [
            {
              "type": "object",
              "additionalProperties": {
                "type": "string"
              }
            },
            {
              "$ref": "https://schema.management.azure.com/schemas/common/definitions.json#/definitions/expression"
            }
          ],
          "description": "Resource tags."
        },
        "etag": {
          "type": "string",
          "description": "The etag of the zone."
        },
        "properties": {
          "oneOf": [
            {
              "$ref": "#/definitions/ZoneProperties"
            },
            {
              "$ref": "https://schema.management.azure.com/schemas/common/definitions.json#/definitions/expression"
            }
          ],
          "description": "The properties of the zone."
        },
        "resources": {
          "type": "array",
          "items": {
            "oneOf": [
              {
                "$ref": "#/definitions/dnsZones_TXT_childResource"
              },
              {
                "$ref": "#/definitions/dnsZones_SRV_childResource"
              },
              {
                "$ref": "#/definitions/dnsZones_SOA_childResource"
              },
              {
                "$ref": "#/definitions/dnsZones_PTR_childResource"
              },
              {
                "$ref": "#/definitions/dnsZones_NS_childResource"
              },
              {
                "$ref": "#/definitions/dnsZones_MX_childResource"
              },
              {
                "$ref": "#/definitions/dnsZones_CNAME_childResource"
              },
              {
                "$ref": "#/definitions/dnsZones_CAA_childResource"
              },
              {
                "$ref": "#/definitions/dnsZones_AAAA_childResource"
              },
              {
                "$ref": "#/definitions/dnsZones_A_childResource"
              }
            ]
          }
        }
      },
      "required": [
        "name",
        "type",
        "apiVersion",
        "location",
        "properties"
      ],
      "description": "Microsoft.Network/dnsZones"
    },
    "dnsZones_A": {
      "type": "object",
      "properties": {
        "name": {
          "type": "string"
        },
        "type": {
          "type": "string",
          "enum": [
            "Microsoft.Network/dnsZones/A"
          ]
        },
        "apiVersion": {
          "type": "string",
          "enum": [
            "2018-05-01"
          ]
        },
        "etag": {
          "type": "string",
          "description": "The etag of the record set."
        },
        "properties": {
          "oneOf": [
            {
              "$ref": "#/definitions/RecordSetProperties"
            },
            {
              "$ref": "https://schema.management.azure.com/schemas/common/definitions.json#/definitions/expression"
            }
          ],
          "description": "The properties of the record set."
        }
      },
      "required": [
        "name",
        "type",
        "apiVersion",
        "properties"
      ],
      "description": "Microsoft.Network/dnsZones/A"
    },
    "dnsZones_AAAA": {
      "type": "object",
      "properties": {
        "name": {
          "type": "string"
        },
        "type": {
          "type": "string",
          "enum": [
            "Microsoft.Network/dnsZones/AAAA"
          ]
        },
        "apiVersion": {
          "type": "string",
          "enum": [
            "2018-05-01"
          ]
        },
        "etag": {
          "type": "string",
          "description": "The etag of the record set."
        },
        "properties": {
          "oneOf": [
            {
              "$ref": "#/definitions/RecordSetProperties"
            },
            {
              "$ref": "https://schema.management.azure.com/schemas/common/definitions.json#/definitions/expression"
            }
          ],
          "description": "The properties of the record set."
        }
      },
      "required": [
        "name",
        "type",
        "apiVersion",
        "properties"
      ],
      "description": "Microsoft.Network/dnsZones/AAAA"
    },
    "dnsZones_CAA": {
      "type": "object",
      "properties": {
        "name": {
          "type": "string"
        },
        "type": {
          "type": "string",
          "enum": [
            "Microsoft.Network/dnsZones/CAA"
          ]
        },
        "apiVersion": {
          "type": "string",
          "enum": [
            "2018-05-01"
          ]
        },
        "etag": {
          "type": "string",
          "description": "The etag of the record set."
        },
        "properties": {
          "oneOf": [
            {
              "$ref": "#/definitions/RecordSetProperties"
            },
            {
              "$ref": "https://schema.management.azure.com/schemas/common/definitions.json#/definitions/expression"
            }
          ],
          "description": "The properties of the record set."
        }
      },
      "required": [
        "name",
        "type",
        "apiVersion",
        "properties"
      ],
      "description": "Microsoft.Network/dnsZones/CAA"
    },
    "dnsZones_CNAME": {
      "type": "object",
      "properties": {
        "name": {
          "type": "string"
        },
        "type": {
          "type": "string",
          "enum": [
            "Microsoft.Network/dnsZones/CNAME"
          ]
        },
        "apiVersion": {
          "type": "string",
          "enum": [
            "2018-05-01"
          ]
        },
        "etag": {
          "type": "string",
          "description": "The etag of the record set."
        },
        "properties": {
          "oneOf": [
            {
              "$ref": "#/definitions/RecordSetProperties"
            },
            {
              "$ref": "https://schema.management.azure.com/schemas/common/definitions.json#/definitions/expression"
            }
          ],
          "description": "The properties of the record set."
        }
      },
      "required": [
        "name",
        "type",
        "apiVersion",
        "properties"
      ],
      "description": "Microsoft.Network/dnsZones/CNAME"
    },
    "dnsZones_MX": {
      "type": "object",
      "properties": {
        "name": {
          "type": "string"
        },
        "type": {
          "type": "string",
          "enum": [
            "Microsoft.Network/dnsZones/MX"
          ]
        },
        "apiVersion": {
          "type": "string",
          "enum": [
            "2018-05-01"
          ]
        },
        "etag": {
          "type": "string",
          "description": "The etag of the record set."
        },
        "properties": {
          "oneOf": [
            {
              "$ref": "#/definitions/RecordSetProperties"
            },
            {
              "$ref": "https://schema.management.azure.com/schemas/common/definitions.json#/definitions/expression"
            }
          ],
          "description": "The properties of the record set."
        }
      },
      "required": [
        "name",
        "type",
        "apiVersion",
        "properties"
      ],
      "description": "Microsoft.Network/dnsZones/MX"
    },
    "dnsZones_NS": {
      "type": "object",
      "properties": {
        "name": {
          "type": "string"
        },
        "type": {
          "type": "string",
          "enum": [
            "Microsoft.Network/dnsZones/NS"
          ]
        },
        "apiVersion": {
          "type": "string",
          "enum": [
            "2018-05-01"
          ]
        },
        "etag": {
          "type": "string",
          "description": "The etag of the record set."
        },
        "properties": {
          "oneOf": [
            {
              "$ref": "#/definitions/RecordSetProperties"
            },
            {
              "$ref": "https://schema.management.azure.com/schemas/common/definitions.json#/definitions/expression"
            }
          ],
          "description": "The properties of the record set."
        }
      },
      "required": [
        "name",
        "type",
        "apiVersion",
        "properties"
      ],
      "description": "Microsoft.Network/dnsZones/NS"
    },
    "dnsZones_PTR": {
      "type": "object",
      "properties": {
        "name": {
          "type": "string"
        },
        "type": {
          "type": "string",
          "enum": [
            "Microsoft.Network/dnsZones/PTR"
          ]
        },
        "apiVersion": {
          "type": "string",
          "enum": [
            "2018-05-01"
          ]
        },
        "etag": {
          "type": "string",
          "description": "The etag of the record set."
        },
        "properties": {
          "oneOf": [
            {
              "$ref": "#/definitions/RecordSetProperties"
            },
            {
              "$ref": "https://schema.management.azure.com/schemas/common/definitions.json#/definitions/expression"
            }
          ],
          "description": "The properties of the record set."
        }
      },
      "required": [
        "name",
        "type",
        "apiVersion",
        "properties"
      ],
      "description": "Microsoft.Network/dnsZones/PTR"
    },
    "dnsZones_SOA": {
      "type": "object",
      "properties": {
        "name": {
          "type": "string"
        },
        "type": {
          "type": "string",
          "enum": [
            "Microsoft.Network/dnsZones/SOA"
          ]
        },
        "apiVersion": {
          "type": "string",
          "enum": [
            "2018-05-01"
          ]
        },
        "etag": {
          "type": "string",
          "description": "The etag of the record set."
        },
        "properties": {
          "oneOf": [
            {
              "$ref": "#/definitions/RecordSetProperties"
            },
            {
              "$ref": "https://schema.management.azure.com/schemas/common/definitions.json#/definitions/expression"
            }
          ],
          "description": "The properties of the record set."
        }
      },
      "required": [
        "name",
        "type",
        "apiVersion",
        "properties"
      ],
      "description": "Microsoft.Network/dnsZones/SOA"
    },
    "dnsZones_SRV": {
      "type": "object",
      "properties": {
        "name": {
          "type": "string"
        },
        "type": {
          "type": "string",
          "enum": [
            "Microsoft.Network/dnsZones/SRV"
          ]
        },
        "apiVersion": {
          "type": "string",
          "enum": [
            "2018-05-01"
          ]
        },
        "etag": {
          "type": "string",
          "description": "The etag of the record set."
        },
        "properties": {
          "oneOf": [
            {
              "$ref": "#/definitions/RecordSetProperties"
            },
            {
              "$ref": "https://schema.management.azure.com/schemas/common/definitions.json#/definitions/expression"
            }
          ],
          "description": "The properties of the record set."
        }
      },
      "required": [
        "name",
        "type",
        "apiVersion",
        "properties"
      ],
      "description": "Microsoft.Network/dnsZones/SRV"
    },
    "dnsZones_TXT": {
      "type": "object",
      "properties": {
        "name": {
          "type": "string"
        },
        "type": {
          "type": "string",
          "enum": [
            "Microsoft.Network/dnsZones/TXT"
          ]
        },
        "apiVersion": {
          "type": "string",
          "enum": [
            "2018-05-01"
          ]
        },
        "etag": {
          "type": "string",
          "description": "The etag of the record set."
        },
        "properties": {
          "oneOf": [
            {
              "$ref": "#/definitions/RecordSetProperties"
            },
            {
              "$ref": "https://schema.management.azure.com/schemas/common/definitions.json#/definitions/expression"
            }
          ],
          "description": "The properties of the record set."
        }
      },
      "required": [
        "name",
        "type",
        "apiVersion",
        "properties"
      ],
      "description": "Microsoft.Network/dnsZones/TXT"
    }
  },
  "definitions": {
    "AaaaRecord": {
      "type": "object",
      "properties": {
        "ipv6Address": {
          "type": "string",
          "description": "The IPv6 address of this AAAA record."
        }
      },
      "description": "An AAAA record."
    },
    "ARecord": {
      "type": "object",
      "properties": {
        "ipv4Address": {
          "type": "string",
          "description": "The IPv4 address of this A record."
        }
      },
      "description": "An A record."
    },
    "CaaRecord": {
      "type": "object",
      "properties": {
        "flags": {
          "oneOf": [
            {
              "type": "integer"
            },
            {
              "$ref": "https://schema.management.azure.com/schemas/common/definitions.json#/definitions/expression"
            }
          ],
          "description": "The flags for this CAA record as an integer between 0 and 255."
        },
        "tag": {
          "type": "string",
          "description": "The tag for this CAA record."
        },
        "value": {
          "type": "string",
          "description": "The value for this CAA record."
        }
      },
      "description": "A CAA record."
    },
    "CnameRecord": {
      "type": "object",
      "properties": {
        "cname": {
          "type": "string",
          "description": "The canonical name for this CNAME record."
        }
      },
      "description": "A CNAME record."
    },
    "dnsZones_A_childResource": {
      "type": "object",
      "properties": {
        "name": {
          "type": "string"
        },
        "type": {
          "type": "string",
          "enum": [
            "A"
          ]
        },
        "apiVersion": {
          "type": "string",
          "enum": [
            "2018-05-01"
          ]
        },
        "etag": {
          "type": "string",
          "description": "The etag of the record set."
        },
        "properties": {
          "oneOf": [
            {
              "$ref": "#/definitions/RecordSetProperties"
            },
            {
              "$ref": "https://schema.management.azure.com/schemas/common/definitions.json#/definitions/expression"
            }
          ],
          "description": "The properties of the record set."
        }
      },
      "required": [
        "name",
        "type",
        "apiVersion",
        "properties"
      ],
      "description": "Microsoft.Network/dnsZones/A"
    },
    "dnsZones_AAAA_childResource": {
      "type": "object",
      "properties": {
        "name": {
          "type": "string"
        },
        "type": {
          "type": "string",
          "enum": [
            "AAAA"
          ]
        },
        "apiVersion": {
          "type": "string",
          "enum": [
            "2018-05-01"
          ]
        },
        "etag": {
          "type": "string",
          "description": "The etag of the record set."
        },
        "properties": {
          "oneOf": [
            {
              "$ref": "#/definitions/RecordSetProperties"
            },
            {
              "$ref": "https://schema.management.azure.com/schemas/common/definitions.json#/definitions/expression"
            }
          ],
          "description": "The properties of the record set."
        }
      },
      "required": [
        "name",
        "type",
        "apiVersion",
        "properties"
      ],
      "description": "Microsoft.Network/dnsZones/AAAA"
    },
    "dnsZones_CAA_childResource": {
      "type": "object",
      "properties": {
        "name": {
          "type": "string"
        },
        "type": {
          "type": "string",
          "enum": [
            "CAA"
          ]
        },
        "apiVersion": {
          "type": "string",
          "enum": [
            "2018-05-01"
          ]
        },
        "etag": {
          "type": "string",
          "description": "The etag of the record set."
        },
        "properties": {
          "oneOf": [
            {
              "$ref": "#/definitions/RecordSetProperties"
            },
            {
              "$ref": "https://schema.management.azure.com/schemas/common/definitions.json#/definitions/expression"
            }
          ],
          "description": "The properties of the record set."
        }
      },
      "required": [
        "name",
        "type",
        "apiVersion",
        "properties"
      ],
      "description": "Microsoft.Network/dnsZones/CAA"
    },
    "dnsZones_CNAME_childResource": {
      "type": "object",
      "properties": {
        "name": {
          "type": "string"
        },
        "type": {
          "type": "string",
          "enum": [
            "CNAME"
          ]
        },
        "apiVersion": {
          "type": "string",
          "enum": [
            "2018-05-01"
          ]
        },
        "etag": {
          "type": "string",
          "description": "The etag of the record set."
        },
        "properties": {
          "oneOf": [
            {
              "$ref": "#/definitions/RecordSetProperties"
            },
            {
              "$ref": "https://schema.management.azure.com/schemas/common/definitions.json#/definitions/expression"
            }
          ],
          "description": "The properties of the record set."
        }
      },
      "required": [
        "name",
        "type",
        "apiVersion",
        "properties"
      ],
      "description": "Microsoft.Network/dnsZones/CNAME"
    },
    "dnsZones_MX_childResource": {
      "type": "object",
      "properties": {
        "name": {
          "type": "string"
        },
        "type": {
          "type": "string",
          "enum": [
            "MX"
          ]
        },
        "apiVersion": {
          "type": "string",
          "enum": [
            "2018-05-01"
          ]
        },
        "etag": {
          "type": "string",
          "description": "The etag of the record set."
        },
        "properties": {
          "oneOf": [
            {
              "$ref": "#/definitions/RecordSetProperties"
            },
            {
              "$ref": "https://schema.management.azure.com/schemas/common/definitions.json#/definitions/expression"
            }
          ],
          "description": "The properties of the record set."
        }
      },
      "required": [
        "name",
        "type",
        "apiVersion",
        "properties"
      ],
      "description": "Microsoft.Network/dnsZones/MX"
    },
    "dnsZones_NS_childResource": {
      "type": "object",
      "properties": {
        "name": {
          "type": "string"
        },
        "type": {
          "type": "string",
          "enum": [
            "NS"
          ]
        },
        "apiVersion": {
          "type": "string",
          "enum": [
            "2018-05-01"
          ]
        },
        "etag": {
          "type": "string",
          "description": "The etag of the record set."
        },
        "properties": {
          "oneOf": [
            {
              "$ref": "#/definitions/RecordSetProperties"
            },
            {
              "$ref": "https://schema.management.azure.com/schemas/common/definitions.json#/definitions/expression"
            }
          ],
          "description": "The properties of the record set."
        }
      },
      "required": [
        "name",
        "type",
        "apiVersion",
        "properties"
      ],
      "description": "Microsoft.Network/dnsZones/NS"
    },
    "dnsZones_PTR_childResource": {
      "type": "object",
      "properties": {
        "name": {
          "type": "string"
        },
        "type": {
          "type": "string",
          "enum": [
            "PTR"
          ]
        },
        "apiVersion": {
          "type": "string",
          "enum": [
            "2018-05-01"
          ]
        },
        "etag": {
          "type": "string",
          "description": "The etag of the record set."
        },
        "properties": {
          "oneOf": [
            {
              "$ref": "#/definitions/RecordSetProperties"
            },
            {
              "$ref": "https://schema.management.azure.com/schemas/common/definitions.json#/definitions/expression"
            }
          ],
          "description": "The properties of the record set."
        }
      },
      "required": [
        "name",
        "type",
        "apiVersion",
        "properties"
      ],
      "description": "Microsoft.Network/dnsZones/PTR"
    },
    "dnsZones_SOA_childResource": {
      "type": "object",
      "properties": {
        "name": {
          "type": "string"
        },
        "type": {
          "type": "string",
          "enum": [
            "SOA"
          ]
        },
        "apiVersion": {
          "type": "string",
          "enum": [
            "2018-05-01"
          ]
        },
        "etag": {
          "type": "string",
          "description": "The etag of the record set."
        },
        "properties": {
          "oneOf": [
            {
              "$ref": "#/definitions/RecordSetProperties"
            },
            {
              "$ref": "https://schema.management.azure.com/schemas/common/definitions.json#/definitions/expression"
            }
          ],
          "description": "The properties of the record set."
        }
      },
      "required": [
        "name",
        "type",
        "apiVersion",
        "properties"
      ],
      "description": "Microsoft.Network/dnsZones/SOA"
    },
    "dnsZones_SRV_childResource": {
      "type": "object",
      "properties": {
        "name": {
          "type": "string"
        },
        "type": {
          "type": "string",
          "enum": [
            "SRV"
          ]
        },
        "apiVersion": {
          "type": "string",
          "enum": [
            "2018-05-01"
          ]
        },
        "etag": {
          "type": "string",
          "description": "The etag of the record set."
        },
        "properties": {
          "oneOf": [
            {
              "$ref": "#/definitions/RecordSetProperties"
            },
            {
              "$ref": "https://schema.management.azure.com/schemas/common/definitions.json#/definitions/expression"
            }
          ],
          "description": "The properties of the record set."
        }
      },
      "required": [
        "name",
        "type",
        "apiVersion",
        "properties"
      ],
      "description": "Microsoft.Network/dnsZones/SRV"
    },
    "dnsZones_TXT_childResource": {
      "type": "object",
      "properties": {
        "name": {
          "type": "string"
        },
        "type": {
          "type": "string",
          "enum": [
            "TXT"
          ]
        },
        "apiVersion": {
          "type": "string",
          "enum": [
            "2018-05-01"
          ]
        },
        "etag": {
          "type": "string",
          "description": "The etag of the record set."
        },
        "properties": {
          "oneOf": [
            {
              "$ref": "#/definitions/RecordSetProperties"
            },
            {
              "$ref": "https://schema.management.azure.com/schemas/common/definitions.json#/definitions/expression"
            }
          ],
          "description": "The properties of the record set."
        }
      },
      "required": [
        "name",
        "type",
        "apiVersion",
        "properties"
      ],
      "description": "Microsoft.Network/dnsZones/TXT"
    },
    "MxRecord": {
      "type": "object",
      "properties": {
        "preference": {
          "oneOf": [
            {
              "type": "integer"
            },
            {
              "$ref": "https://schema.management.azure.com/schemas/common/definitions.json#/definitions/expression"
            }
          ],
          "description": "The preference value for this MX record."
        },
        "exchange": {
          "type": "string",
          "description": "The domain name of the mail host for this MX record."
        }
      },
      "description": "An MX record."
    },
    "NsRecord": {
      "type": "object",
      "properties": {
        "nsdname": {
          "type": "string",
          "description": "The name server name for this NS record."
        }
      },
      "description": "An NS record."
    },
    "PtrRecord": {
      "type": "object",
      "properties": {
        "ptrdname": {
          "type": "string",
          "description": "The PTR target domain name for this PTR record."
        }
      },
      "description": "A PTR record."
    },
    "RecordSetProperties": {
      "type": "object",
      "properties": {
        "metadata": {
          "oneOf": [
            {
              "type": "object",
              "additionalProperties": {
                "type": "string"
              }
            },
            {
              "$ref": "https://schema.management.azure.com/schemas/common/definitions.json#/definitions/expression"
            }
          ],
          "description": "The metadata attached to the record set."
        },
        "TTL": {
          "oneOf": [
            {
              "type": "integer"
            },
            {
              "$ref": "https://schema.management.azure.com/schemas/common/definitions.json#/definitions/expression"
            }
          ],
          "description": "The TTL (time-to-live) of the records in the record set."
        },
        "targetResource": {
          "oneOf": [
            {
              "$ref": "#/definitions/SubResource"
            },
            {
              "$ref": "https://schema.management.azure.com/schemas/common/definitions.json#/definitions/expression"
            }
          ],
          "description": "A reference to an azure resource from where the dns resource value is taken."
        },
        "ARecords": {
          "oneOf": [
            {
              "type": "array",
              "items": {
                "$ref": "#/definitions/ARecord"
              }
            },
            {
              "$ref": "https://schema.management.azure.com/schemas/common/definitions.json#/definitions/expression"
            }
          ],
          "description": "The list of A records in the record set."
        },
        "AAAARecords": {
          "oneOf": [
            {
              "type": "array",
              "items": {
                "$ref": "#/definitions/AaaaRecord"
              }
            },
            {
              "$ref": "https://schema.management.azure.com/schemas/common/definitions.json#/definitions/expression"
            }
          ],
          "description": "The list of AAAA records in the record set."
        },
        "MXRecords": {
          "oneOf": [
            {
              "type": "array",
              "items": {
                "$ref": "#/definitions/MxRecord"
              }
            },
            {
              "$ref": "https://schema.management.azure.com/schemas/common/definitions.json#/definitions/expression"
            }
          ],
          "description": "The list of MX records in the record set."
        },
        "NSRecords": {
          "oneOf": [
            {
              "type": "array",
              "items": {
                "$ref": "#/definitions/NsRecord"
              }
            },
            {
              "$ref": "https://schema.management.azure.com/schemas/common/definitions.json#/definitions/expression"
            }
          ],
          "description": "The list of NS records in the record set."
        },
        "PTRRecords": {
          "oneOf": [
            {
              "type": "array",
              "items": {
                "$ref": "#/definitions/PtrRecord"
              }
            },
            {
              "$ref": "https://schema.management.azure.com/schemas/common/definitions.json#/definitions/expression"
            }
          ],
          "description": "The list of PTR records in the record set."
        },
        "SRVRecords": {
          "oneOf": [
            {
              "type": "array",
              "items": {
                "$ref": "#/definitions/SrvRecord"
              }
            },
            {
              "$ref": "https://schema.management.azure.com/schemas/common/definitions.json#/definitions/expression"
            }
          ],
          "description": "The list of SRV records in the record set."
        },
        "TXTRecords": {
          "oneOf": [
            {
              "type": "array",
              "items": {
                "$ref": "#/definitions/TxtRecord"
              }
            },
            {
              "$ref": "https://schema.management.azure.com/schemas/common/definitions.json#/definitions/expression"
            }
          ],
          "description": "The list of TXT records in the record set."
        },
        "CNAMERecord": {
          "oneOf": [
            {
              "$ref": "#/definitions/CnameRecord"
            },
            {
              "$ref": "https://schema.management.azure.com/schemas/common/definitions.json#/definitions/expression"
            }
          ],
          "description": "The CNAME record in the  record set."
        },
        "SOARecord": {
          "oneOf": [
            {
              "$ref": "#/definitions/SoaRecord"
            },
            {
              "$ref": "https://schema.management.azure.com/schemas/common/definitions.json#/definitions/expression"
            }
          ],
          "description": "The SOA record in the record set."
        },
        "caaRecords": {
          "oneOf": [
            {
              "type": "array",
              "items": {
                "$ref": "#/definitions/CaaRecord"
              }
            },
            {
              "$ref": "https://schema.management.azure.com/schemas/common/definitions.json#/definitions/expression"
            }
          ],
          "description": "The list of CAA records in the record set."
        }
      },
      "description": "Represents the properties of the records in the record set."
    },
    "SoaRecord": {
      "type": "object",
      "properties": {
        "host": {
          "type": "string",
          "description": "The domain name of the authoritative name server for this SOA record."
        },
        "email": {
          "type": "string",
          "description": "The email contact for this SOA record."
        },
        "serialNumber": {
          "oneOf": [
            {
              "type": "integer"
            },
            {
              "$ref": "https://schema.management.azure.com/schemas/common/definitions.json#/definitions/expression"
            }
          ],
          "description": "The serial number for this SOA record."
        },
        "refreshTime": {
          "oneOf": [
            {
              "type": "integer"
            },
            {
              "$ref": "https://schema.management.azure.com/schemas/common/definitions.json#/definitions/expression"
            }
          ],
          "description": "The refresh value for this SOA record."
        },
        "retryTime": {
          "oneOf": [
            {
              "type": "integer"
            },
            {
              "$ref": "https://schema.management.azure.com/schemas/common/definitions.json#/definitions/expression"
            }
          ],
          "description": "The retry time for this SOA record."
        },
        "expireTime": {
          "oneOf": [
            {
              "type": "integer"
            },
            {
              "$ref": "https://schema.management.azure.com/schemas/common/definitions.json#/definitions/expression"
            }
          ],
          "description": "The expire time for this SOA record."
        },
        "minimumTTL": {
          "oneOf": [
            {
              "type": "integer"
            },
            {
              "$ref": "https://schema.management.azure.com/schemas/common/definitions.json#/definitions/expression"
            }
          ],
          "description": "The minimum value for this SOA record. By convention this is used to determine the negative caching duration."
        }
      },
      "description": "An SOA record."
    },
    "SrvRecord": {
      "type": "object",
      "properties": {
        "priority": {
          "oneOf": [
            {
              "type": "integer"
            },
            {
              "$ref": "https://schema.management.azure.com/schemas/common/definitions.json#/definitions/expression"
            }
          ],
          "description": "The priority value for this SRV record."
        },
        "weight": {
          "oneOf": [
            {
              "type": "integer"
            },
            {
              "$ref": "https://schema.management.azure.com/schemas/common/definitions.json#/definitions/expression"
            }
          ],
          "description": "The weight value for this SRV record."
        },
        "port": {
          "oneOf": [
            {
              "type": "integer"
            },
            {
              "$ref": "https://schema.management.azure.com/schemas/common/definitions.json#/definitions/expression"
            }
          ],
          "description": "The port value for this SRV record."
        },
        "target": {
          "type": "string",
          "description": "The target domain name for this SRV record."
        }
      },
      "description": "An SRV record."
    },
    "SubResource": {
      "type": "object",
      "properties": {
        "id": {
          "type": "string",
          "description": "Resource Id."
        }
      },
      "description": "A reference to a another resource"
    },
    "TxtRecord": {
      "type": "object",
      "properties": {
        "value": {
          "oneOf": [
            {
              "type": "array",
              "items": {
                "type": "string"
              }
            },
            {
              "$ref": "https://schema.management.azure.com/schemas/common/definitions.json#/definitions/expression"
            }
          ],
          "description": "The text value of this TXT record."
        }
      },
      "description": "A TXT record."
    },
    "ZoneProperties": {
      "type": "object",
      "properties": {
        "zoneType": {
          "oneOf": [
            {
              "type": "string",
              "enum": [
                "Public",
                "Private"
              ]
            },
            {
              "$ref": "https://schema.management.azure.com/schemas/common/definitions.json#/definitions/expression"
            }
          ],
          "description": "The type of this DNS zone (Public or Private)."
        },
        "registrationVirtualNetworks": {
          "oneOf": [
            {
              "type": "array",
              "items": {
                "$ref": "#/definitions/SubResource"
              }
            },
            {
              "$ref": "https://schema.management.azure.com/schemas/common/definitions.json#/definitions/expression"
            }
          ],
          "description": "A list of references to virtual networks that register hostnames in this DNS zone. This is a only when ZoneType is Private."
        },
        "resolutionVirtualNetworks": {
          "oneOf": [
            {
              "type": "array",
              "items": {
                "$ref": "#/definitions/SubResource"
              }
            },
            {
              "$ref": "https://schema.management.azure.com/schemas/common/definitions.json#/definitions/expression"
            }
          ],
          "description": "A list of references to virtual networks that resolve records in this DNS zone. This is a only when ZoneType is Private."
        }
      },
      "description": "Represents the properties of the zone."
    }
  }
}
