{
  "id": "https://schema.management.azure.com/schemas/2016-12-01/Microsoft.Network.json#",
  "$schema": "http://json-schema.org/draft-04/schema#",
  "title": "Microsoft.Network",
  "description": "Microsoft Network Resource Types",
  "resourceDefinitions": {
    "publicIPAddresses": {
      "type": "object",
      "properties": {
        "type": {
          "enum": [
            "Microsoft.Network/publicIPAddresses"
          ]
        },
        "apiVersion": {
          "enum": [
            "2016-12-01"
          ]
        },
        "name": {
          "type": "string",
          "minLength": 1,
          "description": "Microsoft.Network/publicIPAddresses: Name"
        },
        "properties": {
          "type": "object",
          "properties": {
            "publicIPAllocationMethod": {
              "oneOf": [
                {
                  "enum": [
                    "Dynamic",
                    "Static"
                  ]
                },
                { "$ref": "https://schema.management.azure.com/schemas/common/definitions.json#/definitions/expression" }
              ],
              "description": "Microsoft.Network/publicIPAddresses: Public IP allocation method"
            },
            "idleTimeoutInMinutes": {
              "$ref": "https://schema.management.azure.com/schemas/common/definitions.json#/definitions/numberOrExpression",
              "description": "Microsoft.Network/publicIPAddresses: Idle timeout in minutes"
            },
            "dnsSettings": {
              "oneOf": [
                { "$ref": "#/definitions/publicIPAddressDnsSettings" },
                { "$ref": "https://schema.management.azure.com/schemas/common/definitions.json#/definitions/expression" }
              ],
              "description": "Microsoft.Network/publicIPAddresses: DNS settings"
            }
          },
          "required": [
            "publicIPAllocationMethod"
          ]
        }
      },
      "required": [
        "type",
        "apiVersion",
        "name",
        "properties",
        "location"
      ],
      "description": "Microsoft.Network/publicIPAddresses"
    },
    "networkInterfaces": {
      "type": "object",
      "properties": {
        "type": {
          "enum": [
            "Microsoft.Network/networkInterfaces"
          ]
        },
        "apiVersion": {
          "enum": [
            "2016-12-01"
          ]
        },
        "name": {
          "type": "string"
        },
        "properties": {
          "type": "object",
          "properties": {
            "enableIPForwarding": {
              "oneOf": [
                { "type": "boolean" },
                { "$ref": "https://schema.management.azure.com/schemas/common/definitions.json#/definitions/expression" }
              ],
              "description": "Microsoft.Network/networkInterfaces: Enable IP forwarding"
            },
            "networkSecurityGroup": {
              "oneOf": [
                { "$ref": "#/definitions/id" },
                { "$ref": "https://schema.management.azure.com/schemas/common/definitions.json#/definitions/expression" }
              ],
              "description": "Microsoft.Network/networkInterfaces: Network security group"
            },
            "ipConfigurations": {
              "oneOf": [
                {
                  "type": "array",
                  "items": {
                    "$ref": "#/definitions/ipConfiguration"
                  }
                },
                { "$ref": "https://schema.management.azure.com/schemas/common/definitions.json#/definitions/expression" }
              ],
              "description": "Microsoft.Network/networkInterfaces: IP configurations"
            },
            "dnsSettings": {
              "oneOf": [
                { "$ref": "#/definitions/networkInterfaceDnsSettings" },
                { "$ref": "https://schema.management.azure.com/schemas/common/definitions.json#/definitions/expression" }
              ],
              "description": "Microsoft.Network/networkInterfaces: DNS settings"
            }
          },
          "required": [
            "ipConfigurations"
          ]
        }
      },
      "required": [
        "type",
        "apiVersion",
        "name",
        "properties",
        "location"
      ],
      "description": "Microsoft.Network/networkInterfaces"
    },
    "virtualNetworks": {
      "type": "object",
      "properties": {
        "type": {
          "enum": [
            "Microsoft.Network/virtualNetworks"
          ]
        },
        "apiVersion": {
          "enum": [
            "2016-12-01"
          ]
        },
        "name": {
          "type": "string",
          "minLength": 1,
          "description": "Microsoft.Network/virtualNetworks: Name"
        },
        "properties": {
          "type": "object",
          "properties": {
            "addressSpace": {
              "oneOf": [
                { "$ref": "#/definitions/addressSpace" },
                { "$ref": "https://schema.management.azure.com/schemas/common/definitions.json#/definitions/expression" }
              ],
              "description": "Microsoft.Network/virtualNetworks: Address space"
            },
            "dhcpOptions": {
              "oneOf": [
                { "$ref": "#/definitions/dhcpOptions" },
                { "$ref": "https://schema.management.azure.com/schemas/common/definitions.json#/definitions/expression" }
              ],
              "description": "Microsoft.Network/virtualNetworks: DHCP options"
            },
            "subnets": {
              "oneOf": [
                {
                  "type": "array",
                  "items": { "$ref": "#/definitions/subnet" }
                },
                { "$ref": "https://schema.management.azure.com/schemas/common/definitions.json#/definitions/expression" }
              ],
              "description": "Microsoft.Network/virtualNetworks: Subnets"
            },
            "virtualNetworkPeerings": {
              "oneOf": [
                {
                  "type": "array",
                  "items": { "$ref": "#/definitions/virtualNetworkPeering" }
                },
                { "$ref": "https://schema.management.azure.com/schemas/common/definitions.json#/definitions/expression" }
              ],
              "description": "Microsoft.Network/virtualNetworks: Virtual Network Peerings"
            }
          },
          "required": [
            "addressSpace",
            "subnets"
          ]
        }
      },
      "required": [
        "type",
        "apiVersion",
        "name",
        "properties",
        "location"
      ],
      "description": "Microsoft.Network/virtualNetworks"
    },
    "loadBalancers": {
      "type": "object",
      "properties": {
        "type": {
          "enum": [
            "Microsoft.Network/loadBalancers"
          ]
        },
        "apiVersion": {
          "enum": [
            "2016-12-01"
          ]
        },
        "name": {
          "type": "string"
        },
        "properties": {
          "type": "object",
          "properties": {
            "frontendIPConfigurations": {
              "oneOf": [
                {
                  "type": "array",
                  "items": {
                    "$ref": "#/definitions/frontendIPConfigurations"
                  }
                },
                { "$ref": "https://schema.management.azure.com/schemas/common/definitions.json#/definitions/expression" }
              ],
              "description": "Microsoft.Network/loadBalancers: Frontend IP configurations"
            },
            "backendAddressPools": {
              "oneOf": [
                {
                  "type": "array",
                  "items": {
                    "$ref": "#/definitions/backendAddressPools"
                  }
                },
                { "$ref": "https://schema.management.azure.com/schemas/common/definitions.json#/definitions/expression" }
              ],
              "description": "Microsoft.Network/loadBalancers: Backend address pools"
            },
            "loadBalancingRules": {
              "oneOf": [
                {
                  "type": "array",
                  "items": {
                    "$ref": "#/definitions/loadBalancingRules"
                  }
                },
                { "$ref": "https://schema.management.azure.com/schemas/common/definitions.json#/definitions/expression" }
              ],
              "description": "Microsoft.Network/loadBalancers: Load balancing rules"
            },
            "probes": {
              "oneOf": [
                {
                  "type": "array",
                  "items": {
                    "$ref": "#/definitions/probes"
                  }
                },
                { "$ref": "https://schema.management.azure.com/schemas/common/definitions.json#/definitions/expression" }
              ],
              "description": "Microsoft.Network/loadBalancers: Probes"
            },
            "inboundNatRules": {
              "oneOf": [
                {
                  "type": "array",
                  "items": {
                    "$ref": "#/definitions/inboundNatRules"
                  }
                },
                { "$ref": "https://schema.management.azure.com/schemas/common/definitions.json#/definitions/expression" }
              ],
              "description": "Microsoft.Network/loadBalancers: Inbound NAT rules"
            },
            "inboundNatPools": {
              "oneOf": [
                {
                  "type": "array",
                  "items": {
                    "$ref": "#/definitions/inboundNatPools"
                  }
                },
                { "$ref": "https://schema.management.azure.com/schemas/common/definitions.json#/definitions/expression" }
              ],
              "description": "Microsoft.Network/loadBalancers: Inbound NAT pools"
            },
            "outboundNatRules": {
              "oneOf": [
                {
                  "type": "array",
                  "items": {
                    "$ref": "#/definitions/outboundNatRules"
                  }
                },
                { "$ref": "https://schema.management.azure.com/schemas/common/definitions.json#/definitions/expression" }
              ],
              "description": "Microsoft.Network/loadBalancers: Outbound NAT rules"
            }
          },
          "required": [
            "frontendIPConfigurations"
          ]
        }
      },
      "required": [
        "type",
        "apiVersion",
        "name",
        "properties",
        "location"
      ],
      "description": "Microsoft.Network/loadBalancers"
    },
    "networkSecurityGroups": {
      "type": "object",
      "properties": {
        "type": {
          "enum": [
            "Microsoft.Network/networkSecurityGroups"
          ]
        },
        "apiVersion": {
          "enum": [
            "2016-12-01"
          ]
        },
        "name": {
          "type": "string"
        },
        "properties": {
          "type": "object",
          "properties": {
            "securityRules": {
              "oneOf": [
                {
                  "type": "array",
                  "items": {
                    "$ref": "#/definitions/securityRules"
                  }
                },
                { "$ref": "https://schema.management.azure.com/schemas/common/definitions.json#/definitions/expression" }
              ],
              "description": "Microsoft.Network/networkSecurityGroups: Security rules"
            }
          },
          "required": [
            "securityRules"
          ]
        }
      },
      "required": [
        "type",
        "apiVersion",
        "name",
        "properties",
        "location"
      ],
      "description": "Microsoft.Network/networkSecurityGroups"
    },
    "routeTables": {
      "type": "object",
      "properties": {
        "type": {
          "enum": [
            "Microsoft.Network/routeTables"
          ]
        },
        "apiVersion": {
          "enum": [
            "2016-12-01"
          ]
        },
        "name": {
          "type": "string"
        },
        "properties": {
          "type": "object",
          "properties": {
            "routes": {
              "oneOf": [
                {
                  "type": "array",
                  "items": {
                    "$ref": "#/definitions/routes"
                  }
                },
                { "$ref": "https://schema.management.azure.com/schemas/common/definitions.json#/definitions/expression" }
              ],
              "description": "Microsoft.Network/routeTables: Routes"
            }
          },
          "required": [
            "routes"
          ]
        }
      },
      "required": [
        "type",
        "apiVersion",
        "name",
        "properties",
        "location"
      ],
      "description": "Microsoft.Network/routeTables"
    }
  },
  "definitions": {
    "publicIPAddressDnsSettings": {
      "type": "object",
      "properties": {
        "domainNameLabel": {
          "type": "string"
        },
        "reverseFqdn": {
          "type": "string"
        }
      },
      "required": [
        "domainNameLabel"
      ]
    },
    "networkInterfaceDnsSettings": {
      "type": "object",
      "properties": {
        "dnsServers": {
          "oneOf": [
            {
              "$ref": "https://schema.management.azure.com/schemas/common/definitions.json#/definitions/expression"
            },
            {
              "type": "array",
              "items": {
                "type": "string"
              }
            }
          ]
        },
        "internalDnsNameLabel": {
          "type": "string"
        }
      }
    },
    "id": {
      "type": "object",
      "properties": {
        "id": {
          "type": "string"
        }
      },
      "required": [
        "id"
      ]
    },
    "ipConfiguration": {
      "type": "object",
      "properties": {
        "name": {
          "type": "string"
        },
        "properties": {
          "$ref": "#/definitions/ipConfigurationProperties"
        }
      },
      "required": [
        "name",
        "properties"
      ]
    },
    "ipConfigurationProperties": {
      "type": "object",
      "properties": {
        "subnet": {
          "$ref": "#/definitions/id"
        },
        "privateIPAddress": {
          "type": "string"
        },
        "privateIPAllocationMethod": {
          "oneOf": [
            {
              "enum": [
                "Dynamic",
                "Static"
              ]
            },
            {
              "$ref": "https://schema.management.azure.com/schemas/common/definitions.json#/definitions/expression"
            }
          ]
        },
        "publicIPAddress": {
          "$ref": "#/definitions/id"
        },
        "loadBalancerBackendAddressPools": {
          "type": "array",
          "items": {
            "$ref": "#/definitions/id"
          }
        },
        "loadBalancerInboundNatRules": {
          "type": "array",
          "items": {
            "$ref": "#/definitions/id"
          }
        }
      },
      "required": [
        "subnet",
        "privateIPAllocationMethod"
      ]
    },
    "addressSpace": {
      "type": "object",
      "properties": {
        "addressPrefixes": {
          "type": "array",
          "items": {
            "type": "string"
          }
        }
      },
      "required": [
        "addressPrefixes"
      ]
    },
    "dhcpOptions": {
      "type": "object",
      "properties": {
        "dnsServers": {
          "type": "array",
          "items": {
            "type": "string"
          }
        }
      },
      "required": [
        "dnsServers"
      ]
    },
    "subnetProperties": {
      "type": "object",
      "properties": {
        "addressPrefix": {
          "type": "string"
        },
        "networkSecurityGroup": {
          "$ref": "#/definitions/id"
        },
        "routeTable": {
          "$ref": "#/definitions/id"
        }
      },
      "required": [
        "addressPrefix"
      ]
    },
    "subnet": {
      "type": "object",
      "properties": {
        "name": {
          "type": "string"
        },
        "properties": {
          "$ref": "#/definitions/subnetProperties"
        }
      },
      "required": [
        "name",
        "properties"
      ]
    },
    "virtualNetworkPeeringPropertiesFormat": {
      "type": "object",
      "properties": {
        "allowVirtualNetworkAccess": {
          "type": "boolean"
        },
        "allowForwardedTraffic": {
          "type": "boolean"
        },
        "allowGatewayTransit": {
          "type": "boolean"
        },
        "useRemoteGateways": {
          "type": "boolean"
        },
        "remoteVirtualNetwork": {
          "$ref": "#/definitions/id"
        },
        "peeringState": {
          "type": "string",
          "description": "Gets the status of the virtual network peering",
          "oneOf": [
            {
              "enum": [
                "Initiated",
                "Connected",
                "Disconnected"
              ]
            },
            {
              "$ref": "https://schema.management.azure.com/schemas/common/definitions.json#/definitions/expression"
            }
          ]
        }
      }
    },
    "virtualNetworkPeering": {
      "type": "object",
      "properties": {
        "name": {
          "type": "string",
          "description": "Gets or sets the name of the resource that is unique within a resource group. This name can be used to access the resource"
        },
        "properties": {
          "$ref": "#/definitions/virtualNetworkPeeringPropertiesFormat"
        }
      },
      "required": [
        "name",
        "properties"
      ]
    },
    "frontendIPConfigurationsExternalProperties": {
      "type": "object",
      "properties": {
        "publicIPAddress": {
          "$ref": "#/definitions/id"
        }
      },
      "required": [
        "publicIPAddress"
      ]
    },
    "frontendIPConfigurationsInternalProperties": {
      "type": "object",
      "properties": {
        "subnet": {
          "$ref": "#/definitions/id"
        },
        "privateIPAddress": {
          "type": "string"
        },
        "privateIPAllocationMethod": {
          "oneOf": [
            {
              "enum": [
                "Dynamic",
                "Static"
              ]
            },
            {
              "$ref": "https://schema.management.azure.com/schemas/common/definitions.json#/definitions/expression"
            }
          ]
        }
      },
      "required": [
        "subnet",
        "privateIPAllocationMethod"
      ]
    },
    "frontendIPConfigurations": {
      "type": "object",
      "properties": {
        "name": {
          "type": "string"
        },
        "properties": {
          "type": "object",
          "properties": {
            "subnet": {
              "$ref": "#/definitions/id"
            },
            "privateIPAddress": {
              "type": "string"
            },
            "privateIPAllocationMethod": {
              "oneOf": [
                {
                  "enum": [
                    "Dynamic",
                    "Static"
                  ]
                },
                {
                  "$ref": "https://schema.management.azure.com/schemas/common/definitions.json#/definitions/expression"
                }
              ]
            },
            "publicIPAddress": {
              "$ref": "#/definitions/id"
            }
          }
        }
      },
      "required": [
        "name",
        "properties"
      ]
    },
    "backendAddressPools": {
      "type": "object",
      "properties": {
        "name": {
          "type": "string"
        }
      },
      "required": [
        "name"
      ],
      "additionalProperties": false
    },
    "loadBalancingRulesProperties": {
      "type": "object",
      "properties": {
        "frontendIPConfiguration": {
          "$ref": "#/definitions/id"
        },
        "backendAddressPool": {
          "$ref": "#/definitions/id"
        },
        "protocol": {
          "oneOf": [
            {
              "enum": [
                "Udp",
                "Tcp"
              ]
            },
            {
              "$ref": "https://schema.management.azure.com/schemas/common/definitions.json#/definitions/expression"
            }
          ]
        },
        "frontendPort": {
          "$ref": "https://schema.management.azure.com/schemas/common/definitions.json#/definitions/numberOrExpression"
        },
        "backendPort": {
          "$ref": "https://schema.management.azure.com/schemas/common/definitions.json#/definitions/numberOrExpression"
        },
        "probe": {
          "$ref": "#/definitions/id"
        },
        "enableFloatingIP": {
          "oneOf": [
            {
              "type": "boolean"
            },
            {
              "$ref": "https://schema.management.azure.com/schemas/common/definitions.json#/definitions/expression"
            }
          ]
        },
        "idleTimeoutInMinutes": {
          "$ref": "https://schema.management.azure.com/schemas/common/definitions.json#/definitions/numberOrExpression"
        },
        "loadDistribution": {
          "oneOf": [
            {
              "enum": [
                "Default",
                "SourceIP",
                "SourceIPProtocol"
              ]
            },
            {
              "$ref": "https://schema.management.azure.com/schemas/common/definitions.json#/definitions/expression"
            }
          ]
        }
      },
      "required": [
        "frontendIPConfiguration",
        "backendAddressPool",
        "protocol",
        "frontendPort",
        "backendPort"
      ]
    },
    "loadBalancingRules": {
      "type": "object",
      "properties": {
        "name": {
          "type": "string"
        },
        "properties": {
          "$ref": "#/definitions/loadBalancingRulesProperties"
        }
      },
      "required": [
        "name",
        "properties"
      ]
    },
    "probeProperties": {
      "type": "object",
      "properties": {
        "protocol": {
          "oneOf": [
            {
              "enum": [
                "Http",
                "Tcp"
              ]
            },
            {
              "$ref": "https://schema.management.azure.com/schemas/common/definitions.json#/definitions/expression"
            }
          ]
        },
        "port": {
          "$ref": "https://schema.management.azure.com/schemas/common/definitions.json#/definitions/numberOrExpression"
        },
        "requestPath": {
          "type": "string"
        },
        "intervalInSeconds": {
          "$ref": "https://schema.management.azure.com/schemas/common/definitions.json#/definitions/numberOrExpression"
        },
        "numberOfProbes": {
          "$ref": "https://schema.management.azure.com/schemas/common/definitions.json#/definitions/numberOrExpression"
        }
      },
      "required": [
        "protocol",
        "port"
      ]
    },
    "probes": {
      "type": "object",
      "properties": {
        "name": {
          "type": "string"
        },
        "properties": {
          "$ref": "#/definitions/probeProperties"
        }
      },
      "required": [
        "name",
        "properties"
      ]
    },
    "inboundNatRulesProperties": {
      "type": "object",
      "properties": {
        "frontendIPConfiguration": {
          "$ref": "#/definitions/id"
        },
        "protocol": {
          "type": "string"
        },
        "frontendPort": {
          "$ref": "https://schema.management.azure.com/schemas/common/definitions.json#/definitions/numberOrExpression"
        },
        "backendPort": {
          "$ref": "https://schema.management.azure.com/schemas/common/definitions.json#/definitions/numberOrExpression"
        }
      },
      "required": [
        "frontendIPConfiguration",
        "protocol",
        "frontendPort",
        "backendPort"
      ]
    },
    "inboundNatRules": {
      "type": "object",
      "properties": {
        "name": {
          "type": "string"
        },
        "properties": {
          "$ref": "#/definitions/inboundNatRulesProperties"
        }
      },
      "required": [
        "name",
        "properties"
      ]
    },
    "inboundNatPoolsProperties": {
      "type": "object",
      "properties": {
        "frontendIPConfiguration": {
          "$ref": "#/definitions/id"
        },
        "protocol": {
          "type": "string"
        },
        "frontendPortRangeStart": {
          "$ref": "https://schema.management.azure.com/schemas/common/definitions.json#/definitions/numberOrExpression"
        },
        "frontendPortRangeEnd": {
          "$ref": "https://schema.management.azure.com/schemas/common/definitions.json#/definitions/numberOrExpression"
        },
        "backendPort": {
          "$ref": "https://schema.management.azure.com/schemas/common/definitions.json#/definitions/numberOrExpression"
        }
      },
      "required": [
        "frontendIPConfiguration",
        "protocol",
        "frontendPortRangeStart",
        "frontendPortRangeEnd",
        "backendPort"
      ]
    },
    "inboundNatPools": {
      "type": "object",
      "properties": {
        "name": {
          "type": "string"
        },
        "properties": {
          "$ref": "#/definitions/inboundNatPoolsProperties"
        }
      },
      "required": [
        "name",
        "properties"
      ]
    },
    "outboundNatRulesProperties": {
      "type": "object",
      "properties": {
        "frontendIPConfigurations": {
          "type": "array",
          "items": {
            "$ref": "#/definitions/id"
          }
        },
        "backendAddressPool": {
          "$ref": "#/definitions/id"
        }
      },
      "required": [
        "frontendIPConfigurations",
        "backendAddressPool"
      ]
    },
    "outboundNatRules": {
      "type": "object",
      "properties": {
        "name": {
          "type": "string"
        },
        "properties": {
          "$ref": "#/definitions/outboundNatRulesProperties"
        }
      },
      "required": [
        "name",
        "properties"
      ]
    },
    "securityruleProperties": {
      "type": "object",
      "properties": {
        "description": {
          "type": "string"
        },
        "protocol": {
          "oneOf": [
            {
              "enum": [
                "Tcp",
                "Udp",
                "*"
              ]
            },
            {
              "$ref": "https://schema.management.azure.com/schemas/common/definitions.json#/definitions/expression"
            }
          ]
        },
        "sourcePortRange": {
          "type": "string"
        },
        "destinationPortRange": {
          "type": "string"
        },
        "sourceAddressPrefix": {
          "type": "string"
        },
        "destinationAddressPrefix": {
          "type": "string"
        },
        "access": {
          "oneOf": [
            {
              "enum": [
                "Allow",
                "Deny"
              ]
            },
            {
              "$ref": "https://schema.management.azure.com/schemas/common/definitions.json#/definitions/expression"
            }
          ]
        },
        "priority": {
          "$ref": "https://schema.management.azure.com/schemas/common/definitions.json#/definitions/numberOrExpression"
        },
        "direction": {
          "oneOf": [
            {
              "enum": [
                "Inbound",
                "Outbound"
              ]
            },
            {
              "$ref": "https://schema.management.azure.com/schemas/common/definitions.json#/definitions/expression"
            }
          ]
        }
      },
      "required": [
        "protocol",
        "sourcePortRange",
        "destinationPortRange",
        "sourceAddressPrefix",
        "destinationAddressPrefix",
        "access",
        "priority",
        "direction"
      ]
    },
    "securityRules": {
      "type": "object",
      "properties": {
        "name": {
          "type": "string"
        },
        "properties": {
          "$ref": "#/definitions/securityruleProperties"
        }
      },
      "required": [
        "name",
        "properties"
      ]
    },
    "routeProperties": {
      "type": "object",
      "properties": {
        "addressPrefix": {
          "type": "string"
        },
        "nextHopType": {
          "oneOf": [
            {
              "enum": [
                "VirtualNetworkGateway",
                "VnetLocal",
                "Internet",
                "VirtualAppliance",
                "HyperNetGateway",
                "None"
              ]
            },
            {
              "$ref": "https://schema.management.azure.com/schemas/common/definitions.json#/definitions/expression"
            }
          ]
        },
        "nextHopIpAddress": {
          "type": "string"
        }
      },
      "required": [
        "addressPrefix",
        "nextHopType"
      ]
    },
    "routes": {
      "type": "object",
      "properties": {
        "name": {
          "type": "string"
        },
        "properties": {
          "$ref": "#/definitions/routeProperties"
        }
      },
      "required": [
        "name",
        "properties"
      ]
    },
    "SubResource": {
      "properties": {
        "id": {
          "type": "string",
          "description": "Resource Id"
        }
      },
      "x-ms-azure-resource": true
    }
  }
}
