{
  "id": "https://schema.management.azure.com/schemas/2018-07-01-preview/Microsoft.PolicyInsights.json#",
  "$schema": "http://json-schema.org/draft-04/schema#",
  "title": "Microsoft.PolicyInsights",
  "description": "Microsoft PolicyInsights Resource Types",
  "resourceDefinitions": {
    "remediations": {
      "type": "object",
      "properties": {
        "apiVersion": {
          "type": "string",
          "enum": [
            "2018-07-01-preview"
          ]
        },
        "name": {
          "type": "string",
          "description": "The name of the remediation."
        },
        "properties": {
          "oneOf": [
            {
              "$ref": "#/definitions/RemediationProperties"
            },
            {
              "$ref": "https://schema.management.azure.com/schemas/common/definitions.json#/definitions/expression"
            }
          ],
          "description": "The remediation properties."
        },
        "type": {
          "type": "string",
          "enum": [
            "Microsoft.PolicyInsights/remediations"
          ]
        }
      },
      "required": [
        "apiVersion",
        "name",
        "properties",
        "type"
      ],
      "description": "Microsoft.PolicyInsights/remediations"
    }
  },
  "subscription_resourceDefinitions": {
    "remediations": {
      "type": "object",
      "properties": {
        "apiVersion": {
          "type": "string",
          "enum": [
            "2018-07-01-preview"
          ]
        },
        "name": {
          "type": "string",
          "description": "The name of the remediation."
        },
        "properties": {
          "oneOf": [
            {
              "$ref": "#/definitions/RemediationProperties"
            },
            {
              "$ref": "https://schema.management.azure.com/schemas/common/definitions.json#/definitions/expression"
            }
          ],
          "description": "The remediation properties."
        },
        "type": {
          "type": "string",
          "enum": [
            "Microsoft.PolicyInsights/remediations"
          ]
        }
      },
      "required": [
        "apiVersion",
        "name",
        "properties",
        "type"
      ],
      "description": "Microsoft.PolicyInsights/remediations"
    }
  },
  "extension_resourceDefinitions": {
    "remediations": {
      "type": "object",
      "properties": {
        "apiVersion": {
          "type": "string",
          "enum": [
            "2018-07-01-preview"
          ]
        },
        "name": {
          "type": "string",
          "description": "The name of the remediation."
        },
        "properties": {
          "oneOf": [
            {
              "$ref": "#/definitions/RemediationProperties"
            },
            {
              "$ref": "https://schema.management.azure.com/schemas/common/definitions.json#/definitions/expression"
            }
          ],
          "description": "The remediation properties."
        },
        "type": {
          "type": "string",
          "enum": [
            "Microsoft.PolicyInsights/remediations"
          ]
        }
      },
      "required": [
        "apiVersion",
        "name",
        "properties",
        "type"
      ],
      "description": "Microsoft.PolicyInsights/remediations"
    }
  },
  "unknown_resourceDefinitions": {
    "remediations": {
      "type": "object",
      "properties": {
        "apiVersion": {
          "type": "string",
          "enum": [
            "2018-07-01-preview"
          ]
        },
        "name": {
          "type": "string",
          "description": "The name of the remediation."
        },
        "properties": {
          "oneOf": [
            {
              "$ref": "#/definitions/RemediationProperties"
            },
            {
              "$ref": "https://schema.management.azure.com/schemas/common/definitions.json#/definitions/expression"
            }
          ],
          "description": "The remediation properties."
        },
        "type": {
          "type": "string",
          "enum": [
            "Microsoft.PolicyInsights/remediations"
          ]
        }
      },
      "required": [
        "apiVersion",
        "name",
        "properties",
        "type"
      ],
      "description": "Microsoft.PolicyInsights/remediations"
    }
  },
  "definitions": {
    "RemediationDeploymentSummary": {
      "type": "object",
      "properties": {
        "failedDeployments": {
          "oneOf": [
            {
              "type": "integer"
            },
            {
              "$ref": "https://schema.management.azure.com/schemas/common/definitions.json#/definitions/expression"
            }
          ],
          "description": "The number of deployments required by the remediation that have failed."
        },
        "successfulDeployments": {
          "oneOf": [
            {
              "type": "integer"
            },
            {
              "$ref": "https://schema.management.azure.com/schemas/common/definitions.json#/definitions/expression"
            }
          ],
          "description": "The number of deployments required by the remediation that have succeeded."
        },
        "totalDeployments": {
          "oneOf": [
            {
              "type": "integer"
            },
            {
              "$ref": "https://schema.management.azure.com/schemas/common/definitions.json#/definitions/expression"
            }
          ],
          "description": "The number of deployments required by the remediation."
        }
      },
      "description": "The deployment status summary for all deployments created by the remediation."
    },
    "RemediationFilters": {
      "type": "object",
      "properties": {
        "locations": {
          "oneOf": [
            {
              "type": "array",
              "items": {
                "type": "string"
              }
            },
            {
              "$ref": "https://schema.management.azure.com/schemas/common/definitions.json#/definitions/expression"
            }
          ],
          "description": "The resource locations that will be remediated."
        }
      },
      "description": "The filters that will be applied to determine which resources to remediate."
    },
    "RemediationProperties": {
      "type": "object",
      "properties": {
        "deploymentStatus": {
          "oneOf": [
            {
              "$ref": "#/definitions/RemediationDeploymentSummary"
            },
            {
              "$ref": "https://schema.management.azure.com/schemas/common/definitions.json#/definitions/expression"
            }
          ],
          "description": "The deployment status summary for all deployments created by the remediation."
        },
        "filters": {
          "oneOf": [
            {
              "$ref": "#/definitions/RemediationFilters"
            },
            {
              "$ref": "https://schema.management.azure.com/schemas/common/definitions.json#/definitions/expression"
            }
          ],
          "description": "The filters that will be applied to determine which resources to remediate."
        },
        "policyAssignmentId": {
          "type": "string",
          "description": "The resource ID of the policy assignment that should be remediated."
        },
        "policyDefinitionReferenceId": {
          "type": "string",
          "description": "The policy definition reference ID of the individual definition that should be remediated. Required when the policy assignment being remediated assigns a policy set definition."
        }
      },
      "description": "The remediation properties."
    }
  }
}