{
  "id": "https://schema.management.azure.com/schemas/2017-09-01/Microsoft.Solutions.resourcesolutions.json#",
  "$schema": "http://json-schema.org/draft-04/schema#",
  "title": "Microsoft.Solutions",
  "description": "Microsoft Solutions Resource Types",
  "resourceDefinitions": {
    "applicationDefinitions": {
      "type": "object",
      "properties": {
        "apiVersion": {
          "type": "string",
          "enum": [
            "2017-09-01"
          ]
        },
        "identity": {
          "oneOf": [
            {
              "$ref": "#/definitions/Identity"
            },
            {
              "$ref": "https://schema.management.azure.com/schemas/common/definitions.json#/definitions/expression"
            }
          ],
          "description": "Identity for the resource."
        },
        "location": {
          "type": "string",
          "description": "Resource location"
        },
        "managedBy": {
          "type": "string",
          "description": "ID of the resource that manages this resource."
        },
        "name": {
          "type": "string",
          "minLength": 3,
          "maxLength": 64,
          "description": "The name of the managed application definition."
        },
        "properties": {
          "oneOf": [
            {
              "$ref": "#/definitions/ApplicationDefinitionProperties"
            },
            {
              "$ref": "https://schema.management.azure.com/schemas/common/definitions.json#/definitions/expression"
            }
          ],
          "description": "The managed application definition properties."
        },
        "sku": {
          "oneOf": [
            {
              "$ref": "#/definitions/Sku"
            },
            {
              "$ref": "https://schema.management.azure.com/schemas/common/definitions.json#/definitions/expression"
            }
          ],
          "description": "SKU for the resource."
        },
        "tags": {
          "oneOf": [
            {
              "type": "object",
              "additionalProperties": {
                "type": "string"
              },
              "properties": {}
            },
            {
              "$ref": "https://schema.management.azure.com/schemas/common/definitions.json#/definitions/expression"
            }
          ],
          "description": "Resource tags"
        },
        "type": {
          "type": "string",
          "enum": [
            "Microsoft.Solutions/applicationDefinitions"
          ]
        }
      },
      "required": [
        "apiVersion",
        "name",
        "properties",
        "type"
      ],
      "description": "Microsoft.Solutions/applicationDefinitions"
    },
    "applications": {
      "type": "object",
      "properties": {
        "apiVersion": {
          "type": "string",
          "enum": [
            "2017-09-01"
          ]
        },
        "identity": {
          "oneOf": [
            {
              "$ref": "#/definitions/Identity"
            },
            {
              "$ref": "https://schema.management.azure.com/schemas/common/definitions.json#/definitions/expression"
            }
          ],
          "description": "Identity for the resource."
        },
        "kind": {
          "oneOf": [
            {
              "type": "string",
              "pattern": "^[-\\w\\._,\\(\\)]+$"
            },
            {
              "$ref": "https://schema.management.azure.com/schemas/common/definitions.json#/definitions/expression"
            }
          ],
          "description": "The kind of the managed application. Allowed values are MarketPlace and ServiceCatalog."
        },
        "location": {
          "type": "string",
          "description": "Resource location"
        },
        "managedBy": {
          "type": "string",
          "description": "ID of the resource that manages this resource."
        },
        "name": {
          "type": "string",
          "minLength": 3,
          "maxLength": 64,
          "description": "The name of the managed application."
        },
        "plan": {
          "oneOf": [
            {
              "$ref": "#/definitions/Plan"
            },
            {
              "$ref": "https://schema.management.azure.com/schemas/common/definitions.json#/definitions/expression"
            }
          ],
          "description": "Plan for the managed application."
        },
        "properties": {
          "oneOf": [
            {
              "$ref": "#/definitions/ApplicationProperties"
            },
            {
              "$ref": "https://schema.management.azure.com/schemas/common/definitions.json#/definitions/expression"
            }
          ],
          "description": "The managed application properties."
        },
        "sku": {
          "oneOf": [
            {
              "$ref": "#/definitions/Sku"
            },
            {
              "$ref": "https://schema.management.azure.com/schemas/common/definitions.json#/definitions/expression"
            }
          ],
          "description": "SKU for the resource."
        },
        "tags": {
          "oneOf": [
            {
              "type": "object",
              "additionalProperties": {
                "type": "string"
              },
              "properties": {}
            },
            {
              "$ref": "https://schema.management.azure.com/schemas/common/definitions.json#/definitions/expression"
            }
          ],
          "description": "Resource tags"
        },
        "type": {
          "type": "string",
          "enum": [
            "Microsoft.Solutions/applications"
          ]
        }
      },
      "required": [
        "apiVersion",
        "kind",
        "name",
        "properties",
        "type"
      ],
      "description": "Microsoft.Solutions/applications"
    }
  },
  "definitions": {
    "ApplicationArtifact": {
      "type": "object",
      "properties": {
        "name": {
          "type": "string",
          "description": "The managed application artifact name."
        },
        "type": {
          "oneOf": [
            {
              "type": "string",
              "enum": [
                "Template",
                "Custom"
              ]
            },
            {
              "$ref": "https://schema.management.azure.com/schemas/common/definitions.json#/definitions/expression"
            }
          ],
          "description": "The managed application artifact type."
        },
        "uri": {
          "type": "string",
          "description": "The managed application artifact blob uri."
        }
      },
      "description": "Managed application artifact."
    },
    "ApplicationDefinitionProperties": {
      "type": "object",
      "properties": {
        "artifacts": {
          "oneOf": [
            {
              "type": "array",
              "items": {
                "$ref": "#/definitions/ApplicationArtifact"
              }
            },
            {
              "$ref": "https://schema.management.azure.com/schemas/common/definitions.json#/definitions/expression"
            }
          ],
          "description": "The collection of managed application artifacts. The portal will use the files specified as artifacts to construct the user experience of creating a managed application from a managed application definition."
        },
        "authorizations": {
          "oneOf": [
            {
              "type": "array",
              "items": {
                "$ref": "#/definitions/ApplicationProviderAuthorization"
              }
            },
            {
              "$ref": "https://schema.management.azure.com/schemas/common/definitions.json#/definitions/expression"
            }
          ],
          "description": "The managed application provider authorizations."
        },
        "createUiDefinition": {
          "type": "object",
          "properties": {},
          "description": "The createUiDefinition json for the backing template with Microsoft.Solutions/applications resource. It can be a JObject or well-formed JSON string."
        },
        "description": {
          "type": "string",
          "description": "The managed application definition description."
        },
        "displayName": {
          "type": "string",
          "description": "The managed application definition display name."
        },
        "isEnabled": {
          "type": "string",
          "description": "A value indicating whether the package is enabled or not."
        },
        "lockLevel": {
          "oneOf": [
            {
              "type": "string",
              "enum": [
                "CanNotDelete",
                "ReadOnly",
                "None"
              ]
            },
            {
              "$ref": "https://schema.management.azure.com/schemas/common/definitions.json#/definitions/expression"
            }
          ],
          "description": "The managed application lock level."
        },
        "mainTemplate": {
          "type": "object",
          "properties": {},
          "description": "The inline main template json which has resources to be provisioned. It can be a JObject or well-formed JSON string."
        },
        "packageFileUri": {
          "type": "string",
          "description": "The managed application definition package file Uri. Use this element"
        }
      },
      "required": [
        "authorizations",
        "lockLevel"
      ],
      "description": "The managed application definition properties."
    },
    "ApplicationProperties": {
      "type": "object",
      "properties": {
        "applicationDefinitionId": {
          "type": "string",
          "description": "The fully qualified path of managed application definition Id."
        },
        "managedResourceGroupId": {
          "type": "string",
          "description": "The managed resource group Id."
        },
        "parameters": {
          "type": "object",
          "properties": {},
          "description": "Name and value pairs that define the managed application parameters. It can be a JObject or a well formed JSON string."
        },
        "uiDefinitionUri": {
          "type": "string",
          "description": "The blob URI where the UI definition file is located."
        }
      },
      "required": [
        "managedResourceGroupId"
      ],
      "description": "The managed application properties."
    },
    "ApplicationProviderAuthorization": {
      "type": "object",
      "properties": {
        "principalId": {
          "type": "string",
          "description": "The provider's principal identifier. This is the identity that the provider will use to call ARM to manage the managed application resources."
        },
        "roleDefinitionId": {
          "type": "string",
          "description": "The provider's role definition identifier. This role will define all the permissions that the provider must have on the managed application's container resource group. This role definition cannot have permission to delete the resource group."
        }
      },
      "required": [
        "principalId",
        "roleDefinitionId"
      ],
      "description": "The managed application provider authorization."
    },
    "Identity": {
      "type": "object",
      "properties": {
        "type": {
          "oneOf": [
            {
              "type": "string",
              "enum": [
                "SystemAssigned"
              ]
            },
            {
              "$ref": "https://schema.management.azure.com/schemas/common/definitions.json#/definitions/expression"
            }
          ],
          "description": "The identity type."
        }
      },
      "description": "Identity for the resource."
    },
    "Plan": {
      "type": "object",
      "properties": {
        "name": {
          "type": "string",
          "description": "The plan name."
        },
        "product": {
          "type": "string",
          "description": "The product code."
        },
        "promotionCode": {
          "type": "string",
          "description": "The promotion code."
        },
        "publisher": {
          "type": "string",
          "description": "The publisher ID."
        },
        "version": {
          "type": "string",
          "description": "The plan's version."
        }
      },
      "required": [
        "name",
        "product",
        "publisher",
        "version"
      ],
      "description": "Plan for the managed application."
    },
    "Sku": {
      "type": "object",
      "properties": {
        "capacity": {
          "oneOf": [
            {
              "type": "integer"
            },
            {
              "$ref": "https://schema.management.azure.com/schemas/common/definitions.json#/definitions/expression"
            }
          ],
          "description": "The SKU capacity."
        },
        "family": {
          "type": "string",
          "description": "The SKU family."
        },
        "model": {
          "type": "string",
          "description": "The SKU model."
        },
        "name": {
          "type": "string",
          "description": "The SKU name."
        },
        "size": {
          "type": "string",
          "description": "The SKU size."
        },
        "tier": {
          "type": "string",
          "description": "The SKU tier."
        }
      },
      "required": [
        "name"
      ],
      "description": "SKU for the resource."
    }
  }
}