{
  "id": "https://schema.management.azure.com/schemas/2018-08-31-preview/Microsoft.WorkloadMonitor.json#",
  "$schema": "http://json-schema.org/draft-04/schema#",
  "title": "Microsoft.WorkloadMonitor",
  "description": "Microsoft WorkloadMonitor Resource Types",
  "resourceDefinitions": {},
  "extension_resourceDefinitions": {
    "notificationSettings": {
      "type": "object",
      "properties": {
        "apiVersion": {
          "type": "string",
          "enum": [
            "2018-08-31-preview"
          ]
        },
        "name": {
          "type": "string",
          "enum": [
            "default"
          ],
          "description": "Default string modeled as parameter for URL to work correctly."
        },
        "type": {
          "type": "string",
          "enum": [
            "Microsoft.WorkloadMonitor/notificationSettings"
          ]
        }
      },
      "required": [
        "apiVersion",
        "name",
        "type"
      ],
      "description": "Microsoft.WorkloadMonitor/notificationSettings"
    }
  },
  "definitions": {}
}