{
  "id": "https://schema.management.azure.com/schemas/2018-12-20/Microsoft.RecoveryServices.Backup.json#",
  "$schema": "http://json-schema.org/draft-04/schema#",
  "title": "Microsoft.RecoveryServices",
  "description": "Microsoft RecoveryServices Resource Types",
  "resourceDefinitions": {
    "vaults_backupstorageconfig": {
      "type": "object",
      "properties": {
        "apiVersion": {
          "type": "string",
          "enum": [
            "2018-12-20"
          ]
        },
        "eTag": {
          "type": "string",
          "description": "Optional ETag."
        },
        "location": {
          "type": "string",
          "description": "Resource location."
        },
        "name": {
          "oneOf": [
            {
              "type": "string",
              "pattern": "^.*/vaultstorageconfig$"
            },
            {
              "$ref": "https://schema.management.azure.com/schemas/common/definitions.json#/definitions/expression"
            }
          ]
        },
        "properties": {
          "oneOf": [
            {
              "$ref": "#/definitions/BackupResourceConfig"
            },
            {
              "$ref": "https://schema.management.azure.com/schemas/common/definitions.json#/definitions/expression"
            }
          ],
          "description": "The resource storage details."
        },
        "tags": {
          "oneOf": [
            {
              "type": "object",
              "additionalProperties": {
                "type": "string"
              },
              "properties": {}
            },
            {
              "$ref": "https://schema.management.azure.com/schemas/common/definitions.json#/definitions/expression"
            }
          ],
          "description": "Resource tags."
        },
        "type": {
          "type": "string",
          "enum": [
            "Microsoft.RecoveryServices/vaults/backupstorageconfig"
          ]
        }
      },
      "required": [
        "apiVersion",
        "name",
        "properties",
        "type"
      ],
      "description": "Microsoft.RecoveryServices/vaults/backupstorageconfig"
    }
  },
  "definitions": {
    "BackupResourceConfig": {
      "type": "object",
      "properties": {
        "crossRegionRestoreFlag": {
          "oneOf": [
            {
              "type": "boolean"
            },
            {
              "$ref": "https://schema.management.azure.com/schemas/common/definitions.json#/definitions/expression"
            }
          ],
          "description": "Opt in details of Cross Region Restore feature."
        },
        "storageModelType": {
          "oneOf": [
            {
              "type": "string",
              "enum": [
                "Invalid",
                "GeoRedundant",
                "LocallyRedundant",
                "ZoneRedundant",
                "ReadAccessGeoZoneRedundant"
              ]
            },
            {
              "$ref": "https://schema.management.azure.com/schemas/common/definitions.json#/definitions/expression"
            }
          ],
          "description": "Storage type."
        },
        "storageType": {
          "oneOf": [
            {
              "type": "string",
              "enum": [
                "Invalid",
                "GeoRedundant",
                "LocallyRedundant",
                "ZoneRedundant",
                "ReadAccessGeoZoneRedundant"
              ]
            },
            {
              "$ref": "https://schema.management.azure.com/schemas/common/definitions.json#/definitions/expression"
            }
          ],
          "description": "Storage type."
        },
        "storageTypeState": {
          "oneOf": [
            {
              "type": "string",
              "enum": [
                "Invalid",
                "Locked",
                "Unlocked"
              ]
            },
            {
              "$ref": "https://schema.management.azure.com/schemas/common/definitions.json#/definitions/expression"
            }
          ],
          "description": "Locked or Unlocked. Once a machine is registered against a resource, the storageTypeState is always Locked."
        }
      },
      "description": "The resource storage details."
    }
  }
}