{
  "id": "https://schema.management.azure.com/schemas/2018-01-15/Microsoft.Automation.json#",
  "$schema": "http://json-schema.org/draft-04/schema#",
  "title": "Microsoft.Automation",
  "description": "Microsoft Automation Resource Types",
  "resourceDefinitions": {
    "automationAccounts_compilationjobs": {
      "type": "object",
      "properties": {
        "apiVersion": {
          "type": "string",
          "enum": [
            "2018-01-15"
          ]
        },
        "location": {
          "type": "string",
          "description": "Gets or sets the location of the resource."
        },
        "name": {
          "type": "string",
          "description": "The DSC configuration Id."
        },
        "properties": {
          "oneOf": [
            {
              "$ref": "#/definitions/DscCompilationJobCreateProperties"
            },
            {
              "$ref": "https://schema.management.azure.com/schemas/common/definitions.json#/definitions/expression"
            }
          ],
          "description": "The parameters supplied to the create compilation job operation."
        },
        "tags": {
          "oneOf": [
            {
              "type": "object",
              "additionalProperties": {
                "type": "string"
              },
              "properties": {}
            },
            {
              "$ref": "https://schema.management.azure.com/schemas/common/definitions.json#/definitions/expression"
            }
          ],
          "description": "Gets or sets the tags attached to the resource."
        },
        "type": {
          "type": "string",
          "enum": [
            "Microsoft.Automation/automationAccounts/compilationjobs"
          ]
        }
      },
      "required": [
        "apiVersion",
        "name",
        "properties",
        "type"
      ],
      "description": "Microsoft.Automation/automationAccounts/compilationjobs"
    },
    "automationAccounts_nodeConfigurations": {
      "type": "object",
      "properties": {
        "apiVersion": {
          "type": "string",
          "enum": [
            "2018-01-15"
          ]
        },
        "name": {
          "type": "string",
          "description": "The Dsc node configuration name."
        },
        "properties": {
          "oneOf": [
            {
              "$ref": "#/definitions/DscNodeConfigurationCreateOrUpdateParametersProperties"
            },
            {
              "$ref": "https://schema.management.azure.com/schemas/common/definitions.json#/definitions/expression"
            }
          ],
          "description": "The parameter properties supplied to the create or update node configuration operation."
        },
        "tags": {
          "oneOf": [
            {
              "type": "object",
              "additionalProperties": {
                "type": "string"
              },
              "properties": {}
            },
            {
              "$ref": "https://schema.management.azure.com/schemas/common/definitions.json#/definitions/expression"
            }
          ],
          "description": "Gets or sets the tags attached to the resource."
        },
        "type": {
          "type": "string",
          "enum": [
            "Microsoft.Automation/automationAccounts/nodeConfigurations"
          ]
        }
      },
      "required": [
        "apiVersion",
        "name",
        "properties",
        "type"
      ],
      "description": "Microsoft.Automation/automationAccounts/nodeConfigurations"
    }
  },
  "definitions": {
    "ContentHash": {
      "type": "object",
      "properties": {
        "algorithm": {
          "type": "string",
          "description": "Gets or sets the content hash algorithm used to hash the content."
        },
        "value": {
          "type": "string",
          "description": "Gets or sets expected hash value of the content."
        }
      },
      "required": [
        "algorithm",
        "value"
      ],
      "description": "Definition of the runbook property type."
    },
    "ContentSource": {
      "type": "object",
      "properties": {
        "hash": {
          "oneOf": [
            {
              "$ref": "#/definitions/ContentHash"
            },
            {
              "$ref": "https://schema.management.azure.com/schemas/common/definitions.json#/definitions/expression"
            }
          ],
          "description": "Definition of the runbook property type."
        },
        "type": {
          "oneOf": [
            {
              "type": "string",
              "enum": [
                "embeddedContent",
                "uri"
              ]
            },
            {
              "$ref": "https://schema.management.azure.com/schemas/common/definitions.json#/definitions/expression"
            }
          ],
          "description": "Gets or sets the content source type."
        },
        "value": {
          "type": "string",
          "description": "Gets or sets the value of the content. This is based on the content source type."
        },
        "version": {
          "type": "string",
          "description": "Gets or sets the version of the content."
        }
      },
      "description": "Definition of the content source."
    },
    "DscCompilationJobCreateProperties": {
      "type": "object",
      "properties": {
        "configuration": {
          "oneOf": [
            {
              "$ref": "#/definitions/DscConfigurationAssociationProperty"
            },
            {
              "$ref": "https://schema.management.azure.com/schemas/common/definitions.json#/definitions/expression"
            }
          ],
          "description": "The Dsc configuration property associated with the entity."
        },
        "incrementNodeConfigurationBuild": {
          "oneOf": [
            {
              "type": "boolean"
            },
            {
              "$ref": "https://schema.management.azure.com/schemas/common/definitions.json#/definitions/expression"
            }
          ],
          "description": "If a new build version of NodeConfiguration is required."
        },
        "parameters": {
          "oneOf": [
            {
              "type": "object",
              "additionalProperties": {
                "type": "string"
              },
              "properties": {}
            },
            {
              "$ref": "https://schema.management.azure.com/schemas/common/definitions.json#/definitions/expression"
            }
          ],
          "description": "Gets or sets the parameters of the job."
        }
      },
      "required": [
        "configuration"
      ],
      "description": "The parameters supplied to the create compilation job operation."
    },
    "DscConfigurationAssociationProperty": {
      "type": "object",
      "properties": {
        "name": {
          "type": "string",
          "description": "Gets or sets the name of the Dsc configuration."
        }
      },
      "description": "The Dsc configuration property associated with the entity."
    },
    "DscNodeConfigurationCreateOrUpdateParametersProperties": {
      "type": "object",
      "properties": {
        "configuration": {
          "oneOf": [
            {
              "$ref": "#/definitions/DscConfigurationAssociationProperty"
            },
            {
              "$ref": "https://schema.management.azure.com/schemas/common/definitions.json#/definitions/expression"
            }
          ],
          "description": "The Dsc configuration property associated with the entity."
        },
        "incrementNodeConfigurationBuild": {
          "oneOf": [
            {
              "type": "boolean"
            },
            {
              "$ref": "https://schema.management.azure.com/schemas/common/definitions.json#/definitions/expression"
            }
          ],
          "description": "If a new build version of NodeConfiguration is required."
        },
        "source": {
          "oneOf": [
            {
              "$ref": "#/definitions/ContentSource"
            },
            {
              "$ref": "https://schema.management.azure.com/schemas/common/definitions.json#/definitions/expression"
            }
          ],
          "description": "Definition of the content source."
        }
      },
      "required": [
        "configuration",
        "source"
      ],
      "description": "The parameter properties supplied to the create or update node configuration operation."
    }
  }
}