{
  "id": "https://schema.management.azure.com/schemas/2015-06-15/Microsoft.Storage.json#",
  "$schema": "http://json-schema.org/draft-04/schema#",
  "title": "Microsoft.Storage",
  "description": "Microsoft Storage Resource Types",
  "resourceDefinitions": {
    "storageAccounts": {
      "type": "object",
      "properties": {
        "apiVersion": {
          "type": "string",
          "enum": [
            "2015-06-15"
          ]
        },
        "location": {
          "type": "string",
          "description": "The location of the resource. This will be one of the supported and registered Azure Geo Regions (e.g. West US, East US, Southeast Asia, etc.). The geo region of a resource cannot be changed once it is created, but if an identical geo region is specified on update, the request will succeed."
        },
        "name": {
          "type": "string",
          "minLength": 3,
          "maxLength": 24,
          "description": "The name of the storage account within the specified resource group. Storage account names must be between 3 and 24 characters in length and use numbers and lower-case letters only."
        },
        "properties": {
          "oneOf": [
            {
              "$ref": "#/definitions/StorageAccountPropertiesCreateParameters"
            },
            {
              "$ref": "https://schema.management.azure.com/schemas/common/definitions.json#/definitions/expression"
            }
          ],
          "description": "The parameters used to create the storage account."
        },
        "tags": {
          "oneOf": [
            {
              "type": "object",
              "additionalProperties": {
                "type": "string"
              },
              "properties": {}
            },
            {
              "$ref": "https://schema.management.azure.com/schemas/common/definitions.json#/definitions/expression"
            }
          ],
          "description": "A list of key value pairs that describe the resource. These tags can be used for viewing and grouping this resource (across resource groups). A maximum of 15 tags can be provided for a resource. Each tag must have a key with a length no greater than 128 characters and a value with a length no greater than 256 characters."
        },
        "type": {
          "type": "string",
          "enum": [
            "Microsoft.Storage/storageAccounts"
          ]
        }
      },
      "required": [
        "apiVersion",
        "location",
        "name",
        "type"
      ],
      "description": "Microsoft.Storage/storageAccounts"
    }
  },
  "definitions": {
    "StorageAccountPropertiesCreateParameters": {
      "type": "object",
      "properties": {
        "accountType": {
          "oneOf": [
            {
              "type": "string",
              "enum": [
                "Standard_LRS",
                "Standard_ZRS",
                "Standard_GRS",
                "Standard_RAGRS",
                "Premium_LRS"
              ]
            },
            {
              "$ref": "https://schema.management.azure.com/schemas/common/definitions.json#/definitions/expression"
            }
          ],
          "description": "The sku name. Required for account creation; optional for update. Note that in older versions, sku name was called accountType."
        }
      },
      "required": [
        "accountType"
      ],
      "description": "The parameters used to create the storage account."
    }
  }
}