{
  "id": "https://schema.management.azure.com/schemas/2015-08-31-preview/Microsoft.ManagedIdentity.json#",
  "$schema": "http://json-schema.org/draft-04/schema#",
  "title": "Microsoft.ManagedIdentity",
  "description": "Microsoft ManagedIdentity Resource Types",
  "resourceDefinitions": {
    "userAssignedIdentities": {
      "type": "object",
      "properties": {
        "name": {
          "type": "string",
          "description": "The name of the identity resource."
        },
        "type": {
          "type": "string",
          "enum": [
            "Microsoft.ManagedIdentity/userAssignedIdentities"
          ]
        },
        "apiVersion": {
          "type": "string",
          "enum": [
            "2015-08-31-preview"
          ]
        },
        "location": {
          "type": "string",
          "description": "The Azure region where the identity lives."
        },
        "tags": {
          "oneOf": [
            {
              "type": "object",
              "additionalProperties": {
                "type": "string"
              }
            },
            {
              "$ref": "https://schema.management.azure.com/schemas/common/definitions.json#/definitions/expression"
            }
          ],
          "description": "Resource tags"
        }
      },
      "required": [
        "name",
        "type",
        "apiVersion",
        "location"
      ],
      "description": "Microsoft.ManagedIdentity/userAssignedIdentities"
    }
  }
}  