{
  "id": "https://schema.management.azure.com/schemas/2017-08-31/Microsoft.ContainerService.json#",
  "$schema": "http://json-schema.org/draft-04/schema#",
  "title": "Microsoft.ContainerService",
  "description": "Microsoft ContainerService Resource Types",
  "resourceDefinitions": {
    "managedClusters": {
      "type": "object",
      "properties": {
        "apiVersion": {
          "type": "string",
          "enum": [
            "2017-08-31"
          ]
        },
        "location": {
          "type": "string",
          "description": "Resource location"
        },
        "name": {
          "type": "string",
          "description": "The name of the managed cluster resource."
        },
        "properties": {
          "oneOf": [
            {
              "$ref": "#/definitions/ManagedClusterProperties"
            },
            {
              "$ref": "https://schema.management.azure.com/schemas/common/definitions.json#/definitions/expression"
            }
          ],
          "description": "Properties of the managed cluster."
        },
        "tags": {
          "oneOf": [
            {
              "type": "object",
              "additionalProperties": {
                "type": "string"
              },
              "properties": {}
            },
            {
              "$ref": "https://schema.management.azure.com/schemas/common/definitions.json#/definitions/expression"
            }
          ],
          "description": "Resource tags"
        },
        "type": {
          "type": "string",
          "enum": [
            "Microsoft.ContainerService/managedClusters"
          ]
        }
      },
      "required": [
        "apiVersion",
        "location",
        "name",
        "properties",
        "type"
      ],
      "description": "Microsoft.ContainerService/managedClusters"
    }
  },
  "definitions": {
    "ContainerServiceAgentPoolProfile": {
      "type": "object",
      "properties": {
        "count": {
          "oneOf": [
            {
              "type": "integer",
              "minimum": 1,
              "maximum": 100,
              "default": "1"
            },
            {
              "$ref": "https://schema.management.azure.com/schemas/common/definitions.json#/definitions/expression"
            }
          ],
          "description": "Number of agents (VMs) to host docker containers. Allowed values must be in the range of 1 to 100 (inclusive). The default value is 1. "
        },
        "dnsPrefix": {
          "type": "string",
          "description": "DNS prefix to be used to create the FQDN for the agent pool."
        },
        "name": {
          "type": "string",
          "description": "Unique name of the agent pool profile in the context of the subscription and resource group."
        },
        "osDiskSizeGB": {
          "oneOf": [
            {
              "type": "integer",
              "minimum": 0,
              "maximum": 1023
            },
            {
              "$ref": "https://schema.management.azure.com/schemas/common/definitions.json#/definitions/expression"
            }
          ],
          "description": "OS Disk Size in GB to be used to specify the disk size for every machine in this master/agent pool. If you specify 0, it will apply the default osDisk size according to the vmSize specified."
        },
        "osType": {
          "oneOf": [
            {
              "type": "string",
              "enum": [
                "Linux",
                "Windows"
              ]
            },
            {
              "$ref": "https://schema.management.azure.com/schemas/common/definitions.json#/definitions/expression"
            }
          ],
          "description": "OsType to be used to specify os type. Choose from Linux and Windows. Default to Linux."
        },
        "ports": {
          "oneOf": [
            {
              "type": "array",
              "items": {
                "type": "integer"
              }
            },
            {
              "$ref": "https://schema.management.azure.com/schemas/common/definitions.json#/definitions/expression"
            }
          ],
          "description": "Ports number array used to expose on this agent pool. The default opened ports are different based on your choice of orchestrator."
        },
        "storageProfile": {
          "oneOf": [
            {
              "type": "string",
              "enum": [
                "StorageAccount",
                "ManagedDisks"
              ]
            },
            {
              "$ref": "https://schema.management.azure.com/schemas/common/definitions.json#/definitions/expression"
            }
          ],
          "description": "Storage profile specifies what kind of storage used. Choose from StorageAccount and ManagedDisks. Leave it empty, we will choose for you based on the orchestrator choice."
        },
        "vmSize": {
          "oneOf": [
            {
              "type": "string",
              "enum": [
                "Standard_A1",
                "Standard_A10",
                "Standard_A11",
                "Standard_A1_v2",
                "Standard_A2",
                "Standard_A2_v2",
                "Standard_A2m_v2",
                "Standard_A3",
                "Standard_A4",
                "Standard_A4_v2",
                "Standard_A4m_v2",
                "Standard_A5",
                "Standard_A6",
                "Standard_A7",
                "Standard_A8",
                "Standard_A8_v2",
                "Standard_A8m_v2",
                "Standard_A9",
                "Standard_B2ms",
                "Standard_B2s",
                "Standard_B4ms",
                "Standard_B8ms",
                "Standard_D1",
                "Standard_D11",
                "Standard_D11_v2",
                "Standard_D11_v2_Promo",
                "Standard_D12",
                "Standard_D12_v2",
                "Standard_D12_v2_Promo",
                "Standard_D13",
                "Standard_D13_v2",
                "Standard_D13_v2_Promo",
                "Standard_D14",
                "Standard_D14_v2",
                "Standard_D14_v2_Promo",
                "Standard_D15_v2",
                "Standard_D16_v3",
                "Standard_D16s_v3",
                "Standard_D1_v2",
                "Standard_D2",
                "Standard_D2_v2",
                "Standard_D2_v2_Promo",
                "Standard_D2_v3",
                "Standard_D2s_v3",
                "Standard_D3",
                "Standard_D32_v3",
                "Standard_D32s_v3",
                "Standard_D3_v2",
                "Standard_D3_v2_Promo",
                "Standard_D4",
                "Standard_D4_v2",
                "Standard_D4_v2_Promo",
                "Standard_D4_v3",
                "Standard_D4s_v3",
                "Standard_D5_v2",
                "Standard_D5_v2_Promo",
                "Standard_D64_v3",
                "Standard_D64s_v3",
                "Standard_D8_v3",
                "Standard_D8s_v3",
                "Standard_DS1",
                "Standard_DS11",
                "Standard_DS11_v2",
                "Standard_DS11_v2_Promo",
                "Standard_DS12",
                "Standard_DS12_v2",
                "Standard_DS12_v2_Promo",
                "Standard_DS13",
                "Standard_DS13-2_v2",
                "Standard_DS13-4_v2",
                "Standard_DS13_v2",
                "Standard_DS13_v2_Promo",
                "Standard_DS14",
                "Standard_DS14-4_v2",
                "Standard_DS14-8_v2",
                "Standard_DS14_v2",
                "Standard_DS14_v2_Promo",
                "Standard_DS15_v2",
                "Standard_DS1_v2",
                "Standard_DS2",
                "Standard_DS2_v2",
                "Standard_DS2_v2_Promo",
                "Standard_DS3",
                "Standard_DS3_v2",
                "Standard_DS3_v2_Promo",
                "Standard_DS4",
                "Standard_DS4_v2",
                "Standard_DS4_v2_Promo",
                "Standard_DS5_v2",
                "Standard_DS5_v2_Promo",
                "Standard_E16_v3",
                "Standard_E16s_v3",
                "Standard_E2_v3",
                "Standard_E2s_v3",
                "Standard_E32-16s_v3",
                "Standard_E32-8s_v3",
                "Standard_E32_v3",
                "Standard_E32s_v3",
                "Standard_E4_v3",
                "Standard_E4s_v3",
                "Standard_E64-16s_v3",
                "Standard_E64-32s_v3",
                "Standard_E64_v3",
                "Standard_E64s_v3",
                "Standard_E8_v3",
                "Standard_E8s_v3",
                "Standard_F1",
                "Standard_F16",
                "Standard_F16s",
                "Standard_F16s_v2",
                "Standard_F1s",
                "Standard_F2",
                "Standard_F2s",
                "Standard_F2s_v2",
                "Standard_F32s_v2",
                "Standard_F4",
                "Standard_F4s",
                "Standard_F4s_v2",
                "Standard_F64s_v2",
                "Standard_F72s_v2",
                "Standard_F8",
                "Standard_F8s",
                "Standard_F8s_v2",
                "Standard_G1",
                "Standard_G2",
                "Standard_G3",
                "Standard_G4",
                "Standard_G5",
                "Standard_GS1",
                "Standard_GS2",
                "Standard_GS3",
                "Standard_GS4",
                "Standard_GS4-4",
                "Standard_GS4-8",
                "Standard_GS5",
                "Standard_GS5-16",
                "Standard_GS5-8",
                "Standard_H16",
                "Standard_H16m",
                "Standard_H16mr",
                "Standard_H16r",
                "Standard_H8",
                "Standard_H8m",
                "Standard_L16s",
                "Standard_L32s",
                "Standard_L4s",
                "Standard_L8s",
                "Standard_M128-32ms",
                "Standard_M128-64ms",
                "Standard_M128ms",
                "Standard_M128s",
                "Standard_M64-16ms",
                "Standard_M64-32ms",
                "Standard_M64ms",
                "Standard_M64s",
                "Standard_NC12",
                "Standard_NC12s_v2",
                "Standard_NC12s_v3",
                "Standard_NC24",
                "Standard_NC24r",
                "Standard_NC24rs_v2",
                "Standard_NC24rs_v3",
                "Standard_NC24s_v2",
                "Standard_NC24s_v3",
                "Standard_NC6",
                "Standard_NC6s_v2",
                "Standard_NC6s_v3",
                "Standard_ND12s",
                "Standard_ND24rs",
                "Standard_ND24s",
                "Standard_ND6s",
                "Standard_NV12",
                "Standard_NV24",
                "Standard_NV6"
              ]
            },
            {
              "$ref": "https://schema.management.azure.com/schemas/common/definitions.json#/definitions/expression"
            }
          ],
          "description": "Size of agent VMs."
        },
        "vnetSubnetID": {
          "type": "string",
          "description": "VNet SubnetID specifies the VNet's subnet identifier."
        }
      },
      "required": [
        "name",
        "vmSize"
      ],
      "description": "Profile for the container service agent pool."
    },
    "ContainerServiceLinuxProfile": {
      "type": "object",
      "properties": {
        "adminUsername": {
          "oneOf": [
            {
              "type": "string",
              "pattern": "^[A-Za-z][-A-Za-z0-9_]*$"
            },
            {
              "$ref": "https://schema.management.azure.com/schemas/common/definitions.json#/definitions/expression"
            }
          ],
          "description": "The administrator username to use for Linux VMs."
        },
        "ssh": {
          "oneOf": [
            {
              "$ref": "#/definitions/ContainerServiceSshConfiguration"
            },
            {
              "$ref": "https://schema.management.azure.com/schemas/common/definitions.json#/definitions/expression"
            }
          ],
          "description": "SSH configuration for Linux-based VMs running on Azure."
        }
      },
      "required": [
        "adminUsername",
        "ssh"
      ],
      "description": "Profile for Linux VMs in the container service cluster."
    },
    "ContainerServiceServicePrincipalProfile": {
      "type": "object",
      "properties": {
        "clientId": {
          "type": "string",
          "description": "The ID for the service principal."
        },
        "keyVaultSecretRef": {
          "oneOf": [
            {
              "$ref": "#/definitions/KeyVaultSecretRef"
            },
            {
              "$ref": "https://schema.management.azure.com/schemas/common/definitions.json#/definitions/expression"
            }
          ],
          "description": "Reference to a secret stored in Azure Key Vault."
        },
        "secret": {
          "type": "string",
          "description": "The secret password associated with the service principal in plain text."
        }
      },
      "required": [
        "clientId"
      ],
      "description": "Information about a service principal identity for the cluster to use for manipulating Azure APIs. Either secret or keyVaultSecretRef must be specified."
    },
    "ContainerServiceSshConfiguration": {
      "type": "object",
      "properties": {
        "publicKeys": {
          "oneOf": [
            {
              "type": "array",
              "items": {
                "$ref": "#/definitions/ContainerServiceSshPublicKey"
              }
            },
            {
              "$ref": "https://schema.management.azure.com/schemas/common/definitions.json#/definitions/expression"
            }
          ],
          "description": "The list of SSH public keys used to authenticate with Linux-based VMs. Only expect one key specified."
        }
      },
      "required": [
        "publicKeys"
      ],
      "description": "SSH configuration for Linux-based VMs running on Azure."
    },
    "ContainerServiceSshPublicKey": {
      "type": "object",
      "properties": {
        "keyData": {
          "type": "string",
          "description": "Certificate public key used to authenticate with VMs through SSH. The certificate must be in PEM format with or without headers."
        }
      },
      "required": [
        "keyData"
      ],
      "description": "Contains information about SSH certificate public key data."
    },
    "KeyVaultSecretRef": {
      "type": "object",
      "properties": {
        "secretName": {
          "type": "string",
          "description": "The secret name."
        },
        "vaultID": {
          "type": "string",
          "description": "Key vault identifier."
        },
        "version": {
          "type": "string",
          "description": "The secret version."
        }
      },
      "required": [
        "secretName",
        "vaultID"
      ],
      "description": "Reference to a secret stored in Azure Key Vault."
    },
    "ManagedClusterProperties": {
      "type": "object",
      "properties": {
        "agentPoolProfiles": {
          "oneOf": [
            {
              "type": "array",
              "items": {
                "$ref": "#/definitions/ContainerServiceAgentPoolProfile"
              }
            },
            {
              "$ref": "https://schema.management.azure.com/schemas/common/definitions.json#/definitions/expression"
            }
          ],
          "description": "Properties of the agent pool."
        },
        "dnsPrefix": {
          "type": "string",
          "description": "DNS prefix specified when creating the managed cluster."
        },
        "kubernetesVersion": {
          "type": "string",
          "description": "Version of Kubernetes specified when creating the managed cluster."
        },
        "linuxProfile": {
          "oneOf": [
            {
              "$ref": "#/definitions/ContainerServiceLinuxProfile"
            },
            {
              "$ref": "https://schema.management.azure.com/schemas/common/definitions.json#/definitions/expression"
            }
          ],
          "description": "Profile for Linux VMs in the container service cluster."
        },
        "servicePrincipalProfile": {
          "oneOf": [
            {
              "$ref": "#/definitions/ContainerServiceServicePrincipalProfile"
            },
            {
              "$ref": "https://schema.management.azure.com/schemas/common/definitions.json#/definitions/expression"
            }
          ],
          "description": "Information about a service principal identity for the cluster to use for manipulating Azure APIs. Either secret or keyVaultSecretRef must be specified."
        }
      },
      "description": "Properties of the managed cluster."
    }
  }
}