{
  "id": "https://schema.management.azure.com/schemas/2018-05-01-preview/Microsoft.Authorization.Authz.json#",
  "$schema": "http://json-schema.org/draft-04/schema#",
  "title": "Microsoft.Authorization",
  "description": "Microsoft Authorization Resource Types",
  "resourceDefinitions": {},
  "subscription_resourceDefinitions": {
    "accessReviewScheduleDefinitions": {
      "type": "object",
      "properties": {
        "apiVersion": {
          "type": "string",
          "enum": [
            "2018-05-01-preview"
          ]
        },
        "descriptionForAdmins": {
          "type": "string",
          "description": "The description provided by the access review creator and visible to admins."
        },
        "descriptionForReviewers": {
          "type": "string",
          "description": "The description provided by the access review creator to be shown to reviewers."
        },
        "displayName": {
          "type": "string",
          "description": "The display name for the schedule definition."
        },
        "instances": {
          "oneOf": [
            {
              "type": "array",
              "items": {
                "$ref": "#/definitions/AccessReviewInstance"
              }
            },
            {
              "$ref": "https://schema.management.azure.com/schemas/common/definitions.json#/definitions/expression"
            }
          ],
          "description": "This is the collection of instances returned when one does an expand on it."
        },
        "name": {
          "type": "string",
          "description": "The id of the access review schedule definition."
        },
        "reviewers": {
          "oneOf": [
            {
              "type": "array",
              "items": {
                "$ref": "#/definitions/AccessReviewReviewer"
              }
            },
            {
              "$ref": "https://schema.management.azure.com/schemas/common/definitions.json#/definitions/expression"
            }
          ],
          "description": "This is the collection of reviewers."
        },
        "settings": {
          "oneOf": [
            {
              "$ref": "#/definitions/AccessReviewScheduleSettings"
            },
            {
              "$ref": "https://schema.management.azure.com/schemas/common/definitions.json#/definitions/expression"
            }
          ],
          "description": "Settings of an Access Review."
        },
        "type": {
          "type": "string",
          "enum": [
            "Microsoft.Authorization/accessReviewScheduleDefinitions"
          ]
        }
      },
      "required": [
        "apiVersion",
        "name",
        "type"
      ],
      "description": "Microsoft.Authorization/accessReviewScheduleDefinitions"
    },
    "accessReviewScheduleSettings": {
      "type": "object",
      "properties": {
        "apiVersion": {
          "type": "string",
          "enum": [
            "2018-05-01-preview"
          ]
        },
        "autoApplyDecisionsEnabled": {
          "oneOf": [
            {
              "type": "boolean"
            },
            {
              "$ref": "https://schema.management.azure.com/schemas/common/definitions.json#/definitions/expression"
            }
          ],
          "description": "Flag to indicate whether auto-apply capability, to automatically change the target object access resource, is enabled. If not enabled, a user must, after the review completes, apply the access review."
        },
        "defaultDecision": {
          "oneOf": [
            {
              "type": "string",
              "enum": [
                "Approve",
                "Deny",
                "Recommendation"
              ]
            },
            {
              "$ref": "https://schema.management.azure.com/schemas/common/definitions.json#/definitions/expression"
            }
          ],
          "description": "This specifies the behavior for the autoReview feature when an access review completes."
        },
        "defaultDecisionEnabled": {
          "oneOf": [
            {
              "type": "boolean"
            },
            {
              "$ref": "https://schema.management.azure.com/schemas/common/definitions.json#/definitions/expression"
            }
          ],
          "description": "Flag to indicate whether reviewers are required to provide a justification when reviewing access."
        },
        "instanceDurationInDays": {
          "oneOf": [
            {
              "type": "integer"
            },
            {
              "$ref": "https://schema.management.azure.com/schemas/common/definitions.json#/definitions/expression"
            }
          ],
          "description": "The duration in days for an instance."
        },
        "justificationRequiredOnApproval": {
          "oneOf": [
            {
              "type": "boolean"
            },
            {
              "$ref": "https://schema.management.azure.com/schemas/common/definitions.json#/definitions/expression"
            }
          ],
          "description": "Flag to indicate whether the reviewer is required to pass justification when recording a decision."
        },
        "mailNotificationsEnabled": {
          "oneOf": [
            {
              "type": "boolean"
            },
            {
              "$ref": "https://schema.management.azure.com/schemas/common/definitions.json#/definitions/expression"
            }
          ],
          "description": "Flag to indicate whether sending mails to reviewers and the review creator is enabled."
        },
        "name": {
          "type": "string",
          "enum": [
            "default"
          ]
        },
        "recommendationsEnabled": {
          "oneOf": [
            {
              "type": "boolean"
            },
            {
              "$ref": "https://schema.management.azure.com/schemas/common/definitions.json#/definitions/expression"
            }
          ],
          "description": "Flag to indicate whether showing recommendations to reviewers is enabled."
        },
        "recurrence": {
          "oneOf": [
            {
              "$ref": "#/definitions/AccessReviewRecurrenceSettings"
            },
            {
              "$ref": "https://schema.management.azure.com/schemas/common/definitions.json#/definitions/expression"
            }
          ],
          "description": "Recurrence Settings of an Access Review Schedule Definition."
        },
        "reminderNotificationsEnabled": {
          "oneOf": [
            {
              "type": "boolean"
            },
            {
              "$ref": "https://schema.management.azure.com/schemas/common/definitions.json#/definitions/expression"
            }
          ],
          "description": "Flag to indicate whether sending reminder emails to reviewers are enabled."
        },
        "type": {
          "type": "string",
          "enum": [
            "Microsoft.Authorization/accessReviewScheduleSettings"
          ]
        }
      },
      "required": [
        "apiVersion",
        "name",
        "type"
      ],
      "description": "Microsoft.Authorization/accessReviewScheduleSettings"
    }
  },
  "definitions": {
    "AccessReviewInstance": {
      "type": "object",
      "properties": {
        "properties": {
          "oneOf": [
            {
              "$ref": "#/definitions/AccessReviewInstanceProperties"
            },
            {
              "$ref": "https://schema.management.azure.com/schemas/common/definitions.json#/definitions/expression"
            }
          ],
          "description": "Access Review Instance properties."
        }
      },
      "description": "Access Review Instance."
    },
    "AccessReviewInstanceProperties": {
      "type": "object",
      "properties": {
        "endDateTime": {
          "type": "string",
          "format": "date-time",
          "description": "The DateTime when the review instance is scheduled to end."
        },
        "startDateTime": {
          "type": "string",
          "format": "date-time",
          "description": "The DateTime when the review instance is scheduled to be start."
        }
      },
      "description": "Access Review Instance properties."
    },
    "AccessReviewRecurrencePattern": {
      "type": "object",
      "properties": {
        "interval": {
          "oneOf": [
            {
              "type": "integer"
            },
            {
              "$ref": "https://schema.management.azure.com/schemas/common/definitions.json#/definitions/expression"
            }
          ],
          "description": "The interval for recurrence. For a quarterly review, the interval is 3 for type : absoluteMonthly."
        },
        "type": {
          "oneOf": [
            {
              "type": "string",
              "enum": [
                "weekly",
                "absoluteMonthly"
              ]
            },
            {
              "$ref": "https://schema.management.azure.com/schemas/common/definitions.json#/definitions/expression"
            }
          ],
          "description": "The recurrence type : weekly, monthly, etc."
        }
      },
      "description": "Recurrence Pattern of an Access Review Schedule Definition."
    },
    "AccessReviewRecurrenceRange": {
      "type": "object",
      "properties": {
        "endDate": {
          "type": "string",
          "format": "date-time",
          "description": "The DateTime when the review is scheduled to end. Required if type is endDate"
        },
        "numberOfOccurrences": {
          "oneOf": [
            {
              "type": "integer"
            },
            {
              "$ref": "https://schema.management.azure.com/schemas/common/definitions.json#/definitions/expression"
            }
          ],
          "description": "The number of times to repeat the access review. Required and must be positive if type is numbered."
        },
        "startDate": {
          "type": "string",
          "format": "date-time",
          "description": "The DateTime when the review is scheduled to be start. This could be a date in the future. Required on create."
        },
        "type": {
          "oneOf": [
            {
              "type": "string",
              "enum": [
                "endDate",
                "noEnd",
                "numbered"
              ]
            },
            {
              "$ref": "https://schema.management.azure.com/schemas/common/definitions.json#/definitions/expression"
            }
          ],
          "description": "The recurrence range type. The possible values are: endDate, noEnd, numbered."
        }
      },
      "description": "Recurrence Range of an Access Review Schedule Definition."
    },
    "AccessReviewRecurrenceSettings": {
      "type": "object",
      "properties": {
        "pattern": {
          "oneOf": [
            {
              "$ref": "#/definitions/AccessReviewRecurrencePattern"
            },
            {
              "$ref": "https://schema.management.azure.com/schemas/common/definitions.json#/definitions/expression"
            }
          ],
          "description": "Recurrence Pattern of an Access Review Schedule Definition."
        },
        "range": {
          "oneOf": [
            {
              "$ref": "#/definitions/AccessReviewRecurrenceRange"
            },
            {
              "$ref": "https://schema.management.azure.com/schemas/common/definitions.json#/definitions/expression"
            }
          ],
          "description": "Recurrence Range of an Access Review Schedule Definition."
        }
      },
      "description": "Recurrence Settings of an Access Review Schedule Definition."
    },
    "AccessReviewReviewer": {
      "type": "object",
      "properties": {
        "principalId": {
          "type": "string",
          "description": "The id of the reviewer(user/servicePrincipal)"
        }
      },
      "description": "Descriptor for what needs to be reviewed"
    },
    "AccessReviewScheduleSettings": {
      "type": "object",
      "properties": {
        "autoApplyDecisionsEnabled": {
          "oneOf": [
            {
              "type": "boolean"
            },
            {
              "$ref": "https://schema.management.azure.com/schemas/common/definitions.json#/definitions/expression"
            }
          ],
          "description": "Flag to indicate whether auto-apply capability, to automatically change the target object access resource, is enabled. If not enabled, a user must, after the review completes, apply the access review."
        },
        "defaultDecision": {
          "oneOf": [
            {
              "type": "string",
              "enum": [
                "Approve",
                "Deny",
                "Recommendation"
              ]
            },
            {
              "$ref": "https://schema.management.azure.com/schemas/common/definitions.json#/definitions/expression"
            }
          ],
          "description": "This specifies the behavior for the autoReview feature when an access review completes."
        },
        "defaultDecisionEnabled": {
          "oneOf": [
            {
              "type": "boolean"
            },
            {
              "$ref": "https://schema.management.azure.com/schemas/common/definitions.json#/definitions/expression"
            }
          ],
          "description": "Flag to indicate whether reviewers are required to provide a justification when reviewing access."
        },
        "instanceDurationInDays": {
          "oneOf": [
            {
              "type": "integer"
            },
            {
              "$ref": "https://schema.management.azure.com/schemas/common/definitions.json#/definitions/expression"
            }
          ],
          "description": "The duration in days for an instance."
        },
        "justificationRequiredOnApproval": {
          "oneOf": [
            {
              "type": "boolean"
            },
            {
              "$ref": "https://schema.management.azure.com/schemas/common/definitions.json#/definitions/expression"
            }
          ],
          "description": "Flag to indicate whether the reviewer is required to pass justification when recording a decision."
        },
        "mailNotificationsEnabled": {
          "oneOf": [
            {
              "type": "boolean"
            },
            {
              "$ref": "https://schema.management.azure.com/schemas/common/definitions.json#/definitions/expression"
            }
          ],
          "description": "Flag to indicate whether sending mails to reviewers and the review creator is enabled."
        },
        "recommendationsEnabled": {
          "oneOf": [
            {
              "type": "boolean"
            },
            {
              "$ref": "https://schema.management.azure.com/schemas/common/definitions.json#/definitions/expression"
            }
          ],
          "description": "Flag to indicate whether showing recommendations to reviewers is enabled."
        },
        "recurrence": {
          "oneOf": [
            {
              "$ref": "#/definitions/AccessReviewRecurrenceSettings"
            },
            {
              "$ref": "https://schema.management.azure.com/schemas/common/definitions.json#/definitions/expression"
            }
          ],
          "description": "Recurrence Settings of an Access Review Schedule Definition."
        },
        "reminderNotificationsEnabled": {
          "oneOf": [
            {
              "type": "boolean"
            },
            {
              "$ref": "https://schema.management.azure.com/schemas/common/definitions.json#/definitions/expression"
            }
          ],
          "description": "Flag to indicate whether sending reminder emails to reviewers are enabled."
        }
      },
      "description": "Settings of an Access Review."
    }
  }
}