{
  "id": "https://schema.management.azure.com/schemas/2018-11-01-preview/Microsoft.Blueprint.json#",
  "$schema": "http://json-schema.org/draft-04/schema#",
  "title": "Microsoft.Blueprint",
  "description": "Microsoft Blueprint Resource Types",
  "resourceDefinitions": {},
  "unknown_resourceDefinitions": {
    "blueprintAssignments": {
      "type": "object",
      "properties": {
        "apiVersion": {
          "type": "string",
          "enum": [
            "2018-11-01-preview"
          ]
        },
        "identity": {
          "oneOf": [
            {
              "$ref": "#/definitions/ManagedServiceIdentity"
            },
            {
              "$ref": "https://schema.management.azure.com/schemas/common/definitions.json#/definitions/expression"
            }
          ],
          "description": "Managed identity generic object."
        },
        "location": {
          "type": "string",
          "description": "The location of this blueprint assignment."
        },
        "name": {
          "type": "string",
          "description": "Name of the blueprint assignment."
        },
        "properties": {
          "oneOf": [
            {
              "$ref": "#/definitions/AssignmentProperties"
            },
            {
              "$ref": "https://schema.management.azure.com/schemas/common/definitions.json#/definitions/expression"
            }
          ],
          "description": "Detailed properties for a blueprint assignment."
        },
        "type": {
          "type": "string",
          "enum": [
            "Microsoft.Blueprint/blueprintAssignments"
          ]
        }
      },
      "required": [
        "apiVersion",
        "identity",
        "location",
        "name",
        "properties",
        "type"
      ],
      "description": "Microsoft.Blueprint/blueprintAssignments"
    },
    "blueprints": {
      "type": "object",
      "properties": {
        "apiVersion": {
          "type": "string",
          "enum": [
            "2018-11-01-preview"
          ]
        },
        "name": {
          "type": "string",
          "description": "Name of the blueprint definition."
        },
        "properties": {
          "oneOf": [
            {
              "$ref": "#/definitions/BlueprintProperties"
            },
            {
              "$ref": "https://schema.management.azure.com/schemas/common/definitions.json#/definitions/expression"
            }
          ],
          "description": "Schema for blueprint definition properties."
        },
        "resources": {
          "type": "array",
          "items": {
            "oneOf": [
              {
                "$ref": "#/definitions/blueprints_artifacts_childResource"
              },
              {
                "$ref": "#/definitions/blueprints_versions_childResource"
              }
            ]
          }
        },
        "type": {
          "type": "string",
          "enum": [
            "Microsoft.Blueprint/blueprints"
          ]
        }
      },
      "required": [
        "apiVersion",
        "name",
        "properties",
        "type"
      ],
      "description": "Microsoft.Blueprint/blueprints"
    },
    "blueprints_artifacts": {
      "type": "object",
      "oneOf": [
        {
          "$ref": "#/definitions/TemplateArtifact"
        },
        {
          "$ref": "#/definitions/RoleAssignmentArtifact"
        },
        {
          "$ref": "#/definitions/PolicyAssignmentArtifact"
        }
      ],
      "properties": {
        "apiVersion": {
          "type": "string",
          "enum": [
            "2018-11-01-preview"
          ]
        },
        "name": {
          "type": "string",
          "description": "Name of the blueprint artifact."
        },
        "type": {
          "type": "string",
          "enum": [
            "Microsoft.Blueprint/blueprints/artifacts"
          ]
        }
      },
      "required": [
        "apiVersion",
        "name",
        "type"
      ],
      "description": "Microsoft.Blueprint/blueprints/artifacts"
    },
    "blueprints_versions": {
      "type": "object",
      "properties": {
        "apiVersion": {
          "type": "string",
          "enum": [
            "2018-11-01-preview"
          ]
        },
        "name": {
          "type": "string",
          "description": "Version of the published blueprint definition."
        },
        "properties": {
          "oneOf": [
            {
              "$ref": "#/definitions/PublishedBlueprintProperties"
            },
            {
              "$ref": "https://schema.management.azure.com/schemas/common/definitions.json#/definitions/expression"
            }
          ],
          "description": "Schema for published blueprint definition properties."
        },
        "type": {
          "type": "string",
          "enum": [
            "Microsoft.Blueprint/blueprints/versions"
          ]
        }
      },
      "required": [
        "apiVersion",
        "name",
        "properties",
        "type"
      ],
      "description": "Microsoft.Blueprint/blueprints/versions"
    }
  },
  "definitions": {
    "AssignmentLockSettings": {
      "type": "object",
      "properties": {
        "excludedActions": {
          "oneOf": [
            {
              "type": "array",
              "items": {
                "type": "string"
              }
            },
            {
              "$ref": "https://schema.management.azure.com/schemas/common/definitions.json#/definitions/expression"
            }
          ],
          "description": "List of management operations that are excluded from blueprint locks. Up to 200 actions are permitted. If the lock mode is set to 'AllResourcesReadOnly', then the following actions are automatically appended to 'excludedActions': '*/read', 'Microsoft.Network/virtualNetworks/subnets/join/action' and 'Microsoft.Authorization/locks/delete'. If the lock mode is set to 'AllResourcesDoNotDelete', then the following actions are automatically appended to 'excludedActions': 'Microsoft.Authorization/locks/delete'. Duplicate actions will get removed."
        },
        "excludedPrincipals": {
          "oneOf": [
            {
              "type": "array",
              "items": {
                "type": "string"
              }
            },
            {
              "$ref": "https://schema.management.azure.com/schemas/common/definitions.json#/definitions/expression"
            }
          ],
          "description": "List of AAD principals excluded from blueprint locks. Up to 5 principals are permitted."
        },
        "mode": {
          "oneOf": [
            {
              "type": "string",
              "enum": [
                "None",
                "AllResourcesReadOnly",
                "AllResourcesDoNotDelete"
              ]
            },
            {
              "$ref": "https://schema.management.azure.com/schemas/common/definitions.json#/definitions/expression"
            }
          ],
          "description": "Lock mode."
        }
      },
      "description": "Defines how resources deployed by a blueprint assignment are locked."
    },
    "AssignmentProperties": {
      "type": "object",
      "properties": {
        "blueprintId": {
          "type": "string",
          "description": "ID of the published version of a blueprint definition."
        },
        "description": {
          "type": "string",
          "maxLength": 500,
          "description": "Multi-line explain this resource."
        },
        "displayName": {
          "type": "string",
          "maxLength": 256,
          "description": "One-liner string explain this resource."
        },
        "locks": {
          "oneOf": [
            {
              "$ref": "#/definitions/AssignmentLockSettings"
            },
            {
              "$ref": "https://schema.management.azure.com/schemas/common/definitions.json#/definitions/expression"
            }
          ],
          "description": "Defines how resources deployed by a blueprint assignment are locked."
        },
        "parameters": {
          "oneOf": [
            {
              "type": "object",
              "additionalProperties": {
                "$ref": "#/definitions/ParameterValue"
              },
              "properties": {}
            },
            {
              "$ref": "https://schema.management.azure.com/schemas/common/definitions.json#/definitions/expression"
            }
          ],
          "description": "Blueprint assignment parameter values."
        },
        "resourceGroups": {
          "oneOf": [
            {
              "type": "object",
              "additionalProperties": {
                "$ref": "#/definitions/ResourceGroupValue"
              },
              "properties": {}
            },
            {
              "$ref": "https://schema.management.azure.com/schemas/common/definitions.json#/definitions/expression"
            }
          ],
          "description": "Names and locations of resource group placeholders."
        },
        "scope": {
          "type": "string",
          "description": "The target subscription scope of the blueprint assignment (format: '/subscriptions/{subscriptionId}'). For management group level assignments, the property is required."
        }
      },
      "required": [
        "parameters",
        "resourceGroups"
      ],
      "description": "Detailed properties for a blueprint assignment."
    },
    "BlueprintProperties": {
      "type": "object",
      "properties": {
        "description": {
          "type": "string",
          "maxLength": 500,
          "description": "Multi-line explain this resource."
        },
        "displayName": {
          "type": "string",
          "maxLength": 256,
          "description": "One-liner string explain this resource."
        },
        "parameters": {
          "oneOf": [
            {
              "type": "object",
              "additionalProperties": {
                "$ref": "#/definitions/ParameterDefinition"
              },
              "properties": {}
            },
            {
              "$ref": "https://schema.management.azure.com/schemas/common/definitions.json#/definitions/expression"
            }
          ],
          "description": "Parameters required by this blueprint definition."
        },
        "resourceGroups": {
          "oneOf": [
            {
              "type": "object",
              "additionalProperties": {
                "$ref": "#/definitions/ResourceGroupDefinition"
              },
              "properties": {}
            },
            {
              "$ref": "https://schema.management.azure.com/schemas/common/definitions.json#/definitions/expression"
            }
          ],
          "description": "Resource group placeholders defined by this blueprint definition."
        },
        "targetScope": {
          "oneOf": [
            {
              "type": "string",
              "enum": [
                "subscription",
                "managementGroup"
              ]
            },
            {
              "$ref": "https://schema.management.azure.com/schemas/common/definitions.json#/definitions/expression"
            }
          ],
          "description": "The scope where this blueprint definition can be assigned."
        },
        "versions": {
          "type": "object",
          "properties": {},
          "description": "Published versions of this blueprint definition."
        }
      },
      "description": "Schema for blueprint definition properties."
    },
    "blueprints_artifacts_childResource": {
      "type": "object",
      "oneOf": [
        {
          "$ref": "#/definitions/TemplateArtifact"
        },
        {
          "$ref": "#/definitions/RoleAssignmentArtifact"
        },
        {
          "$ref": "#/definitions/PolicyAssignmentArtifact"
        }
      ],
      "properties": {
        "apiVersion": {
          "type": "string",
          "enum": [
            "2018-11-01-preview"
          ]
        },
        "name": {
          "type": "string",
          "description": "Name of the blueprint artifact."
        },
        "type": {
          "type": "string",
          "enum": [
            "artifacts"
          ]
        }
      },
      "required": [
        "apiVersion",
        "name",
        "type"
      ],
      "description": "Microsoft.Blueprint/blueprints/artifacts"
    },
    "blueprints_versions_childResource": {
      "type": "object",
      "properties": {
        "apiVersion": {
          "type": "string",
          "enum": [
            "2018-11-01-preview"
          ]
        },
        "name": {
          "type": "string",
          "description": "Version of the published blueprint definition."
        },
        "properties": {
          "oneOf": [
            {
              "$ref": "#/definitions/PublishedBlueprintProperties"
            },
            {
              "$ref": "https://schema.management.azure.com/schemas/common/definitions.json#/definitions/expression"
            }
          ],
          "description": "Schema for published blueprint definition properties."
        },
        "type": {
          "type": "string",
          "enum": [
            "versions"
          ]
        }
      },
      "required": [
        "apiVersion",
        "name",
        "properties",
        "type"
      ],
      "description": "Microsoft.Blueprint/blueprints/versions"
    },
    "KeyVaultReference": {
      "type": "object",
      "properties": {
        "id": {
          "type": "string",
          "description": "Azure resource ID of the Key Vault."
        }
      },
      "required": [
        "id"
      ],
      "description": "Specifies the link to a Key Vault."
    },
    "ManagedServiceIdentity": {
      "type": "object",
      "properties": {
        "principalId": {
          "type": "string",
          "description": "Azure Active Directory principal ID associated with this Identity."
        },
        "tenantId": {
          "type": "string",
          "description": "ID of the Azure Active Directory."
        },
        "type": {
          "oneOf": [
            {
              "type": "string",
              "enum": [
                "None",
                "SystemAssigned",
                "UserAssigned"
              ]
            },
            {
              "$ref": "https://schema.management.azure.com/schemas/common/definitions.json#/definitions/expression"
            }
          ],
          "description": "Type of the managed identity."
        },
        "userAssignedIdentities": {
          "oneOf": [
            {
              "type": "object",
              "additionalProperties": {
                "$ref": "#/definitions/UserAssignedIdentity"
              },
              "properties": {}
            },
            {
              "$ref": "https://schema.management.azure.com/schemas/common/definitions.json#/definitions/expression"
            }
          ],
          "description": "The list of user-assigned managed identities associated with the resource. Key is the Azure resource Id of the managed identity."
        }
      },
      "required": [
        "type"
      ],
      "description": "Managed identity generic object."
    },
    "ParameterDefinition": {
      "type": "object",
      "properties": {
        "allowedValues": {
          "oneOf": [
            {
              "type": "array",
              "items": {
                "type": "object",
                "properties": {}
              }
            },
            {
              "$ref": "https://schema.management.azure.com/schemas/common/definitions.json#/definitions/expression"
            }
          ],
          "description": "Array of allowed values for this parameter."
        },
        "defaultValue": {
          "type": "object",
          "properties": {},
          "description": "Default Value for this parameter."
        },
        "metadata": {
          "oneOf": [
            {
              "$ref": "#/definitions/ParameterDefinitionMetadata"
            },
            {
              "$ref": "https://schema.management.azure.com/schemas/common/definitions.json#/definitions/expression"
            }
          ],
          "description": "User-friendly properties for this parameter."
        },
        "type": {
          "oneOf": [
            {
              "type": "string",
              "enum": [
                "string",
                "array",
                "bool",
                "int",
                "object",
                "secureObject",
                "secureString"
              ]
            },
            {
              "$ref": "https://schema.management.azure.com/schemas/common/definitions.json#/definitions/expression"
            }
          ],
          "description": "Allowed data types for Resource Manager template parameters."
        }
      },
      "required": [
        "type"
      ],
      "description": "Represent a parameter with constrains and metadata."
    },
    "ParameterDefinitionMetadata": {
      "type": "object",
      "properties": {
        "description": {
          "type": "string",
          "maxLength": 500,
          "description": "Description of this parameter/resourceGroup."
        },
        "displayName": {
          "type": "string",
          "maxLength": 256,
          "description": "DisplayName of this parameter/resourceGroup."
        },
        "strongType": {
          "type": "string",
          "maxLength": 64,
          "description": "StrongType for UI to render rich experience during blueprint assignment. Supported strong types are resourceType, principalId and location."
        }
      },
      "description": "User-friendly properties for this parameter."
    },
    "ParameterValue": {
      "type": "object",
      "properties": {
        "reference": {
          "oneOf": [
            {
              "$ref": "#/definitions/SecretValueReference"
            },
            {
              "$ref": "https://schema.management.azure.com/schemas/common/definitions.json#/definitions/expression"
            }
          ],
          "description": "Reference to a Key Vault secret."
        },
        "value": {
          "type": "object",
          "properties": {},
          "description": "Parameter value. Any valid JSON value is allowed including objects, arrays, strings, numbers and booleans."
        }
      },
      "description": "Value for the specified parameter. Can be either 'value' or 'reference' but not both."
    },
    "PolicyAssignmentArtifact": {
      "type": "object",
      "properties": {
        "kind": {
          "type": "string",
          "enum": [
            "policyAssignment"
          ]
        },
        "properties": {
          "oneOf": [
            {
              "$ref": "#/definitions/PolicyAssignmentArtifactProperties"
            },
            {
              "$ref": "https://schema.management.azure.com/schemas/common/definitions.json#/definitions/expression"
            }
          ],
          "description": "Properties of a Policy assignment blueprint artifact."
        }
      },
      "required": [
        "kind",
        "properties"
      ],
      "description": "Blueprint artifact that applies a Policy assignment."
    },
    "PolicyAssignmentArtifactProperties": {
      "type": "object",
      "properties": {
        "dependsOn": {
          "oneOf": [
            {
              "type": "array",
              "items": {
                "type": "string"
              }
            },
            {
              "$ref": "https://schema.management.azure.com/schemas/common/definitions.json#/definitions/expression"
            }
          ],
          "description": "Artifacts which need to be deployed before the specified artifact."
        },
        "description": {
          "type": "string",
          "maxLength": 500,
          "description": "Multi-line explain this resource."
        },
        "displayName": {
          "type": "string",
          "maxLength": 256,
          "description": "One-liner string explain this resource."
        },
        "parameters": {
          "oneOf": [
            {
              "type": "object",
              "additionalProperties": {
                "$ref": "#/definitions/ParameterValue"
              },
              "properties": {}
            },
            {
              "$ref": "https://schema.management.azure.com/schemas/common/definitions.json#/definitions/expression"
            }
          ],
          "description": "Parameter values for the policy definition."
        },
        "policyDefinitionId": {
          "type": "string",
          "description": "Azure resource ID of the policy definition."
        },
        "resourceGroup": {
          "type": "string",
          "description": "Name of the resource group placeholder to which the policy will be assigned."
        }
      },
      "required": [
        "parameters",
        "policyDefinitionId"
      ],
      "description": "Properties of a Policy assignment blueprint artifact."
    },
    "PublishedBlueprintProperties": {
      "type": "object",
      "properties": {
        "blueprintName": {
          "type": "string",
          "description": "Name of the published blueprint definition."
        },
        "changeNotes": {
          "type": "string",
          "maxLength": 500,
          "description": "Version-specific change notes."
        },
        "description": {
          "type": "string",
          "maxLength": 500,
          "description": "Multi-line explain this resource."
        },
        "displayName": {
          "type": "string",
          "maxLength": 256,
          "description": "One-liner string explain this resource."
        },
        "parameters": {
          "oneOf": [
            {
              "type": "object",
              "additionalProperties": {
                "$ref": "#/definitions/ParameterDefinition"
              },
              "properties": {}
            },
            {
              "$ref": "https://schema.management.azure.com/schemas/common/definitions.json#/definitions/expression"
            }
          ],
          "description": "Parameters required by this blueprint definition."
        },
        "resourceGroups": {
          "oneOf": [
            {
              "type": "object",
              "additionalProperties": {
                "$ref": "#/definitions/ResourceGroupDefinition"
              },
              "properties": {}
            },
            {
              "$ref": "https://schema.management.azure.com/schemas/common/definitions.json#/definitions/expression"
            }
          ],
          "description": "Resource group placeholders defined by this blueprint definition."
        },
        "targetScope": {
          "oneOf": [
            {
              "type": "string",
              "enum": [
                "subscription",
                "managementGroup"
              ]
            },
            {
              "$ref": "https://schema.management.azure.com/schemas/common/definitions.json#/definitions/expression"
            }
          ],
          "description": "The scope where this blueprint definition can be assigned."
        }
      },
      "description": "Schema for published blueprint definition properties."
    },
    "ResourceGroupDefinition": {
      "type": "object",
      "properties": {
        "dependsOn": {
          "oneOf": [
            {
              "type": "array",
              "items": {
                "type": "string"
              }
            },
            {
              "$ref": "https://schema.management.azure.com/schemas/common/definitions.json#/definitions/expression"
            }
          ],
          "description": "Artifacts which need to be deployed before this resource group."
        },
        "location": {
          "type": "string",
          "description": "Location of this resourceGroup. Leave empty if the resource group location will be specified during the blueprint assignment."
        },
        "metadata": {
          "oneOf": [
            {
              "$ref": "#/definitions/ParameterDefinitionMetadata"
            },
            {
              "$ref": "https://schema.management.azure.com/schemas/common/definitions.json#/definitions/expression"
            }
          ],
          "description": "User-friendly properties for this parameter."
        },
        "name": {
          "type": "string",
          "description": "Name of this resourceGroup. Leave empty if the resource group name will be specified during the blueprint assignment."
        },
        "tags": {
          "oneOf": [
            {
              "type": "object",
              "additionalProperties": {
                "type": "string"
              },
              "properties": {}
            },
            {
              "$ref": "https://schema.management.azure.com/schemas/common/definitions.json#/definitions/expression"
            }
          ],
          "description": "Tags to be assigned to this resource group."
        }
      },
      "description": "Represents an Azure resource group in a blueprint definition."
    },
    "ResourceGroupValue": {
      "type": "object",
      "properties": {
        "location": {
          "type": "string",
          "description": "Location of the resource group."
        },
        "name": {
          "type": "string",
          "minLength": 1,
          "maxLength": 90,
          "description": "Name of the resource group."
        }
      },
      "description": "Represents an Azure resource group."
    },
    "RoleAssignmentArtifact": {
      "type": "object",
      "properties": {
        "kind": {
          "type": "string",
          "enum": [
            "roleAssignment"
          ]
        },
        "properties": {
          "oneOf": [
            {
              "$ref": "#/definitions/RoleAssignmentArtifactProperties"
            },
            {
              "$ref": "https://schema.management.azure.com/schemas/common/definitions.json#/definitions/expression"
            }
          ],
          "description": "Properties of a Role assignment blueprint artifact."
        }
      },
      "required": [
        "kind",
        "properties"
      ],
      "description": "Blueprint artifact that applies a Role assignment."
    },
    "RoleAssignmentArtifactProperties": {
      "type": "object",
      "properties": {
        "dependsOn": {
          "oneOf": [
            {
              "type": "array",
              "items": {
                "type": "string"
              }
            },
            {
              "$ref": "https://schema.management.azure.com/schemas/common/definitions.json#/definitions/expression"
            }
          ],
          "description": "Artifacts which need to be deployed before the specified artifact."
        },
        "description": {
          "type": "string",
          "maxLength": 500,
          "description": "Multi-line explain this resource."
        },
        "displayName": {
          "type": "string",
          "maxLength": 256,
          "description": "One-liner string explain this resource."
        },
        "principalIds": {
          "type": "object",
          "properties": {},
          "description": "Array of user or group identities in Azure Active Directory. The roleDefinition will apply to each identity."
        },
        "resourceGroup": {
          "type": "string",
          "description": "RoleAssignment will be scope to this resourceGroup. If empty, it scopes to the subscription."
        },
        "roleDefinitionId": {
          "type": "string",
          "description": "Azure resource ID of the RoleDefinition."
        }
      },
      "required": [
        "principalIds",
        "roleDefinitionId"
      ],
      "description": "Properties of a Role assignment blueprint artifact."
    },
    "SecretValueReference": {
      "type": "object",
      "properties": {
        "keyVault": {
          "oneOf": [
            {
              "$ref": "#/definitions/KeyVaultReference"
            },
            {
              "$ref": "https://schema.management.azure.com/schemas/common/definitions.json#/definitions/expression"
            }
          ],
          "description": "Specifies the link to a Key Vault."
        },
        "secretName": {
          "type": "string",
          "description": "Name of the secret."
        },
        "secretVersion": {
          "type": "string",
          "description": "The version of the secret to use. If left blank, the latest version of the secret is used."
        }
      },
      "required": [
        "keyVault",
        "secretName"
      ],
      "description": "Reference to a Key Vault secret."
    },
    "TemplateArtifact": {
      "type": "object",
      "properties": {
        "kind": {
          "type": "string",
          "enum": [
            "template"
          ]
        },
        "properties": {
          "oneOf": [
            {
              "$ref": "#/definitions/TemplateArtifactProperties"
            },
            {
              "$ref": "https://schema.management.azure.com/schemas/common/definitions.json#/definitions/expression"
            }
          ],
          "description": "Properties of a Resource Manager template blueprint artifact."
        }
      },
      "required": [
        "kind",
        "properties"
      ],
      "description": "Blueprint artifact that deploys a Resource Manager template."
    },
    "TemplateArtifactProperties": {
      "type": "object",
      "properties": {
        "dependsOn": {
          "oneOf": [
            {
              "type": "array",
              "items": {
                "type": "string"
              }
            },
            {
              "$ref": "https://schema.management.azure.com/schemas/common/definitions.json#/definitions/expression"
            }
          ],
          "description": "Artifacts which need to be deployed before the specified artifact."
        },
        "description": {
          "type": "string",
          "maxLength": 500,
          "description": "Multi-line explain this resource."
        },
        "displayName": {
          "type": "string",
          "maxLength": 256,
          "description": "One-liner string explain this resource."
        },
        "parameters": {
          "oneOf": [
            {
              "type": "object",
              "additionalProperties": {
                "$ref": "#/definitions/ParameterValue"
              },
              "properties": {}
            },
            {
              "$ref": "https://schema.management.azure.com/schemas/common/definitions.json#/definitions/expression"
            }
          ],
          "description": "Resource Manager template blueprint artifact parameter values."
        },
        "resourceGroup": {
          "type": "string",
          "description": "If applicable, the name of the resource group placeholder to which the Resource Manager template blueprint artifact will be deployed."
        },
        "template": {
          "type": "object",
          "properties": {},
          "description": "The Resource Manager template blueprint artifact body."
        }
      },
      "required": [
        "parameters",
        "template"
      ],
      "description": "Properties of a Resource Manager template blueprint artifact."
    },
    "UserAssignedIdentity": {
      "type": "object",
      "properties": {
        "clientId": {
          "type": "string",
          "description": "Client App Id associated with this identity."
        },
        "principalId": {
          "type": "string",
          "description": "Azure Active Directory principal ID associated with this Identity."
        }
      },
      "description": "User-assigned managed identity."
    }
  }
}