{
  "id": "https://schema.management.azure.com/schemas/2017-07-01/Microsoft.Logic.json#",
  "$schema": "http://json-schema.org/draft-04/schema#",
  "title": "Microsoft.Logic",
  "description": "Microsoft Logic Resource Types",
  "resourceDefinitions": {
    "workflows": {
      "type": "object",
      "properties": {
        "type": {
          "type": "string",
          "enum": [
            "Microsoft.Logic/workflows"
          ]
        },
        "apiVersion": {
          "type": "string",
          "enum": [
            "2017-07-01"
          ]
        },
        "id": {
          "type": "string",
          "description": "The resource id."
        },
        "name": {
          "type": "string",
          "description": "Gets the resource name."
        },
        "location": {
          "type": "string",
          "description": "The resource location."
        },
        "tags": {
          "oneOf": [
            {
              "type": "object",
              "additionalProperties": {
                "type": "string"
              }
            },
            {
              "$ref": "https://schema.management.azure.com/schemas/common/definitions.json#/definitions/expression"
            }
          ],
          "description": "The resource tags."
        },
        "properties": {
          "oneOf": [
            {
              "$ref": "#/definitions/WorkflowProperties"
            },
            {
              "$ref": "https://schema.management.azure.com/schemas/common/definitions.json#/definitions/expression"
            }
          ],
          "description": "The workflow properties."
        }
      },
      "required": [
        "type",
        "apiVersion",
        "properties"
      ],
      "description": "Microsoft.Logic/workflows"
    }
  },
  "definitions": {
    "ResourceReference": {
      "type": "object",
      "properties": {
        "id": {
          "type": "string",
          "description": "The resource id."
        }
      }
    },
    "WorkflowParameter": {
      "type": "object",
      "properties": {
        "type": {
          "type": "string",
          "enum": [
            "NotSpecified",
            "String",
            "SecureString",
            "Int",
            "Float",
            "Bool",
            "Array",
            "Object",
            "SecureObject"
          ],
          "description": "The type."
        },
        "value": {
          "oneOf": [
            {
              "type": "object"
            },
            {
              "$ref": "https://schema.management.azure.com/schemas/common/definitions.json#/definitions/expression"
            }
          ],
          "description": "The value."
        },
        "metadata": {
          "oneOf": [
            {
              "type": "object"
            },
            {
              "$ref": "https://schema.management.azure.com/schemas/common/definitions.json#/definitions/expression"
            }
          ],
          "description": "The metadata."
        },
        "description": {
          "type": "string",
          "description": "The description."
        }
      }
    },
    "WorkflowProperties": {
      "type": "object",
      "properties": {
        "state": {
          "oneOf": [
            {
              "type": "string",
              "enum": [
                "NotSpecified",
                "Completed",
                "Enabled",
                "Disabled",
                "Deleted",
                "Suspended"
              ]
            },
            {
              "$ref": "https://schema.management.azure.com/schemas/common/definitions.json#/definitions/expression"
            }
          ],
          "description": "The state."
        },
        "integrationAccount": {
          "oneOf": [
            {
              "$ref": "#/definitions/ResourceReference"
            },
            {
              "$ref": "https://schema.management.azure.com/schemas/common/definitions.json#/definitions/expression"
            }
          ],
          "description": "The integration account."
        },
        "definition": {
          "oneOf": [
            {
              "type": "object"
            },
            {
              "$ref": "https://schema.management.azure.com/schemas/common/definitions.json#/definitions/expression"
            }
          ],
          "description": "The definition."
        },
        "parameters": {
          "oneOf": [
            {
              "type": "object",
              "additionalProperties": {
                "$ref": "#/definitions/WorkflowParameter"
              }
            },
            {
              "$ref": "https://schema.management.azure.com/schemas/common/definitions.json#/definitions/expression"
            }
          ],
          "description": "The parameters."
        }
      }
    }
  }
}
