{
  "id": "https://schema.management.azure.com/schemas/2018-03-01-preview/Microsoft.SignalRService.json#",
  "$schema": "http://json-schema.org/draft-04/schema#",
  "title": "Microsoft.SignalRService",
  "description": "Microsoft SignalRService Resource Types",
  "resourceDefinitions": {
    "SignalR": {
      "type": "object",
      "properties": {
        "apiVersion": {
          "type": "string",
          "enum": [
            "2018-03-01-preview"
          ]
        },
        "location": {
          "type": "string",
          "description": "Azure GEO region: e.g. West US | East US | North Central US | South Central US | West Europe | North Europe | East Asia | Southeast Asia | etc. \r\nThe geo region of a resource never changes after it is created."
        },
        "name": {
          "type": "string",
          "description": "The name of the SignalR resource."
        },
        "properties": {
          "oneOf": [
            {
              "$ref": "#/definitions/SignalRCreateOrUpdateProperties"
            },
            {
              "$ref": "https://schema.management.azure.com/schemas/common/definitions.json#/definitions/expression"
            }
          ],
          "description": "Settings used to provision or configure the resource."
        },
        "sku": {
          "oneOf": [
            {
              "$ref": "#/definitions/ResourceSku"
            },
            {
              "$ref": "https://schema.management.azure.com/schemas/common/definitions.json#/definitions/expression"
            }
          ],
          "description": "The billing information of the resource.(e.g. basic vs. standard)"
        },
        "tags": {
          "oneOf": [
            {
              "type": "object",
              "additionalProperties": {
                "type": "string"
              },
              "properties": {}
            },
            {
              "$ref": "https://schema.management.azure.com/schemas/common/definitions.json#/definitions/expression"
            }
          ],
          "description": "A list of key value pairs that describe the resource."
        },
        "type": {
          "type": "string",
          "enum": [
            "Microsoft.SignalRService/SignalR"
          ]
        }
      },
      "required": [
        "apiVersion",
        "location",
        "name",
        "properties",
        "type"
      ],
      "description": "Microsoft.SignalRService/SignalR"
    }
  },
  "definitions": {
    "ResourceSku": {
      "type": "object",
      "properties": {
        "capacity": {
          "oneOf": [
            {
              "type": "integer"
            },
            {
              "$ref": "https://schema.management.azure.com/schemas/common/definitions.json#/definitions/expression"
            }
          ],
          "description": "Optional, integer. If the SKU supports scale out/in then the capacity integer should be included. If scale out/in is not \r\npossible for the resource this may be omitted."
        },
        "family": {
          "type": "string",
          "description": "Optional, string. If the service has different generations of hardware, for the same SKU, then that can be captured here."
        },
        "name": {
          "type": "string",
          "description": "The name of the SKU. This is typically a letter + number code, such as A0 or P3.  Required (if sku is specified)"
        },
        "size": {
          "type": "string",
          "description": "Optional, string. When the name field is the combination of tier and some other value, this would be the standalone code."
        },
        "tier": {
          "oneOf": [
            {
              "type": "string",
              "enum": [
                "Free",
                "Basic",
                "Standard",
                "Premium"
              ]
            },
            {
              "$ref": "https://schema.management.azure.com/schemas/common/definitions.json#/definitions/expression"
            }
          ],
          "description": "Optional tier of this particular SKU. `Basic` is deprecated, use `Standard` instead for Basic tier."
        }
      },
      "required": [
        "name"
      ],
      "description": "The billing information of the resource.(e.g. basic vs. standard)"
    },
    "SignalRCreateOrUpdateProperties": {
      "type": "object",
      "properties": {
        "hostNamePrefix": {
          "type": "string",
          "description": "Prefix for the hostName of the SignalR service. Retained for future use.\r\nThe hostname will be of format: &lt;hostNamePrefix&gt;.service.signalr.net."
        }
      },
      "description": "Settings used to provision or configure the resource."
    }
  }
}