{
  "id": "https://schema.management.azure.com/schemas/2016-04-02/Microsoft.Cdn.json#",
  "$schema": "http://json-schema.org/draft-04/schema#",
  "title": "Microsoft.Cdn",
  "description": "Microsoft Cdn Resource Types",
  "resourceDefinitions": {
    "profiles": {
      "type": "object",
      "properties": {
        "apiVersion": {
          "type": "string",
          "enum": [
            "2016-04-02"
          ]
        },
        "location": {
          "type": "string",
          "description": "Profile location"
        },
        "name": {
          "type": "string",
          "description": "Name of the CDN profile within the resource group."
        },
        "resources": {
          "type": "array",
          "items": {
            "oneOf": [
              {
                "$ref": "#/definitions/profiles_endpoints_childResource"
              }
            ]
          }
        },
        "sku": {
          "oneOf": [
            {
              "$ref": "#/definitions/Sku"
            },
            {
              "$ref": "https://schema.management.azure.com/schemas/common/definitions.json#/definitions/expression"
            }
          ],
          "description": "The SKU (pricing tier) of the CDN profile."
        },
        "tags": {
          "oneOf": [
            {
              "type": "object",
              "additionalProperties": {
                "type": "string"
              },
              "properties": {}
            },
            {
              "$ref": "https://schema.management.azure.com/schemas/common/definitions.json#/definitions/expression"
            }
          ],
          "description": "Profile tags"
        },
        "type": {
          "type": "string",
          "enum": [
            "Microsoft.Cdn/profiles"
          ]
        }
      },
      "required": [
        "apiVersion",
        "location",
        "name",
        "sku",
        "type"
      ],
      "description": "Microsoft.Cdn/profiles"
    },
    "profiles_endpoints": {
      "type": "object",
      "properties": {
        "apiVersion": {
          "type": "string",
          "enum": [
            "2016-04-02"
          ]
        },
        "location": {
          "type": "string",
          "description": "Endpoint location"
        },
        "name": {
          "type": "string",
          "description": "Name of the endpoint within the CDN profile."
        },
        "properties": {
          "oneOf": [
            {
              "$ref": "#/definitions/EndpointPropertiesCreateParameters"
            },
            {
              "$ref": "https://schema.management.azure.com/schemas/common/definitions.json#/definitions/expression"
            }
          ]
        },
        "resources": {
          "type": "array",
          "items": {
            "oneOf": [
              {
                "$ref": "#/definitions/profiles_endpoints_origins_childResource"
              },
              {
                "$ref": "#/definitions/profiles_endpoints_customDomains_childResource"
              }
            ]
          }
        },
        "tags": {
          "oneOf": [
            {
              "type": "object",
              "additionalProperties": {
                "type": "string"
              },
              "properties": {}
            },
            {
              "$ref": "https://schema.management.azure.com/schemas/common/definitions.json#/definitions/expression"
            }
          ],
          "description": "Endpoint tags"
        },
        "type": {
          "type": "string",
          "enum": [
            "Microsoft.Cdn/profiles/endpoints"
          ]
        }
      },
      "required": [
        "apiVersion",
        "location",
        "name",
        "properties",
        "type"
      ],
      "description": "Microsoft.Cdn/profiles/endpoints"
    },
    "profiles_endpoints_customDomains": {
      "type": "object",
      "properties": {
        "apiVersion": {
          "type": "string",
          "enum": [
            "2016-04-02"
          ]
        },
        "name": {
          "type": "string",
          "description": "Name of the custom domain within an endpoint."
        },
        "properties": {
          "oneOf": [
            {
              "$ref": "#/definitions/CustomDomainPropertiesParameters"
            },
            {
              "$ref": "https://schema.management.azure.com/schemas/common/definitions.json#/definitions/expression"
            }
          ]
        },
        "type": {
          "type": "string",
          "enum": [
            "Microsoft.Cdn/profiles/endpoints/customDomains"
          ]
        }
      },
      "required": [
        "apiVersion",
        "name",
        "properties",
        "type"
      ],
      "description": "Microsoft.Cdn/profiles/endpoints/customDomains"
    },
    "profiles_endpoints_origins": {
      "type": "object",
      "properties": {
        "apiVersion": {
          "type": "string",
          "enum": [
            "2016-04-02"
          ]
        },
        "name": {
          "type": "string",
          "description": "Name of the origin, an arbitrary value but it needs to be unique under endpoint"
        },
        "properties": {
          "oneOf": [
            {
              "$ref": "#/definitions/OriginPropertiesParameters"
            },
            {
              "$ref": "https://schema.management.azure.com/schemas/common/definitions.json#/definitions/expression"
            }
          ]
        },
        "type": {
          "type": "string",
          "enum": [
            "Microsoft.Cdn/profiles/endpoints/origins"
          ]
        }
      },
      "required": [
        "apiVersion",
        "name",
        "properties",
        "type"
      ],
      "description": "Microsoft.Cdn/profiles/endpoints/origins"
    }
  },
  "definitions": {
    "CustomDomainPropertiesParameters": {
      "type": "object",
      "properties": {
        "hostName": {
          "type": "string",
          "description": "The host name of the custom domain. Must be a domain name."
        }
      },
      "required": [
        "hostName"
      ]
    },
    "DeepCreatedOrigin": {
      "type": "object",
      "properties": {
        "name": {
          "type": "string",
          "description": "Origin name"
        },
        "properties": {
          "oneOf": [
            {
              "$ref": "#/definitions/DeepCreatedOriginProperties"
            },
            {
              "$ref": "https://schema.management.azure.com/schemas/common/definitions.json#/definitions/expression"
            }
          ],
          "description": "Properties of deep created origin on a CDN endpoint."
        }
      },
      "required": [
        "name"
      ],
      "description": "Deep created origins within a CDN endpoint."
    },
    "DeepCreatedOriginProperties": {
      "type": "object",
      "properties": {
        "hostName": {
          "type": "string",
          "description": "The address of the origin. Domain names, IPv4 addresses, and IPv6 addresses are supported."
        },
        "httpPort": {
          "oneOf": [
            {
              "type": "integer"
            },
            {
              "$ref": "https://schema.management.azure.com/schemas/common/definitions.json#/definitions/expression"
            }
          ],
          "description": "The value of the HTTP port. Must be between 1 and 65535"
        },
        "httpsPort": {
          "oneOf": [
            {
              "type": "integer"
            },
            {
              "$ref": "https://schema.management.azure.com/schemas/common/definitions.json#/definitions/expression"
            }
          ],
          "description": "The value of the HTTPS port. Must be between 1 and 65535"
        }
      },
      "required": [
        "hostName"
      ],
      "description": "Properties of deep created origin on a CDN endpoint."
    },
    "EndpointPropertiesCreateParameters": {
      "type": "object",
      "properties": {
        "contentTypesToCompress": {
          "oneOf": [
            {
              "type": "array",
              "items": {
                "type": "string"
              }
            },
            {
              "$ref": "https://schema.management.azure.com/schemas/common/definitions.json#/definitions/expression"
            }
          ],
          "description": "List of content types on which compression will be applied. The value for the elements should be a valid MIME type."
        },
        "isCompressionEnabled": {
          "oneOf": [
            {
              "type": "boolean"
            },
            {
              "$ref": "https://schema.management.azure.com/schemas/common/definitions.json#/definitions/expression"
            }
          ],
          "description": "Indicates whether content compression is enabled. Default value is false. If compression is enabled, the content transferred from the CDN endpoint to the end user will be compressed. The requested content must be larger than 1 byte and smaller than 1 MB."
        },
        "isHttpAllowed": {
          "oneOf": [
            {
              "type": "boolean"
            },
            {
              "$ref": "https://schema.management.azure.com/schemas/common/definitions.json#/definitions/expression"
            }
          ],
          "description": "Indicates whether HTTP traffic is allowed on the endpoint. Default value is true. At least one protocol (HTTP or HTTPS) must be allowed."
        },
        "isHttpsAllowed": {
          "oneOf": [
            {
              "type": "boolean"
            },
            {
              "$ref": "https://schema.management.azure.com/schemas/common/definitions.json#/definitions/expression"
            }
          ],
          "description": "Indicates whether https traffic is allowed on the endpoint. Default value is true. At least one protocol (HTTP or HTTPS) must be allowed."
        },
        "originHostHeader": {
          "type": "string",
          "description": "The host header CDN provider will send along with content requests to origins. The default value is the host name of the origin."
        },
        "originPath": {
          "type": "string",
          "description": "The path used for origin requests."
        },
        "origins": {
          "oneOf": [
            {
              "type": "array",
              "items": {
                "$ref": "#/definitions/DeepCreatedOrigin"
              }
            },
            {
              "$ref": "https://schema.management.azure.com/schemas/common/definitions.json#/definitions/expression"
            }
          ],
          "description": "The set of origins for the CDN endpoint. When multiple origins exist, the first origin will be used as primary and rest will be used as failover options."
        },
        "queryStringCachingBehavior": {
          "oneOf": [
            {
              "type": "string",
              "enum": [
                "IgnoreQueryString",
                "BypassCaching",
                "UseQueryString",
                "NotSet"
              ]
            },
            {
              "$ref": "https://schema.management.azure.com/schemas/common/definitions.json#/definitions/expression"
            }
          ],
          "description": "Defines the query string caching behavior."
        }
      },
      "required": [
        "origins"
      ]
    },
    "OriginPropertiesParameters": {
      "type": "object",
      "properties": {
        "hostName": {
          "type": "string",
          "description": "The address of the origin. Domain names, IPv4 addresses, and IPv6 addresses are supported."
        },
        "httpPort": {
          "oneOf": [
            {
              "type": "integer"
            },
            {
              "$ref": "https://schema.management.azure.com/schemas/common/definitions.json#/definitions/expression"
            }
          ],
          "description": "The value of the HTTP port. Must be between 1 and 65535."
        },
        "httpsPort": {
          "oneOf": [
            {
              "type": "integer"
            },
            {
              "$ref": "https://schema.management.azure.com/schemas/common/definitions.json#/definitions/expression"
            }
          ],
          "description": "The value of the HTTPS port. Must be between 1 and 65535."
        }
      },
      "required": [
        "hostName"
      ]
    },
    "profiles_endpoints_childResource": {
      "type": "object",
      "properties": {
        "apiVersion": {
          "type": "string",
          "enum": [
            "2016-04-02"
          ]
        },
        "location": {
          "type": "string",
          "description": "Endpoint location"
        },
        "name": {
          "type": "string",
          "description": "Name of the endpoint within the CDN profile."
        },
        "properties": {
          "oneOf": [
            {
              "$ref": "#/definitions/EndpointPropertiesCreateParameters"
            },
            {
              "$ref": "https://schema.management.azure.com/schemas/common/definitions.json#/definitions/expression"
            }
          ]
        },
        "tags": {
          "oneOf": [
            {
              "type": "object",
              "additionalProperties": {
                "type": "string"
              },
              "properties": {}
            },
            {
              "$ref": "https://schema.management.azure.com/schemas/common/definitions.json#/definitions/expression"
            }
          ],
          "description": "Endpoint tags"
        },
        "type": {
          "type": "string",
          "enum": [
            "endpoints"
          ]
        }
      },
      "required": [
        "apiVersion",
        "location",
        "name",
        "properties",
        "type"
      ],
      "description": "Microsoft.Cdn/profiles/endpoints"
    },
    "profiles_endpoints_customDomains_childResource": {
      "type": "object",
      "properties": {
        "apiVersion": {
          "type": "string",
          "enum": [
            "2016-04-02"
          ]
        },
        "name": {
          "type": "string",
          "description": "Name of the custom domain within an endpoint."
        },
        "properties": {
          "oneOf": [
            {
              "$ref": "#/definitions/CustomDomainPropertiesParameters"
            },
            {
              "$ref": "https://schema.management.azure.com/schemas/common/definitions.json#/definitions/expression"
            }
          ]
        },
        "type": {
          "type": "string",
          "enum": [
            "customDomains"
          ]
        }
      },
      "required": [
        "apiVersion",
        "name",
        "properties",
        "type"
      ],
      "description": "Microsoft.Cdn/profiles/endpoints/customDomains"
    },
    "profiles_endpoints_origins_childResource": {
      "type": "object",
      "properties": {
        "apiVersion": {
          "type": "string",
          "enum": [
            "2016-04-02"
          ]
        },
        "name": {
          "type": "string",
          "description": "Name of the origin, an arbitrary value but it needs to be unique under endpoint"
        },
        "properties": {
          "oneOf": [
            {
              "$ref": "#/definitions/OriginPropertiesParameters"
            },
            {
              "$ref": "https://schema.management.azure.com/schemas/common/definitions.json#/definitions/expression"
            }
          ]
        },
        "type": {
          "type": "string",
          "enum": [
            "origins"
          ]
        }
      },
      "required": [
        "apiVersion",
        "name",
        "properties",
        "type"
      ],
      "description": "Microsoft.Cdn/profiles/endpoints/origins"
    },
    "Sku": {
      "type": "object",
      "properties": {
        "name": {
          "oneOf": [
            {
              "type": "string",
              "enum": [
                "Standard_Verizon",
                "Premium_Verizon",
                "Custom_Verizon",
                "Standard_Akamai"
              ]
            },
            {
              "$ref": "https://schema.management.azure.com/schemas/common/definitions.json#/definitions/expression"
            }
          ],
          "description": "Name of the pricing tier."
        }
      },
      "description": "The SKU (pricing tier) of the CDN profile."
    }
  }
}