{
  "id": "https://schema.management.azure.com/schemas/2016-09-01/Microsoft.Web.json#",
  "$schema": "http://json-schema.org/draft-04/schema#",
  "title": "Microsoft.Web",
  "description": "Microsoft Web Resource Types",
  "resourceDefinitions": {
    "hostingEnvironments": {
      "type": "object",
      "properties": {
        "apiVersion": {
          "type": "string",
          "enum": [
            "2016-09-01"
          ]
        },
        "kind": {
          "type": "string",
          "description": "Kind of resource."
        },
        "location": {
          "type": "string",
          "description": "Resource Location."
        },
        "name": {
          "type": "string",
          "description": "Name of the App Service Environment."
        },
        "properties": {
          "oneOf": [
            {
              "$ref": "#/definitions/AppServiceEnvironment"
            },
            {
              "$ref": "https://schema.management.azure.com/schemas/common/definitions.json#/definitions/expression"
            }
          ],
          "description": "Description of an App Service Environment."
        },
        "resources": {
          "type": "array",
          "items": {
            "oneOf": [
              {
                "$ref": "#/definitions/hostingEnvironments_multiRolePools_childResource"
              },
              {
                "$ref": "#/definitions/hostingEnvironments_workerPools_childResource"
              }
            ]
          }
        },
        "tags": {
          "oneOf": [
            {
              "type": "object",
              "additionalProperties": {
                "type": "string"
              },
              "properties": {}
            },
            {
              "$ref": "https://schema.management.azure.com/schemas/common/definitions.json#/definitions/expression"
            }
          ],
          "description": "Resource tags."
        },
        "type": {
          "type": "string",
          "enum": [
            "Microsoft.Web/hostingEnvironments"
          ]
        }
      },
      "required": [
        "apiVersion",
        "location",
        "name",
        "properties",
        "type"
      ],
      "description": "Microsoft.Web/hostingEnvironments"
    },
    "hostingEnvironments_multiRolePools": {
      "type": "object",
      "properties": {
        "apiVersion": {
          "type": "string",
          "enum": [
            "2016-09-01"
          ]
        },
        "kind": {
          "type": "string",
          "description": "Kind of resource."
        },
        "name": {
          "oneOf": [
            {
              "type": "string",
              "pattern": "^.*/default$"
            },
            {
              "$ref": "https://schema.management.azure.com/schemas/common/definitions.json#/definitions/expression"
            }
          ]
        },
        "properties": {
          "oneOf": [
            {
              "$ref": "#/definitions/WorkerPool"
            },
            {
              "$ref": "https://schema.management.azure.com/schemas/common/definitions.json#/definitions/expression"
            }
          ],
          "description": "Worker pool of an App Service Environment."
        },
        "sku": {
          "oneOf": [
            {
              "$ref": "#/definitions/SkuDescription"
            },
            {
              "$ref": "https://schema.management.azure.com/schemas/common/definitions.json#/definitions/expression"
            }
          ],
          "description": "Description of a SKU for a scalable resource."
        },
        "type": {
          "type": "string",
          "enum": [
            "Microsoft.Web/hostingEnvironments/multiRolePools"
          ]
        }
      },
      "required": [
        "apiVersion",
        "name",
        "properties",
        "type"
      ],
      "description": "Microsoft.Web/hostingEnvironments/multiRolePools"
    },
    "hostingEnvironments_workerPools": {
      "type": "object",
      "properties": {
        "apiVersion": {
          "type": "string",
          "enum": [
            "2016-09-01"
          ]
        },
        "kind": {
          "type": "string",
          "description": "Kind of resource."
        },
        "name": {
          "type": "string",
          "description": "Name of the worker pool."
        },
        "properties": {
          "oneOf": [
            {
              "$ref": "#/definitions/WorkerPool"
            },
            {
              "$ref": "https://schema.management.azure.com/schemas/common/definitions.json#/definitions/expression"
            }
          ],
          "description": "Worker pool of an App Service Environment."
        },
        "sku": {
          "oneOf": [
            {
              "$ref": "#/definitions/SkuDescription"
            },
            {
              "$ref": "https://schema.management.azure.com/schemas/common/definitions.json#/definitions/expression"
            }
          ],
          "description": "Description of a SKU for a scalable resource."
        },
        "type": {
          "type": "string",
          "enum": [
            "Microsoft.Web/hostingEnvironments/workerPools"
          ]
        }
      },
      "required": [
        "apiVersion",
        "name",
        "properties",
        "type"
      ],
      "description": "Microsoft.Web/hostingEnvironments/workerPools"
    },
    "serverfarms": {
      "type": "object",
      "properties": {
        "apiVersion": {
          "type": "string",
          "enum": [
            "2016-09-01"
          ]
        },
        "kind": {
          "type": "string",
          "description": "Kind of resource."
        },
        "location": {
          "type": "string",
          "description": "Resource Location."
        },
        "name": {
          "type": "string",
          "description": "Name of the App Service plan."
        },
        "properties": {
          "oneOf": [
            {
              "$ref": "#/definitions/AppServicePlanProperties"
            },
            {
              "$ref": "https://schema.management.azure.com/schemas/common/definitions.json#/definitions/expression"
            }
          ],
          "description": "AppServicePlan resource specific properties"
        },
        "sku": {
          "oneOf": [
            {
              "$ref": "#/definitions/SkuDescription"
            },
            {
              "$ref": "https://schema.management.azure.com/schemas/common/definitions.json#/definitions/expression"
            }
          ],
          "description": "Description of a SKU for a scalable resource."
        },
        "tags": {
          "oneOf": [
            {
              "type": "object",
              "additionalProperties": {
                "type": "string"
              },
              "properties": {}
            },
            {
              "$ref": "https://schema.management.azure.com/schemas/common/definitions.json#/definitions/expression"
            }
          ],
          "description": "Resource tags."
        },
        "type": {
          "type": "string",
          "enum": [
            "Microsoft.Web/serverfarms"
          ]
        }
      },
      "required": [
        "apiVersion",
        "location",
        "name",
        "properties",
        "type"
      ],
      "description": "Microsoft.Web/serverfarms"
    },
    "serverfarms_virtualNetworkConnections_gateways": {
      "type": "object",
      "properties": {
        "apiVersion": {
          "type": "string",
          "enum": [
            "2016-09-01"
          ]
        },
        "kind": {
          "type": "string",
          "description": "Kind of resource."
        },
        "name": {
          "type": "string",
          "description": "Name of the gateway. Only the 'primary' gateway is supported."
        },
        "properties": {
          "oneOf": [
            {
              "$ref": "#/definitions/VnetGatewayProperties"
            },
            {
              "$ref": "https://schema.management.azure.com/schemas/common/definitions.json#/definitions/expression"
            }
          ],
          "description": "VnetGateway resource specific properties"
        },
        "type": {
          "type": "string",
          "enum": [
            "Microsoft.Web/serverfarms/virtualNetworkConnections/gateways"
          ]
        }
      },
      "required": [
        "apiVersion",
        "name",
        "properties",
        "type"
      ],
      "description": "Microsoft.Web/serverfarms/virtualNetworkConnections/gateways"
    },
    "serverfarms_virtualNetworkConnections_routes": {
      "type": "object",
      "properties": {
        "apiVersion": {
          "type": "string",
          "enum": [
            "2016-09-01"
          ]
        },
        "kind": {
          "type": "string",
          "description": "Kind of resource."
        },
        "name": {
          "type": "string",
          "description": "Name of the Virtual Network route."
        },
        "properties": {
          "oneOf": [
            {
              "$ref": "#/definitions/VnetRouteProperties"
            },
            {
              "$ref": "https://schema.management.azure.com/schemas/common/definitions.json#/definitions/expression"
            }
          ],
          "description": "VnetRoute resource specific properties"
        },
        "type": {
          "type": "string",
          "enum": [
            "Microsoft.Web/serverfarms/virtualNetworkConnections/routes"
          ]
        }
      },
      "required": [
        "apiVersion",
        "name",
        "properties",
        "type"
      ],
      "description": "Microsoft.Web/serverfarms/virtualNetworkConnections/routes"
    }
  },
  "definitions": {
    "AppServiceEnvironment": {
      "type": "object",
      "properties": {
        "apiManagementAccountId": {
          "type": "string",
          "description": "API Management Account associated with the App Service Environment."
        },
        "clusterSettings": {
          "oneOf": [
            {
              "type": "array",
              "items": {
                "$ref": "#/definitions/NameValuePair"
              }
            },
            {
              "$ref": "https://schema.management.azure.com/schemas/common/definitions.json#/definitions/expression"
            }
          ],
          "description": "Custom settings for changing the behavior of the App Service Environment."
        },
        "dnsSuffix": {
          "type": "string",
          "description": "DNS suffix of the App Service Environment."
        },
        "dynamicCacheEnabled": {
          "oneOf": [
            {
              "type": "boolean"
            },
            {
              "$ref": "https://schema.management.azure.com/schemas/common/definitions.json#/definitions/expression"
            }
          ],
          "description": "True/false indicating whether the App Service Environment is suspended. The environment can be suspended e.g. when the management endpoint is no longer available\n(most likely because NSG blocked the incoming traffic)."
        },
        "frontEndScaleFactor": {
          "oneOf": [
            {
              "type": "integer"
            },
            {
              "$ref": "https://schema.management.azure.com/schemas/common/definitions.json#/definitions/expression"
            }
          ],
          "description": "Scale factor for front-ends."
        },
        "internalLoadBalancingMode": {
          "oneOf": [
            {
              "type": "string",
              "enum": [
                "None",
                "Web",
                "Publishing"
              ]
            },
            {
              "$ref": "https://schema.management.azure.com/schemas/common/definitions.json#/definitions/expression"
            }
          ],
          "description": "Specifies which endpoints to serve internally in the Virtual Network for the App Service Environment."
        },
        "ipsslAddressCount": {
          "oneOf": [
            {
              "type": "integer"
            },
            {
              "$ref": "https://schema.management.azure.com/schemas/common/definitions.json#/definitions/expression"
            }
          ],
          "description": "Number of IP SSL addresses reserved for the App Service Environment."
        },
        "location": {
          "type": "string",
          "description": "Location of the App Service Environment, e.g. \"West US\"."
        },
        "multiRoleCount": {
          "oneOf": [
            {
              "type": "integer"
            },
            {
              "$ref": "https://schema.management.azure.com/schemas/common/definitions.json#/definitions/expression"
            }
          ],
          "description": "Number of front-end instances."
        },
        "multiSize": {
          "type": "string",
          "description": "Front-end VM size, e.g. \"Medium\", \"Large\"."
        },
        "name": {
          "type": "string",
          "description": "Name of the App Service Environment."
        },
        "networkAccessControlList": {
          "oneOf": [
            {
              "type": "array",
              "items": {
                "$ref": "#/definitions/NetworkAccessControlEntry"
              }
            },
            {
              "$ref": "https://schema.management.azure.com/schemas/common/definitions.json#/definitions/expression"
            }
          ],
          "description": "Access control list for controlling traffic to the App Service Environment."
        },
        "suspended": {
          "oneOf": [
            {
              "type": "boolean"
            },
            {
              "$ref": "https://schema.management.azure.com/schemas/common/definitions.json#/definitions/expression"
            }
          ],
          "description": "<code>true</code> if the App Service Environment is suspended; otherwise, <code>false</code>. The environment can be suspended, e.g. when the management endpoint is no longer available\n (most likely because NSG blocked the incoming traffic)."
        },
        "userWhitelistedIpRanges": {
          "oneOf": [
            {
              "type": "array",
              "items": {
                "type": "string"
              }
            },
            {
              "$ref": "https://schema.management.azure.com/schemas/common/definitions.json#/definitions/expression"
            }
          ],
          "description": "User added ip ranges to whitelist on ASE db"
        },
        "virtualNetwork": {
          "oneOf": [
            {
              "$ref": "#/definitions/VirtualNetworkProfile"
            },
            {
              "$ref": "https://schema.management.azure.com/schemas/common/definitions.json#/definitions/expression"
            }
          ],
          "description": "Specification for using a Virtual Network."
        },
        "vnetName": {
          "type": "string",
          "description": "Name of the Virtual Network for the App Service Environment."
        },
        "vnetResourceGroupName": {
          "type": "string",
          "description": "Resource group of the Virtual Network."
        },
        "vnetSubnetName": {
          "type": "string",
          "description": "Subnet of the Virtual Network."
        },
        "workerPools": {
          "oneOf": [
            {
              "type": "array",
              "items": {
                "$ref": "#/definitions/WorkerPool"
              }
            },
            {
              "$ref": "https://schema.management.azure.com/schemas/common/definitions.json#/definitions/expression"
            }
          ],
          "description": "Description of worker pools with worker size IDs, VM sizes, and number of workers in each pool."
        }
      },
      "required": [
        "location",
        "name",
        "virtualNetwork",
        "workerPools"
      ],
      "description": "Description of an App Service Environment."
    },
    "AppServicePlanProperties": {
      "type": "object",
      "properties": {
        "adminSiteName": {
          "type": "string",
          "description": "App Service plan administration site."
        },
        "hostingEnvironmentProfile": {
          "oneOf": [
            {
              "$ref": "#/definitions/HostingEnvironmentProfile"
            },
            {
              "$ref": "https://schema.management.azure.com/schemas/common/definitions.json#/definitions/expression"
            }
          ],
          "description": "Specification for an App Service Environment to use for this resource."
        },
        "isSpot": {
          "oneOf": [
            {
              "type": "boolean"
            },
            {
              "$ref": "https://schema.management.azure.com/schemas/common/definitions.json#/definitions/expression"
            }
          ],
          "description": "If <code>true</code>, this App Service Plan owns spot instances."
        },
        "name": {
          "type": "string",
          "description": "Name for the App Service plan."
        },
        "perSiteScaling": {
          "oneOf": [
            {
              "type": "boolean",
              "default": false
            },
            {
              "$ref": "https://schema.management.azure.com/schemas/common/definitions.json#/definitions/expression"
            }
          ],
          "description": "If <code>true</code>, apps assigned to this App Service plan can be scaled independently.\nIf <code>false</code>, apps assigned to this App Service plan will scale to all instances of the plan."
        },
        "reserved": {
          "oneOf": [
            {
              "type": "boolean",
              "default": false
            },
            {
              "$ref": "https://schema.management.azure.com/schemas/common/definitions.json#/definitions/expression"
            }
          ],
          "description": "If Linux app service plan <code>true</code>, <code>false</code> otherwise."
        },
        "spotExpirationTime": {
          "type": "string",
          "format": "date-time",
          "description": "The time when the server farm expires. Valid only if it is a spot server farm."
        },
        "targetWorkerCount": {
          "oneOf": [
            {
              "type": "integer"
            },
            {
              "$ref": "https://schema.management.azure.com/schemas/common/definitions.json#/definitions/expression"
            }
          ],
          "description": "Scaling worker count."
        },
        "targetWorkerSizeId": {
          "oneOf": [
            {
              "type": "integer"
            },
            {
              "$ref": "https://schema.management.azure.com/schemas/common/definitions.json#/definitions/expression"
            }
          ],
          "description": "Scaling worker size ID."
        },
        "workerTierName": {
          "type": "string",
          "description": "Target worker tier assigned to the App Service plan."
        }
      },
      "required": [
        "name"
      ],
      "description": "AppServicePlan resource specific properties"
    },
    "Capability": {
      "type": "object",
      "properties": {
        "name": {
          "type": "string",
          "description": "Name of the SKU capability."
        },
        "reason": {
          "type": "string",
          "description": "Reason of the SKU capability."
        },
        "value": {
          "type": "string",
          "description": "Value of the SKU capability."
        }
      },
      "description": "Describes the capabilities/features allowed for a specific SKU."
    },
    "HostingEnvironmentProfile": {
      "type": "object",
      "properties": {
        "id": {
          "type": "string",
          "description": "Resource ID of the App Service Environment."
        }
      },
      "description": "Specification for an App Service Environment to use for this resource."
    },
    "hostingEnvironments_multiRolePools_childResource": {
      "type": "object",
      "properties": {
        "apiVersion": {
          "type": "string",
          "enum": [
            "2016-09-01"
          ]
        },
        "kind": {
          "type": "string",
          "description": "Kind of resource."
        },
        "name": {
          "type": "string",
          "enum": [
            "default"
          ]
        },
        "properties": {
          "oneOf": [
            {
              "$ref": "#/definitions/WorkerPool"
            },
            {
              "$ref": "https://schema.management.azure.com/schemas/common/definitions.json#/definitions/expression"
            }
          ],
          "description": "Worker pool of an App Service Environment."
        },
        "sku": {
          "oneOf": [
            {
              "$ref": "#/definitions/SkuDescription"
            },
            {
              "$ref": "https://schema.management.azure.com/schemas/common/definitions.json#/definitions/expression"
            }
          ],
          "description": "Description of a SKU for a scalable resource."
        },
        "type": {
          "type": "string",
          "enum": [
            "multiRolePools"
          ]
        }
      },
      "required": [
        "apiVersion",
        "name",
        "properties",
        "type"
      ],
      "description": "Microsoft.Web/hostingEnvironments/multiRolePools"
    },
    "hostingEnvironments_workerPools_childResource": {
      "type": "object",
      "properties": {
        "apiVersion": {
          "type": "string",
          "enum": [
            "2016-09-01"
          ]
        },
        "kind": {
          "type": "string",
          "description": "Kind of resource."
        },
        "name": {
          "type": "string",
          "description": "Name of the worker pool."
        },
        "properties": {
          "oneOf": [
            {
              "$ref": "#/definitions/WorkerPool"
            },
            {
              "$ref": "https://schema.management.azure.com/schemas/common/definitions.json#/definitions/expression"
            }
          ],
          "description": "Worker pool of an App Service Environment."
        },
        "sku": {
          "oneOf": [
            {
              "$ref": "#/definitions/SkuDescription"
            },
            {
              "$ref": "https://schema.management.azure.com/schemas/common/definitions.json#/definitions/expression"
            }
          ],
          "description": "Description of a SKU for a scalable resource."
        },
        "type": {
          "type": "string",
          "enum": [
            "workerPools"
          ]
        }
      },
      "required": [
        "apiVersion",
        "name",
        "properties",
        "type"
      ],
      "description": "Microsoft.Web/hostingEnvironments/workerPools"
    },
    "NameValuePair": {
      "type": "object",
      "properties": {
        "name": {
          "type": "string",
          "description": "Pair name."
        },
        "value": {
          "type": "string",
          "description": "Pair value."
        }
      },
      "description": "Name value pair."
    },
    "NetworkAccessControlEntry": {
      "type": "object",
      "properties": {
        "action": {
          "oneOf": [
            {
              "type": "string",
              "enum": [
                "Permit",
                "Deny"
              ]
            },
            {
              "$ref": "https://schema.management.azure.com/schemas/common/definitions.json#/definitions/expression"
            }
          ],
          "description": "Action object."
        },
        "description": {
          "type": "string",
          "description": "Description of network access control entry."
        },
        "order": {
          "oneOf": [
            {
              "type": "integer"
            },
            {
              "$ref": "https://schema.management.azure.com/schemas/common/definitions.json#/definitions/expression"
            }
          ],
          "description": "Order of precedence."
        },
        "remoteSubnet": {
          "type": "string",
          "description": "Remote subnet."
        }
      },
      "description": "Network access control entry."
    },
    "SkuCapacity": {
      "type": "object",
      "properties": {
        "default": {
          "oneOf": [
            {
              "type": "integer"
            },
            {
              "$ref": "https://schema.management.azure.com/schemas/common/definitions.json#/definitions/expression"
            }
          ],
          "description": "Default number of workers for this App Service plan SKU."
        },
        "maximum": {
          "oneOf": [
            {
              "type": "integer"
            },
            {
              "$ref": "https://schema.management.azure.com/schemas/common/definitions.json#/definitions/expression"
            }
          ],
          "description": "Maximum number of workers for this App Service plan SKU."
        },
        "minimum": {
          "oneOf": [
            {
              "type": "integer"
            },
            {
              "$ref": "https://schema.management.azure.com/schemas/common/definitions.json#/definitions/expression"
            }
          ],
          "description": "Minimum number of workers for this App Service plan SKU."
        },
        "scaleType": {
          "type": "string",
          "description": "Available scale configurations for an App Service plan."
        }
      },
      "description": "Description of the App Service plan scale options."
    },
    "SkuDescription": {
      "type": "object",
      "properties": {
        "capabilities": {
          "oneOf": [
            {
              "type": "array",
              "items": {
                "$ref": "#/definitions/Capability"
              }
            },
            {
              "$ref": "https://schema.management.azure.com/schemas/common/definitions.json#/definitions/expression"
            }
          ],
          "description": "Capabilities of the SKU, e.g., is traffic manager enabled?"
        },
        "capacity": {
          "oneOf": [
            {
              "type": "integer"
            },
            {
              "$ref": "https://schema.management.azure.com/schemas/common/definitions.json#/definitions/expression"
            }
          ],
          "description": "Current number of instances assigned to the resource."
        },
        "family": {
          "type": "string",
          "description": "Family code of the resource SKU."
        },
        "locations": {
          "oneOf": [
            {
              "type": "array",
              "items": {
                "type": "string"
              }
            },
            {
              "$ref": "https://schema.management.azure.com/schemas/common/definitions.json#/definitions/expression"
            }
          ],
          "description": "Locations of the SKU."
        },
        "name": {
          "type": "string",
          "description": "Name of the resource SKU."
        },
        "size": {
          "type": "string",
          "description": "Size specifier of the resource SKU."
        },
        "skuCapacity": {
          "oneOf": [
            {
              "$ref": "#/definitions/SkuCapacity"
            },
            {
              "$ref": "https://schema.management.azure.com/schemas/common/definitions.json#/definitions/expression"
            }
          ],
          "description": "Description of the App Service plan scale options."
        },
        "tier": {
          "type": "string",
          "description": "Service tier of the resource SKU."
        }
      },
      "description": "Description of a SKU for a scalable resource."
    },
    "VirtualNetworkProfile": {
      "type": "object",
      "properties": {
        "id": {
          "type": "string",
          "description": "Resource id of the Virtual Network."
        },
        "subnet": {
          "type": "string",
          "description": "Subnet within the Virtual Network."
        }
      },
      "description": "Specification for using a Virtual Network."
    },
    "VnetGatewayProperties": {
      "type": "object",
      "properties": {
        "vnetName": {
          "type": "string",
          "description": "The Virtual Network name."
        },
        "vpnPackageUri": {
          "type": "string",
          "description": "The URI where the VPN package can be downloaded."
        }
      },
      "required": [
        "vpnPackageUri"
      ],
      "description": "VnetGateway resource specific properties"
    },
    "VnetRouteProperties": {
      "type": "object",
      "properties": {
        "endAddress": {
          "type": "string",
          "description": "The ending address for this route. If the start address is specified in CIDR notation, this must be omitted."
        },
        "name": {
          "type": "string",
          "description": "The name of this route. This is only returned by the server and does not need to be set by the client."
        },
        "routeType": {
          "oneOf": [
            {
              "type": "string",
              "enum": [
                "DEFAULT",
                "INHERITED",
                "STATIC"
              ]
            },
            {
              "$ref": "https://schema.management.azure.com/schemas/common/definitions.json#/definitions/expression"
            }
          ],
          "description": "The type of route this is:\nDEFAULT - By default, every app has routes to the local address ranges specified by RFC1918\nINHERITED - Routes inherited from the real Virtual Network routes\nSTATIC - Static route set on the app only\n\nThese values will be used for syncing an app's routes with those from a Virtual Network."
        },
        "startAddress": {
          "type": "string",
          "description": "The starting address for this route. This may also include a CIDR notation, in which case the end address must not be specified."
        }
      },
      "description": "VnetRoute resource specific properties"
    },
    "WorkerPool": {
      "type": "object",
      "properties": {
        "computeMode": {
          "oneOf": [
            {
              "type": "string",
              "enum": [
                "Shared",
                "Dedicated",
                "Dynamic"
              ]
            },
            {
              "$ref": "https://schema.management.azure.com/schemas/common/definitions.json#/definitions/expression"
            }
          ],
          "description": "Shared or dedicated app hosting."
        },
        "workerCount": {
          "oneOf": [
            {
              "type": "integer"
            },
            {
              "$ref": "https://schema.management.azure.com/schemas/common/definitions.json#/definitions/expression"
            }
          ],
          "description": "Number of instances in the worker pool."
        },
        "workerSize": {
          "type": "string",
          "description": "VM size of the worker pool instances."
        },
        "workerSizeId": {
          "oneOf": [
            {
              "type": "integer"
            },
            {
              "$ref": "https://schema.management.azure.com/schemas/common/definitions.json#/definitions/expression"
            }
          ],
          "description": "Worker size ID for referencing this worker pool."
        }
      },
      "description": "Worker pool of an App Service Environment."
    }
  }
}