{
  "id": "https://schema.management.azure.com/schemas/2018-05-31/Microsoft.CostManagement.json#",
  "$schema": "http://json-schema.org/draft-04/schema#",
  "title": "Microsoft.CostManagement",
  "description": "Microsoft CostManagement Resource Types",
  "resourceDefinitions": {
    "reportconfigs": {
      "type": "object",
      "properties": {
        "apiVersion": {
          "type": "string",
          "enum": [
            "2018-05-31"
          ]
        },
        "name": {
          "type": "string",
          "description": "Report Config Name."
        },
        "properties": {
          "oneOf": [
            {
              "$ref": "#/definitions/ReportConfigProperties"
            },
            {
              "$ref": "https://schema.management.azure.com/schemas/common/definitions.json#/definitions/expression"
            }
          ],
          "description": "The properties of the report config."
        },
        "type": {
          "type": "string",
          "enum": [
            "Microsoft.CostManagement/reportconfigs"
          ]
        }
      },
      "required": [
        "apiVersion",
        "name",
        "properties",
        "type"
      ],
      "description": "Microsoft.CostManagement/reportconfigs"
    }
  },
  "subscription_resourceDefinitions": {
    "reportconfigs": {
      "type": "object",
      "properties": {
        "apiVersion": {
          "type": "string",
          "enum": [
            "2018-05-31"
          ]
        },
        "name": {
          "type": "string",
          "description": "Report Config Name."
        },
        "properties": {
          "oneOf": [
            {
              "$ref": "#/definitions/ReportConfigProperties"
            },
            {
              "$ref": "https://schema.management.azure.com/schemas/common/definitions.json#/definitions/expression"
            }
          ],
          "description": "The properties of the report config."
        },
        "type": {
          "type": "string",
          "enum": [
            "Microsoft.CostManagement/reportconfigs"
          ]
        }
      },
      "required": [
        "apiVersion",
        "name",
        "properties",
        "type"
      ],
      "description": "Microsoft.CostManagement/reportconfigs"
    }
  },
  "definitions": {
    "ReportConfigAggregation": {
      "type": "object",
      "properties": {
        "function": {
          "oneOf": [
            {
              "type": "string",
              "enum": [
                "Sum"
              ]
            },
            {
              "$ref": "https://schema.management.azure.com/schemas/common/definitions.json#/definitions/expression"
            }
          ],
          "description": "The name of the aggregation function to use."
        },
        "name": {
          "type": "string",
          "description": "The name of the column to aggregate."
        }
      },
      "required": [
        "function",
        "name"
      ],
      "description": "The aggregation expression to be used in the report."
    },
    "ReportConfigComparisonExpression": {
      "type": "object",
      "properties": {
        "name": {
          "type": "string",
          "description": "The name of the column to use in comparison."
        },
        "operator": {
          "oneOf": [
            {
              "type": "string",
              "enum": [
                "In"
              ]
            },
            {
              "$ref": "https://schema.management.azure.com/schemas/common/definitions.json#/definitions/expression"
            }
          ],
          "description": "The operator to use for comparison."
        },
        "values": {
          "oneOf": [
            {
              "type": "array",
              "items": {
                "type": "string"
              }
            },
            {
              "$ref": "https://schema.management.azure.com/schemas/common/definitions.json#/definitions/expression"
            }
          ],
          "description": "Array of values to use for comparison"
        }
      },
      "required": [
        "name",
        "operator",
        "values"
      ],
      "description": "The comparison expression to be used in the report."
    },
    "ReportConfigDataset": {
      "type": "object",
      "properties": {
        "aggregation": {
          "oneOf": [
            {
              "type": "object",
              "additionalProperties": {
                "$ref": "#/definitions/ReportConfigAggregation"
              },
              "properties": {}
            },
            {
              "$ref": "https://schema.management.azure.com/schemas/common/definitions.json#/definitions/expression"
            }
          ],
          "description": "Dictionary of aggregation expression to use in the report. The key of each item in the dictionary is the alias for the aggregated column. Report can have up to 2 aggregation clauses."
        },
        "configuration": {
          "oneOf": [
            {
              "$ref": "#/definitions/ReportConfigDatasetConfiguration"
            },
            {
              "$ref": "https://schema.management.azure.com/schemas/common/definitions.json#/definitions/expression"
            }
          ],
          "description": "The configuration of dataset in the report."
        },
        "filter": {
          "oneOf": [
            {
              "$ref": "#/definitions/ReportConfigFilter"
            },
            {
              "$ref": "https://schema.management.azure.com/schemas/common/definitions.json#/definitions/expression"
            }
          ],
          "description": "The filter expression to be used in the report."
        },
        "granularity": {
          "oneOf": [
            {
              "type": "string",
              "enum": [
                "Daily"
              ]
            },
            {
              "$ref": "https://schema.management.azure.com/schemas/common/definitions.json#/definitions/expression"
            }
          ],
          "description": "The granularity of rows in the report."
        },
        "grouping": {
          "oneOf": [
            {
              "type": "array",
              "items": {
                "$ref": "#/definitions/ReportConfigGrouping"
              }
            },
            {
              "$ref": "https://schema.management.azure.com/schemas/common/definitions.json#/definitions/expression"
            }
          ],
          "description": "Array of group by expression to use in the report. Report can have up to 2 group by clauses."
        }
      },
      "description": "The definition of data present in the report."
    },
    "ReportConfigDatasetConfiguration": {
      "type": "object",
      "properties": {
        "columns": {
          "oneOf": [
            {
              "type": "array",
              "items": {
                "type": "string"
              }
            },
            {
              "$ref": "https://schema.management.azure.com/schemas/common/definitions.json#/definitions/expression"
            }
          ],
          "description": "Array of column names to be included in the report. Any valid report column name is allowed. If not provided, then report includes all columns."
        }
      },
      "description": "The configuration of dataset in the report."
    },
    "ReportConfigDefinition": {
      "type": "object",
      "properties": {
        "dataset": {
          "oneOf": [
            {
              "$ref": "#/definitions/ReportConfigDataset"
            },
            {
              "$ref": "https://schema.management.azure.com/schemas/common/definitions.json#/definitions/expression"
            }
          ],
          "description": "The definition of data present in the report."
        },
        "timeframe": {
          "oneOf": [
            {
              "type": "string",
              "enum": [
                "WeekToDate",
                "MonthToDate",
                "YearToDate",
                "Custom"
              ]
            },
            {
              "$ref": "https://schema.management.azure.com/schemas/common/definitions.json#/definitions/expression"
            }
          ],
          "description": "The time frame for pulling data for the report. If custom, then a specific time period must be provided."
        },
        "timePeriod": {
          "oneOf": [
            {
              "$ref": "#/definitions/ReportConfigTimePeriod"
            },
            {
              "$ref": "https://schema.management.azure.com/schemas/common/definitions.json#/definitions/expression"
            }
          ],
          "description": "The start and end date for pulling data for the report."
        },
        "type": {
          "oneOf": [
            {
              "type": "string",
              "enum": [
                "Usage"
              ]
            },
            {
              "$ref": "https://schema.management.azure.com/schemas/common/definitions.json#/definitions/expression"
            }
          ],
          "description": "The type of the report."
        }
      },
      "required": [
        "timeframe",
        "type"
      ],
      "description": "The definition of a report config."
    },
    "ReportConfigDeliveryDestination": {
      "type": "object",
      "properties": {
        "container": {
          "type": "string",
          "description": "The name of the container where reports will be uploaded."
        },
        "resourceId": {
          "type": "string",
          "description": "The resource id of the storage account where reports will be delivered."
        },
        "rootFolderPath": {
          "type": "string",
          "description": "The name of the directory where reports will be uploaded."
        }
      },
      "required": [
        "container",
        "resourceId"
      ],
      "description": "The destination information for the delivery of the report."
    },
    "ReportConfigDeliveryInfo": {
      "type": "object",
      "properties": {
        "destination": {
          "oneOf": [
            {
              "$ref": "#/definitions/ReportConfigDeliveryDestination"
            },
            {
              "$ref": "https://schema.management.azure.com/schemas/common/definitions.json#/definitions/expression"
            }
          ],
          "description": "The destination information for the delivery of the report."
        }
      },
      "required": [
        "destination"
      ],
      "description": "The delivery information associated with a report config."
    },
    "ReportConfigFilter": {
      "type": "object",
      "properties": {
        "and": {
          "oneOf": [
            {
              "type": "array",
              "items": {
                "type": "object"
              }
            },
            {
              "$ref": "https://schema.management.azure.com/schemas/common/definitions.json#/definitions/expression"
            }
          ],
          "description": "The logical \"AND\" expression. Must have at least 2 items."
        },
        "dimension": {
          "oneOf": [
            {
              "$ref": "#/definitions/ReportConfigComparisonExpression"
            },
            {
              "$ref": "https://schema.management.azure.com/schemas/common/definitions.json#/definitions/expression"
            }
          ],
          "description": "The comparison expression to be used in the report."
        },
        "not": {
          "oneOf": [
            {
              "type": "object"
            },
            {
              "$ref": "https://schema.management.azure.com/schemas/common/definitions.json#/definitions/expression"
            }
          ],
          "description": "The filter expression to be used in the report."
        },
        "or": {
          "oneOf": [
            {
              "type": "array",
              "items": {
                "type": "object"
              }
            },
            {
              "$ref": "https://schema.management.azure.com/schemas/common/definitions.json#/definitions/expression"
            }
          ],
          "description": "The logical \"OR\" expression. Must have at least 2 items."
        },
        "tag": {
          "oneOf": [
            {
              "$ref": "#/definitions/ReportConfigComparisonExpression"
            },
            {
              "$ref": "https://schema.management.azure.com/schemas/common/definitions.json#/definitions/expression"
            }
          ],
          "description": "The comparison expression to be used in the report."
        }
      },
      "description": "The filter expression to be used in the report."
    },
    "ReportConfigGrouping": {
      "type": "object",
      "properties": {
        "columnType": {
          "oneOf": [
            {
              "type": "string",
              "enum": [
                "Tag",
                "Dimension"
              ]
            },
            {
              "$ref": "https://schema.management.azure.com/schemas/common/definitions.json#/definitions/expression"
            }
          ],
          "description": "Has type of the column to group."
        },
        "name": {
          "type": "string",
          "description": "The name of the column to group."
        }
      },
      "required": [
        "columnType",
        "name"
      ],
      "description": "The group by expression to be used in the report."
    },
    "ReportConfigProperties": {
      "type": "object",
      "properties": {
        "definition": {
          "oneOf": [
            {
              "$ref": "#/definitions/ReportConfigDefinition"
            },
            {
              "$ref": "https://schema.management.azure.com/schemas/common/definitions.json#/definitions/expression"
            }
          ],
          "description": "The definition of a report config."
        },
        "deliveryInfo": {
          "oneOf": [
            {
              "$ref": "#/definitions/ReportConfigDeliveryInfo"
            },
            {
              "$ref": "https://schema.management.azure.com/schemas/common/definitions.json#/definitions/expression"
            }
          ],
          "description": "The delivery information associated with a report config."
        },
        "format": {
          "oneOf": [
            {
              "type": "string",
              "enum": [
                "Csv"
              ]
            },
            {
              "$ref": "https://schema.management.azure.com/schemas/common/definitions.json#/definitions/expression"
            }
          ],
          "description": "The format of the report being delivered."
        },
        "schedule": {
          "oneOf": [
            {
              "$ref": "#/definitions/ReportConfigSchedule"
            },
            {
              "$ref": "https://schema.management.azure.com/schemas/common/definitions.json#/definitions/expression"
            }
          ],
          "description": "The schedule associated with a report config."
        }
      },
      "required": [
        "definition",
        "deliveryInfo"
      ],
      "description": "The properties of the report config."
    },
    "ReportConfigRecurrencePeriod": {
      "type": "object",
      "properties": {
        "from": {
          "type": "string",
          "format": "date-time",
          "description": "The start date of recurrence."
        },
        "to": {
          "type": "string",
          "format": "date-time",
          "description": "The end date of recurrence. If not provided, we default this to 10 years from the start date."
        }
      },
      "required": [
        "from"
      ],
      "description": "The start and end date for recurrence schedule."
    },
    "ReportConfigSchedule": {
      "type": "object",
      "properties": {
        "recurrence": {
          "oneOf": [
            {
              "type": "string",
              "enum": [
                "Daily",
                "Weekly",
                "Monthly",
                "Annually"
              ]
            },
            {
              "$ref": "https://schema.management.azure.com/schemas/common/definitions.json#/definitions/expression"
            }
          ],
          "description": "The schedule recurrence."
        },
        "recurrencePeriod": {
          "oneOf": [
            {
              "$ref": "#/definitions/ReportConfigRecurrencePeriod"
            },
            {
              "$ref": "https://schema.management.azure.com/schemas/common/definitions.json#/definitions/expression"
            }
          ],
          "description": "The start and end date for recurrence schedule."
        },
        "status": {
          "oneOf": [
            {
              "type": "string",
              "enum": [
                "Active",
                "Inactive"
              ]
            },
            {
              "$ref": "https://schema.management.azure.com/schemas/common/definitions.json#/definitions/expression"
            }
          ],
          "description": "The status of the schedule. Whether active or not. If inactive, the report's scheduled execution is paused."
        }
      },
      "required": [
        "recurrence",
        "recurrencePeriod"
      ],
      "description": "The schedule associated with a report config."
    },
    "ReportConfigTimePeriod": {
      "type": "object",
      "properties": {
        "from": {
          "type": "string",
          "format": "date-time",
          "description": "The start date to pull data from."
        },
        "to": {
          "type": "string",
          "format": "date-time",
          "description": "The end date to pull data to."
        }
      },
      "required": [
        "from",
        "to"
      ],
      "description": "The start and end date for pulling data for the report."
    }
  }
}