{
  "id": "https://schema.management.azure.com/schemas/2016-03-01/Microsoft.Insights.json#",
  "$schema": "http://json-schema.org/draft-04/schema#",
  "title": "Microsoft.Insights",
  "description": "Microsoft Insights Resource Types",
  "resourceDefinitions": {
    "alertrules": {
      "type": "object",
      "properties": {
        "apiVersion": {
          "type": "string",
          "enum": [
            "2016-03-01"
          ]
        },
        "location": {
          "type": "string",
          "description": "Resource location"
        },
        "name": {
          "type": "string",
          "description": "The name of the rule."
        },
        "properties": {
          "oneOf": [
            {
              "$ref": "#/definitions/AlertRule"
            },
            {
              "$ref": "https://schema.management.azure.com/schemas/common/definitions.json#/definitions/expression"
            }
          ],
          "description": "An alert rule."
        },
        "tags": {
          "oneOf": [
            {
              "type": "object",
              "additionalProperties": {
                "type": "string"
              },
              "properties": {}
            },
            {
              "$ref": "https://schema.management.azure.com/schemas/common/definitions.json#/definitions/expression"
            }
          ],
          "description": "Resource tags"
        },
        "type": {
          "type": "string",
          "enum": [
            "Microsoft.Insights/alertrules"
          ]
        }
      },
      "required": [
        "apiVersion",
        "location",
        "name",
        "properties",
        "type"
      ],
      "description": "Microsoft.Insights/alertrules"
    }
  },
  "subscription_resourceDefinitions": {
    "logprofiles": {
      "type": "object",
      "properties": {
        "apiVersion": {
          "type": "string",
          "enum": [
            "2016-03-01"
          ]
        },
        "location": {
          "type": "string",
          "description": "Resource location"
        },
        "name": {
          "type": "string",
          "description": "The name of the log profile."
        },
        "properties": {
          "oneOf": [
            {
              "$ref": "#/definitions/LogProfileProperties"
            },
            {
              "$ref": "https://schema.management.azure.com/schemas/common/definitions.json#/definitions/expression"
            }
          ],
          "description": "The log profile properties."
        },
        "tags": {
          "oneOf": [
            {
              "type": "object",
              "additionalProperties": {
                "type": "string"
              },
              "properties": {}
            },
            {
              "$ref": "https://schema.management.azure.com/schemas/common/definitions.json#/definitions/expression"
            }
          ],
          "description": "Resource tags"
        },
        "type": {
          "type": "string",
          "enum": [
            "Microsoft.Insights/logprofiles"
          ]
        }
      },
      "required": [
        "apiVersion",
        "location",
        "name",
        "properties",
        "type"
      ],
      "description": "Microsoft.Insights/logprofiles"
    }
  },
  "definitions": {
    "AlertRule": {
      "type": "object",
      "properties": {
        "action": {
          "oneOf": [
            {
              "$ref": "#/definitions/RuleAction"
            },
            {
              "$ref": "https://schema.management.azure.com/schemas/common/definitions.json#/definitions/expression"
            }
          ],
          "description": "The action that is performed when the alert rule becomes active, and when an alert condition is resolved."
        },
        "actions": {
          "oneOf": [
            {
              "type": "array",
              "items": {
                "$ref": "#/definitions/RuleAction"
              }
            },
            {
              "$ref": "https://schema.management.azure.com/schemas/common/definitions.json#/definitions/expression"
            }
          ],
          "description": "the array of actions that are performed when the alert rule becomes active, and when an alert condition is resolved."
        },
        "condition": {
          "oneOf": [
            {
              "$ref": "#/definitions/RuleCondition"
            },
            {
              "$ref": "https://schema.management.azure.com/schemas/common/definitions.json#/definitions/expression"
            }
          ],
          "description": "The condition that results in the alert rule being activated."
        },
        "description": {
          "type": "string",
          "description": "the description of the alert rule that will be included in the alert email."
        },
        "isEnabled": {
          "oneOf": [
            {
              "type": "boolean"
            },
            {
              "$ref": "https://schema.management.azure.com/schemas/common/definitions.json#/definitions/expression"
            }
          ],
          "description": "the flag that indicates whether the alert rule is enabled."
        },
        "name": {
          "type": "string",
          "description": "the name of the alert rule."
        },
        "provisioningState": {
          "type": "string",
          "description": "the provisioning state."
        }
      },
      "required": [
        "condition",
        "isEnabled",
        "name"
      ],
      "description": "An alert rule."
    },
    "LocationThresholdRuleCondition": {
      "type": "object",
      "properties": {
        "failedLocationCount": {
          "oneOf": [
            {
              "type": "integer",
              "minimum": 0
            },
            {
              "$ref": "https://schema.management.azure.com/schemas/common/definitions.json#/definitions/expression"
            }
          ],
          "description": "the number of locations that must fail to activate the alert."
        },
        "odata.type": {
          "type": "string",
          "enum": [
            "Microsoft.Azure.Management.Insights.Models.LocationThresholdRuleCondition"
          ]
        },
        "windowSize": {
          "type": "string",
          "format": "duration",
          "description": "the period of time (in ISO 8601 duration format) that is used to monitor alert activity based on the threshold. If specified then it must be between 5 minutes and 1 day."
        }
      },
      "required": [
        "failedLocationCount",
        "odata.type"
      ],
      "description": "A rule condition based on a certain number of locations failing."
    },
    "LogProfileProperties": {
      "type": "object",
      "properties": {
        "categories": {
          "oneOf": [
            {
              "type": "array",
              "items": {
                "type": "string"
              }
            },
            {
              "$ref": "https://schema.management.azure.com/schemas/common/definitions.json#/definitions/expression"
            }
          ],
          "description": "the categories of the logs. These categories are created as is convenient to the user. Some values are: 'Write', 'Delete', and/or 'Action.'"
        },
        "locations": {
          "oneOf": [
            {
              "type": "array",
              "items": {
                "type": "string"
              }
            },
            {
              "$ref": "https://schema.management.azure.com/schemas/common/definitions.json#/definitions/expression"
            }
          ],
          "description": "List of regions for which Activity Log events should be stored or streamed. It is a comma separated list of valid ARM locations including the 'global' location."
        },
        "retentionPolicy": {
          "oneOf": [
            {
              "$ref": "#/definitions/RetentionPolicy"
            },
            {
              "$ref": "https://schema.management.azure.com/schemas/common/definitions.json#/definitions/expression"
            }
          ],
          "description": "Specifies the retention policy for the log."
        },
        "serviceBusRuleId": {
          "type": "string",
          "description": "The service bus rule ID of the service bus namespace in which you would like to have Event Hubs created for streaming the Activity Log. The rule ID is of the format: '{service bus resource ID}/authorizationrules/{key name}'."
        },
        "storageAccountId": {
          "type": "string",
          "description": "the resource id of the storage account to which you would like to send the Activity Log."
        }
      },
      "required": [
        "categories",
        "locations",
        "retentionPolicy"
      ],
      "description": "The log profile properties."
    },
    "ManagementEventAggregationCondition": {
      "type": "object",
      "properties": {
        "operator": {
          "oneOf": [
            {
              "type": "string",
              "enum": [
                "GreaterThan",
                "GreaterThanOrEqual",
                "LessThan",
                "LessThanOrEqual"
              ]
            },
            {
              "$ref": "https://schema.management.azure.com/schemas/common/definitions.json#/definitions/expression"
            }
          ],
          "description": "the condition operator."
        },
        "threshold": {
          "oneOf": [
            {
              "type": "number"
            },
            {
              "$ref": "https://schema.management.azure.com/schemas/common/definitions.json#/definitions/expression"
            }
          ],
          "description": "The threshold value that activates the alert."
        },
        "windowSize": {
          "type": "string",
          "format": "duration",
          "description": "the period of time (in ISO 8601 duration format) that is used to monitor alert activity based on the threshold. If specified then it must be between 5 minutes and 1 day."
        }
      },
      "description": "How the data that is collected should be combined over time."
    },
    "ManagementEventRuleCondition": {
      "type": "object",
      "properties": {
        "aggregation": {
          "oneOf": [
            {
              "$ref": "#/definitions/ManagementEventAggregationCondition"
            },
            {
              "$ref": "https://schema.management.azure.com/schemas/common/definitions.json#/definitions/expression"
            }
          ],
          "description": "How the data that is collected should be combined over time."
        },
        "odata.type": {
          "type": "string",
          "enum": [
            "Microsoft.Azure.Management.Insights.Models.ManagementEventRuleCondition"
          ]
        }
      },
      "required": [
        "odata.type"
      ],
      "description": "A management event rule condition."
    },
    "RetentionPolicy": {
      "type": "object",
      "properties": {
        "days": {
          "oneOf": [
            {
              "type": "integer",
              "minimum": 0
            },
            {
              "$ref": "https://schema.management.azure.com/schemas/common/definitions.json#/definitions/expression"
            }
          ],
          "description": "the number of days for the retention in days. A value of 0 will retain the events indefinitely."
        },
        "enabled": {
          "oneOf": [
            {
              "type": "boolean"
            },
            {
              "$ref": "https://schema.management.azure.com/schemas/common/definitions.json#/definitions/expression"
            }
          ],
          "description": "a value indicating whether the retention policy is enabled."
        }
      },
      "required": [
        "days",
        "enabled"
      ],
      "description": "Specifies the retention policy for the log."
    },
    "RuleAction": {
      "type": "object",
      "oneOf": [
        {
          "$ref": "#/definitions/RuleEmailAction"
        },
        {
          "$ref": "#/definitions/RuleWebhookAction"
        }
      ],
      "properties": {},
      "description": "The action that is performed when the alert rule becomes active, and when an alert condition is resolved."
    },
    "RuleCondition": {
      "type": "object",
      "oneOf": [
        {
          "$ref": "#/definitions/ThresholdRuleCondition"
        },
        {
          "$ref": "#/definitions/LocationThresholdRuleCondition"
        },
        {
          "$ref": "#/definitions/ManagementEventRuleCondition"
        }
      ],
      "properties": {
        "dataSource": {
          "oneOf": [
            {
              "$ref": "#/definitions/RuleDataSource"
            },
            {
              "$ref": "https://schema.management.azure.com/schemas/common/definitions.json#/definitions/expression"
            }
          ],
          "description": "The resource from which the rule collects its data."
        }
      },
      "description": "The condition that results in the alert rule being activated."
    },
    "RuleDataSource": {
      "type": "object",
      "oneOf": [
        {
          "$ref": "#/definitions/RuleMetricDataSource"
        },
        {
          "$ref": "#/definitions/RuleManagementEventDataSource"
        }
      ],
      "properties": {
        "legacyResourceId": {
          "type": "string",
          "description": "the legacy resource identifier of the resource the rule monitors. **NOTE**: this property cannot be updated for an existing rule."
        },
        "metricNamespace": {
          "type": "string",
          "description": "the namespace of the metric."
        },
        "resourceLocation": {
          "type": "string",
          "description": "the location of the resource."
        },
        "resourceUri": {
          "type": "string",
          "description": "the resource identifier of the resource the rule monitors. **NOTE**: this property cannot be updated for an existing rule."
        }
      },
      "description": "The resource from which the rule collects its data."
    },
    "RuleEmailAction": {
      "type": "object",
      "properties": {
        "customEmails": {
          "oneOf": [
            {
              "type": "array",
              "items": {
                "type": "string"
              }
            },
            {
              "$ref": "https://schema.management.azure.com/schemas/common/definitions.json#/definitions/expression"
            }
          ],
          "description": "the list of administrator's custom email addresses to notify of the activation of the alert."
        },
        "odata.type": {
          "type": "string",
          "enum": [
            "Microsoft.Azure.Management.Insights.Models.RuleEmailAction"
          ]
        },
        "sendToServiceOwners": {
          "oneOf": [
            {
              "type": "boolean"
            },
            {
              "$ref": "https://schema.management.azure.com/schemas/common/definitions.json#/definitions/expression"
            }
          ],
          "description": "Whether the administrators (service and co-administrators) of the service should be notified when the alert is activated."
        }
      },
      "required": [
        "odata.type"
      ],
      "description": "Specifies the action to send email when the rule condition is evaluated. The discriminator is always RuleEmailAction in this case."
    },
    "RuleManagementEventClaimsDataSource": {
      "type": "object",
      "properties": {
        "emailAddress": {
          "type": "string",
          "description": "the email address."
        }
      },
      "description": "The claims for a rule management event data source."
    },
    "RuleManagementEventDataSource": {
      "type": "object",
      "properties": {
        "claims": {
          "oneOf": [
            {
              "$ref": "#/definitions/RuleManagementEventClaimsDataSource"
            },
            {
              "$ref": "https://schema.management.azure.com/schemas/common/definitions.json#/definitions/expression"
            }
          ],
          "description": "The claims for a rule management event data source."
        },
        "eventName": {
          "type": "string",
          "description": "the event name."
        },
        "eventSource": {
          "type": "string",
          "description": "the event source."
        },
        "level": {
          "type": "string",
          "description": "the level."
        },
        "odata.type": {
          "type": "string",
          "enum": [
            "Microsoft.Azure.Management.Insights.Models.RuleManagementEventDataSource"
          ]
        },
        "operationName": {
          "type": "string",
          "description": "The name of the operation that should be checked for. If no name is provided, any operation will match."
        },
        "resourceGroupName": {
          "type": "string",
          "description": "the resource group name."
        },
        "resourceProviderName": {
          "type": "string",
          "description": "the resource provider name."
        },
        "status": {
          "type": "string",
          "description": "The status of the operation that should be checked for. If no status is provided, any status will match."
        },
        "subStatus": {
          "type": "string",
          "description": "the substatus."
        }
      },
      "required": [
        "odata.type"
      ],
      "description": "A rule management event data source. The discriminator fields is always RuleManagementEventDataSource in this case."
    },
    "RuleMetricDataSource": {
      "type": "object",
      "properties": {
        "metricName": {
          "type": "string",
          "description": "the name of the metric that defines what the rule monitors."
        },
        "odata.type": {
          "type": "string",
          "enum": [
            "Microsoft.Azure.Management.Insights.Models.RuleMetricDataSource"
          ]
        }
      },
      "required": [
        "odata.type"
      ],
      "description": "A rule metric data source. The discriminator value is always RuleMetricDataSource in this case."
    },
    "RuleWebhookAction": {
      "type": "object",
      "properties": {
        "odata.type": {
          "type": "string",
          "enum": [
            "Microsoft.Azure.Management.Insights.Models.RuleWebhookAction"
          ]
        },
        "properties": {
          "oneOf": [
            {
              "type": "object",
              "additionalProperties": {
                "type": "string"
              },
              "properties": {}
            },
            {
              "$ref": "https://schema.management.azure.com/schemas/common/definitions.json#/definitions/expression"
            }
          ],
          "description": "the dictionary of custom properties to include with the post operation. These data are appended to the webhook payload."
        },
        "serviceUri": {
          "type": "string",
          "description": "the service uri to Post the notification when the alert activates or resolves."
        }
      },
      "required": [
        "odata.type"
      ],
      "description": "Specifies the action to post to service when the rule condition is evaluated. The discriminator is always RuleWebhookAction in this case."
    },
    "ThresholdRuleCondition": {
      "type": "object",
      "properties": {
        "odata.type": {
          "type": "string",
          "enum": [
            "Microsoft.Azure.Management.Insights.Models.ThresholdRuleCondition"
          ]
        },
        "operator": {
          "oneOf": [
            {
              "type": "string",
              "enum": [
                "GreaterThan",
                "GreaterThanOrEqual",
                "LessThan",
                "LessThanOrEqual"
              ]
            },
            {
              "$ref": "https://schema.management.azure.com/schemas/common/definitions.json#/definitions/expression"
            }
          ],
          "description": "the operator used to compare the data and the threshold."
        },
        "threshold": {
          "oneOf": [
            {
              "type": "number"
            },
            {
              "$ref": "https://schema.management.azure.com/schemas/common/definitions.json#/definitions/expression"
            }
          ],
          "description": "the threshold value that activates the alert."
        },
        "timeAggregation": {
          "oneOf": [
            {
              "type": "string",
              "enum": [
                "Average",
                "Minimum",
                "Maximum",
                "Total",
                "Last"
              ]
            },
            {
              "$ref": "https://schema.management.azure.com/schemas/common/definitions.json#/definitions/expression"
            }
          ],
          "description": "the time aggregation operator. How the data that are collected should be combined over time. The default value is the PrimaryAggregationType of the Metric."
        },
        "windowSize": {
          "type": "string",
          "format": "duration",
          "description": "the period of time (in ISO 8601 duration format) that is used to monitor alert activity based on the threshold. If specified then it must be between 5 minutes and 1 day."
        }
      },
      "required": [
        "odata.type",
        "operator",
        "threshold"
      ],
      "description": "A rule condition based on a metric crossing a threshold."
    }
  }
}