{
  "id": "https://schema.management.azure.com/schemas/2018-06-01-preview/Microsoft.Blockchain.json#",
  "$schema": "http://json-schema.org/draft-04/schema#",
  "title": "Microsoft.Blockchain",
  "description": "Microsoft Blockchain Resource Types",
  "resourceDefinitions": {
    "blockchainMembers": {
      "type": "object",
      "properties": {
        "apiVersion": {
          "type": "string",
          "enum": [
            "2018-06-01-preview"
          ]
        },
        "location": {
          "type": "string",
          "description": "The GEO location of the blockchain service."
        },
        "name": {
          "type": "string",
          "description": "Blockchain member name."
        },
        "properties": {
          "oneOf": [
            {
              "$ref": "#/definitions/BlockchainMemberProperties"
            },
            {
              "$ref": "https://schema.management.azure.com/schemas/common/definitions.json#/definitions/expression"
            }
          ],
          "description": "Payload of the blockchain member properties for a blockchain member."
        },
        "resources": {
          "type": "array",
          "items": {
            "oneOf": [
              {
                "$ref": "#/definitions/blockchainMembers_transactionNodes_childResource"
              }
            ]
          }
        },
        "sku": {
          "oneOf": [
            {
              "$ref": "#/definitions/Sku"
            },
            {
              "$ref": "https://schema.management.azure.com/schemas/common/definitions.json#/definitions/expression"
            }
          ],
          "description": "Blockchain member Sku in payload"
        },
        "tags": {
          "oneOf": [
            {
              "type": "object",
              "additionalProperties": {
                "type": "string"
              },
              "properties": {}
            },
            {
              "$ref": "https://schema.management.azure.com/schemas/common/definitions.json#/definitions/expression"
            }
          ],
          "description": "Tags of the service which is a list of key value pairs that describes the resource."
        },
        "type": {
          "type": "string",
          "enum": [
            "Microsoft.Blockchain/blockchainMembers"
          ]
        }
      },
      "required": [
        "apiVersion",
        "name",
        "properties",
        "type"
      ],
      "description": "Microsoft.Blockchain/blockchainMembers"
    },
    "blockchainMembers_transactionNodes": {
      "type": "object",
      "properties": {
        "apiVersion": {
          "type": "string",
          "enum": [
            "2018-06-01-preview"
          ]
        },
        "location": {
          "type": "string",
          "description": "Gets or sets the transaction node location."
        },
        "name": {
          "type": "string",
          "description": "Transaction node name."
        },
        "properties": {
          "oneOf": [
            {
              "$ref": "#/definitions/TransactionNodeProperties"
            },
            {
              "$ref": "https://schema.management.azure.com/schemas/common/definitions.json#/definitions/expression"
            }
          ],
          "description": "Payload of transaction node properties payload in the transaction node payload."
        },
        "type": {
          "type": "string",
          "enum": [
            "Microsoft.Blockchain/blockchainMembers/transactionNodes"
          ]
        }
      },
      "required": [
        "apiVersion",
        "name",
        "properties",
        "type"
      ],
      "description": "Microsoft.Blockchain/blockchainMembers/transactionNodes"
    }
  },
  "definitions": {
    "BlockchainMemberNodesSku": {
      "type": "object",
      "properties": {
        "capacity": {
          "oneOf": [
            {
              "type": "integer"
            },
            {
              "$ref": "https://schema.management.azure.com/schemas/common/definitions.json#/definitions/expression"
            }
          ],
          "description": "Gets or sets the nodes capacity."
        }
      },
      "description": "Payload of the blockchain member nodes Sku for a blockchain member."
    },
    "BlockchainMemberProperties": {
      "type": "object",
      "properties": {
        "consortium": {
          "type": "string",
          "description": "Gets or sets the consortium for the blockchain member."
        },
        "consortiumManagementAccountPassword": {
          "type": "string",
          "description": "Sets the managed consortium management account password."
        },
        "consortiumMemberDisplayName": {
          "type": "string",
          "description": "Gets the display name of the member in the consortium."
        },
        "consortiumRole": {
          "type": "string",
          "description": "Gets the role of the member in the consortium."
        },
        "firewallRules": {
          "oneOf": [
            {
              "type": "array",
              "items": {
                "$ref": "#/definitions/FirewallRule"
              }
            },
            {
              "$ref": "https://schema.management.azure.com/schemas/common/definitions.json#/definitions/expression"
            }
          ],
          "description": "Gets or sets firewall rules"
        },
        "password": {
          "type": "string",
          "description": "Sets the basic auth password of the blockchain member."
        },
        "protocol": {
          "oneOf": [
            {
              "type": "string",
              "enum": [
                "NotSpecified",
                "Parity",
                "Quorum",
                "Corda"
              ]
            },
            {
              "$ref": "https://schema.management.azure.com/schemas/common/definitions.json#/definitions/expression"
            }
          ],
          "description": "Gets or sets the blockchain protocol."
        },
        "validatorNodesSku": {
          "oneOf": [
            {
              "$ref": "#/definitions/BlockchainMemberNodesSku"
            },
            {
              "$ref": "https://schema.management.azure.com/schemas/common/definitions.json#/definitions/expression"
            }
          ],
          "description": "Payload of the blockchain member nodes Sku for a blockchain member."
        }
      },
      "description": "Payload of the blockchain member properties for a blockchain member."
    },
    "blockchainMembers_transactionNodes_childResource": {
      "type": "object",
      "properties": {
        "apiVersion": {
          "type": "string",
          "enum": [
            "2018-06-01-preview"
          ]
        },
        "location": {
          "type": "string",
          "description": "Gets or sets the transaction node location."
        },
        "name": {
          "type": "string",
          "description": "Transaction node name."
        },
        "properties": {
          "oneOf": [
            {
              "$ref": "#/definitions/TransactionNodeProperties"
            },
            {
              "$ref": "https://schema.management.azure.com/schemas/common/definitions.json#/definitions/expression"
            }
          ],
          "description": "Payload of transaction node properties payload in the transaction node payload."
        },
        "type": {
          "type": "string",
          "enum": [
            "transactionNodes"
          ]
        }
      },
      "required": [
        "apiVersion",
        "name",
        "properties",
        "type"
      ],
      "description": "Microsoft.Blockchain/blockchainMembers/transactionNodes"
    },
    "FirewallRule": {
      "type": "object",
      "properties": {
        "endIpAddress": {
          "type": "string",
          "description": "Gets or sets the end IP address of the firewall rule range."
        },
        "ruleName": {
          "type": "string",
          "description": "Gets or sets the name of the firewall rules."
        },
        "startIpAddress": {
          "type": "string",
          "description": "Gets or sets the start IP address of the firewall rule range."
        }
      },
      "description": "Ip range for firewall rules"
    },
    "Sku": {
      "type": "object",
      "properties": {
        "name": {
          "type": "string",
          "description": "Gets or sets Sku name"
        },
        "tier": {
          "type": "string",
          "description": "Gets or sets Sku tier"
        }
      },
      "description": "Blockchain member Sku in payload"
    },
    "TransactionNodeProperties": {
      "type": "object",
      "properties": {
        "firewallRules": {
          "oneOf": [
            {
              "type": "array",
              "items": {
                "$ref": "#/definitions/FirewallRule"
              }
            },
            {
              "$ref": "https://schema.management.azure.com/schemas/common/definitions.json#/definitions/expression"
            }
          ],
          "description": "Gets or sets the firewall rules."
        },
        "password": {
          "type": "string",
          "description": "Sets the transaction node dns endpoint basic auth password."
        }
      },
      "description": "Payload of transaction node properties payload in the transaction node payload."
    }
  }
}